:020000041000EA
:1000000000B5324B212058609868022188439860DF
:10001000D860186158612E4B002199600421596104
:100020000121F02299502B49196001219960352056
:1000300000F044F80222904214D00621196600F024
:1000400034F8196E01211966002018661A6600F04E
:100050002CF8196E196E196E052000F02FF8012189
:100060000842F9D1002199601B49196000215960AB
:100070001A491B48016001219960EB211966A021F2
:10008000196600F012F800219960164914480160C1
:100090000121996001BC002800D000471248134993
:1000A000086003C880F30888084703B5996A0420EC
:1000B0000142FBD001200142F8D103BD02B5186610
:1000C0001866FFF7F2FF186E186E02BD00000240BE
:1000D000000000180000070000035F00212200005C
:1000E000F4000018222000A00001001008ED00E03C
:1000F000000000000000000000000000070B8FD58A
:10010000C02600204D3D00102F7C0010393D00100E
:1001100000000000000000000000000000000000DF
:10012000000000000000000000000000293E001058
:100130000000000000000000B93D00100554001050
:10014000993F0010993F0010993F0010993F00100F
:10015000993F0010993F0010993F0010993F0010FF
:10016000993F0010993F0010993F0010993F0010EF
:10017000993F0010993F0010993F0010993F0010DF
:10018000993F0010993F0010993F0010993F0010CF
:10019000993F0010993F0010993F0010993F0010BF
:0801A000993F0010993F001087
:1001A80002B4714649084900095649008E4402BC08
:1001B8007047C04602B4714649084900095C4900C5
:1001C8008E4402BC7047C04603B4714649084000DB
:1001D8004900095A49008E4403BC7047002934D0AD
:1001E8000123002210B488422CD301242407A14201
:1001F80004D2814202D209011B01F8E7E400A142BE
:1002080004D2814202D249005B00F8E7884201D358
:10021800401A1A434C08A04202D3001B5C08224330
:100228008C08A04202D3001B9C082243CC08A042A1
:1002380002D3001BDC082243002803D01B0901D08D
:100248000909E3E7100010BC704701B5002000F071
:100258005FF802BD0029F8D003B5FFF7C1FF0EBC57
:100268004243891A1847C046002941D010B40400F7
:100278004C40A44601230022002900D54942002809
:1002880000D5404288422CD301242407A14204D23D
:10029800814202D209011B01F8E7E400A14204D21D
:1002A800814202D249005B00F8E7884201D3401A34
:1002B8001A434C08A04202D3001B5C0822438C0856
:1002C800A04202D3001B9C082243CC08A04202D3C0
:1002D800001BDC082243002803D01B0901D00909B0
:1002E800E3E710006446002C00D5404210BC70477C
:1002F80001B5002000F00CF802BDC0460029F7D077
:1003080003B5FFF7B3FF0EBC4243891A1847C0462E
:100318007047C046D0400B00D1409C46203AD3409D
:100328001843524263469340184370471C210123E7
:100338001B04984201D3000C10391B0A984201D3C0
:10034800000A08391B09984201D30009043902A29E
:10035800105C40187047C046040302020101010105
:100368000000000000000000414208401C21012359
:100378001B04984201D3000C10391B0A984201D380
:10038800000A08391B09984201D30009043902A25E
:10039800105C401A7047C0461B1C1D1D1E1E1E1EE9
:1003A8001F1F1F1F1F1F1F1F002B11D1002A0FD136
:1003B800002900D1002802D00021C943080007B451
:1003C800024802A14018029003BDC04645FFFFFF46
:1003D80003B4684601B5029801F067F9019B9E468F
:1003E80002B00CBC7047C0464A02F8B5430244004C
:1003F800C50F500A84464800240E000E5F0AC90F34
:100408009B099209261A8D4200D09EE0002E42DDFB
:100418008021C90400281ED1002A0AD0661E012C9A
:1004280005D19B1801340B4246D1013C01E0FF2C59
:1004380014D15A0704D00F221A40042A00D00433DA
:100448005A0100D42EE101340026FF2C19D09D4E0C
:10045800DB081E4015E0FF2CEBD00A431B2E01DD04
:100468000133E6E72020801B11008240F140501E36
:1004780082410A439B185A01DBD501340026FF2C20
:100488001AD1FF23E005DB057602760A18403043CF
:10049800ED072843F8BD002E2ED08026011BF60458
:1004A800002C14D1002B00D1F3E04C1E01290AD1F5
:1004B8009B1802243342B8D0012283491A405B08B2
:1004C8000B401343B5E7FF2906D11300AEE0FF2820
:1004D80000D1E0E00C0033431B2C02DD531C040068
:1004E800A7E719002026E140341BA3405C1EA34166
:1004F8000B4304009B18BEE7FE20611C01421ED17D
:10050800002C0DD1002B00D1C7E0002A00D190E7C4
:100518009B185A0100D48CE76C4A13400C0088E7FA
:10052800002BD2D0FF24002A00D182E78023DB03EE
:100538009F4202D39C4500D26746FB0076E00C0040
:10054800FF299ED09B185B0873E7002E25DD002845
:100558001CD1002A00D16CE7661E012C06D19B1A1B
:100568005A0100D465E79B019E0975E0FF2C00D174
:100578005FE701211B2E07DC2020801B1100824031
:10058800F140501E824111435B1AE9E7FF2C00D16C
:100598004FE78021C9040A43EBE7002E25D0051B4D
:1005A800002C0DD1002B08D06E1E012D03D10D009B
:1005B800D31A0134D4E7FF2D08D113002C0021E011
:1005C800FF286CD080242E00E404234301241B2E32
:1005D80007DC2025AD1B1C00AB40F4405D1EAB4181
:1005E8001C43131B0D000400BAE7FE26601C3042B2
:1005F8002DD1002C14D1002B06D125002600131E66
:1006080000D13EE70D0014E7002A00D111E79E1A39
:10061800D31A7001F6D4331E00D00AE7350030E74C
:10062800002B05D1002A49D013000D00FF2400E754
:10063800FF24002A00D1FCE68023DB039F4200D27E
:100648007BE79C4500D378E767460D0075E79E1A5F
:10065800700115D50D00D61A3000FFF767FE33007C
:1006680005388340844210DC2022001B0130121A16
:1006780019009340C1405A1E934100240B43D8E609
:10068800002EE9D135003400FBE6104A241A134045
:10069800CFE6130042E7130021E71300C9E6130071
:1006A8000400AFE7DE08FF2C00D0EAE6002E00D1F8
:1006B800E7E68023DB03FF241E43E2E680261500DD
:1006C800F603F6E7FFFF7F1FFFFFFF7DFFFFFFFB3E
:1006D800F0B5C30F85B0440245000F1C640A2D0E07
:1006E800039302930AD0FF2D3BD08023E400DB0460
:1006F8001C4300237F3D019500930EE001230194E4
:100708000093002C09D02000FFF710FE431F9C40E7
:1007180076235B421B1A019300957D027E006D0AC9
:10072800360EFF0F002E23D0FF2E2ED08023ED0093
:10073800DB041D4333007F3B002201980399C31A51
:10074800009879408000104301380E2823D8FFF71D
:1007580031FD4D9973999299734D4D927361616111
:100768005300022301950093002CD6D00133C3E730
:100778002B000122002DE0D02800FFF7D7FD431FF2
:100788009D4076235B421B1AD6E733000222002DD8
:10079800D3D00132D1E764016D01AC4228D31A20CD
:1007A8000122641B0126270052006400002F01DB90
:1007B800A54201D8641B324301380028F3D1601EDA
:1007C8008441144318007F30002838DD620704D0C4
:1007D8000F222240042A00D00434220103D580339A
:1007E80018002B4A1440E508FE281DDD00250FE0FF
:1007F8001B200022013BD5E78023DB031C4203D0EA
:100808001D4201D12C00029780250299ED03254352
:10081800FF2009E00399009A022AE7D0032A2FD083
:1008280000252800012ACDD16D026D0AC005284394
:10083800C907084305B0F0BD2C003900ECE70122D8
:100848000025121A28001B2AEEDC9E3325009C4046
:10085800D540631E9C4125436B0704D00F232B40D2
:10086800042B00D0043580232800DB0418401D42E7
:100878000BD1ED08D8E780240023E4030293C3E7F3
:100888000291C1E700252800CEE700250120CBE72B
:10089800FFFFFFF7F0B5C30F85B047024400029190
:1008A8007F0A240E03930AD0FF2C71D080227F3C4C
:1008B80026000023FF00D204174301930CE0012314
:1008C8003E1E019308D03800FFF730FD7626431FFF
:1008D8009F407642361A0194029B5C025D00DB0F52
:1008E800640A2D0E02935AD0FF2D64D0802328006D
:1008F800E400DB041C437F3800230299039A4A4032
:10090800811901988C46850001311D430A2D00DDAF
:1009180078E0022D55DC013D012D63D9250CA4B2E8
:1009280026003B0CB8B246435C4368436B4300194E
:100938001F00330C1B189C4202D9802040023F182C
:100948001804B6B28619B401601E84411B0CB60E99
:10095800DB1934439B011C431B0168D50123600844
:100968001C40044308007F30002862DD630704D080
:100978000F232340042B00D00434230103D58031F6
:1009880008003E4B1C40E508FE2833DD00254CE0FE
:10099800022326000193002F9ED001338DE720000B
:1009A8000123002CA9D0FFF7C1FC431F9C407623EC
:1009B8005B42181AA0E728000223002C9DD00133BF
:1009C8009BE70120A840A6250600ED002E402842FE
:1009D8001DD19025AD00284247D1B93DFF3D2842A1
:1009E8009CD0029A022BD1D0032B42D0002528009C
:1009F800012BB7D16D026D0AC0052843D2071043F9
:100A080005B0F0BD039A0F2D04D00B2DE9D03C00A2
:100A1800019BE7E78023DB031F4203D01C4201D17F
:100A28002700029A8025ED033D43FF20E2E7614657
:100A380098E7012300251B1A28001B2BDADC9E31BE
:100A480025008C40DD40631E9C4125436B0704D084
:100A58000F232B40042B00D0043580232800DB040F
:100A680018401D4207D1ED08C4E780273200FF0374
:100A7800D8E72700D6E700250120BBE7FFFFFFF7EF
:100A880041024300C20F490A00201B0E7E2B03DDE2
:100A98009D2B02DD084BD0187047802000040843C6
:100AA800952B05DD963B9840002AF5D04042F3E7A8
:100AB8009621CB1AD840F7E7FFFFFF7F002370B5D8
:100AC8000400984209D0FFF731FC9E231B1A962B8D
:100AD80008DC082829D0083884406402D805640A4C
:100AE800204370BD992B1BDD020021001B32914071
:100AF8000A00511E8A410521091ACC4014432200DC
:100B08000B4D2A40610704D00F212140042900D051
:100B18000432510102D59F232A401B1AD408DCE76E
:100B2800421F0528EBD09440E9E79623D5E7C04655
:100B3800FFFFFFFBF0B587B004920593CB0F01933D
:100B4800059B0D034C006D0A410F5F0029431D03EF
:100B58007B0D0293059B6D0ADB0F0393049B049A9C
:100B68005B0F2B43019E029D039F640DC000D200C2
:100B7800651BBE4200D02CE1BB4EB446002D00DC04
:100B880070E0029E002E1ED11E00164300D19BE28B
:100B98006E1E012D13D1821882428041C91840422D
:100BA8000918012410000B0200D472E00224AF4B94
:100BB80042080B40012101400A43D80706E1654578
:100BC8001CD1A94C65E0644563D0382D47DC8026EC
:100BD800360433432E001F2E2FDC20251F00AD1BAB
:100BE800AF4002953D001700F7402F43029DF340A8
:100BF800AA40551EAA411D00174303E00127029D84
:100C0800382EE8DD3F1887428041691840420918AC
:100C180038000B023DD5002501342F006445C6D1AC
:100C2800934B24051C403B031B0B1C43019B2800D2
:100C3800DB071C43210007B0F0BD35001F00203D35
:100C4800EF403D000027202E03D04037BF1BBB409C
:100C58001F0017437B1E9F412F430025D2E7002525
:100C68000127CFE7002D6FD0029D2E1B002C30D11D
:100C78000D00054300D121E2751E012E24D18018F4
:100C880090429241C9185242891801340B0200D58A
:100C98008CE7430709D00F230340042B05D0031D1D
:100CA800834280414042091818006F4B0A0200D461
:100CB80010E2002501342F009C42B1D06B4BC008D4
:100CC8000B405D070543F2E166451DD11900100090
:100CD80077E7029C6445F9D0382E32DC8024350051
:100CE800240421431F2D1ADC20240E00671BBE405C
:100CF80034000600B840EE4034430600E940701E58
:100D0800864126430C0002E00126382DEADDB018A2
:100D180090429241E4185242A118029C79E72C00B3
:100D28000E00203CE64034000026202D03D040363B
:100D3800761BB1400E000643711E8E4126430024E7
:100D4800E5E700240126E2E74A4F661C3E4230D11F
:100D58000D000543002C12D1002D00D1B1E11D007A
:100D6800154396D0821882428041C918404209181A
:100D780010000B028DD53D4B1940340089E7002D3A
:100D8800A4D01D006446154383D080254C07C008B5
:100D9800C9082D032043294206D0DC082C4203D180
:100DA8002100D0085B071843CB00410F1943C0004E
:100DB80007E734002F00664500D131E782188242E8
:100DC8008041CB1840421B18D807520810435908D5
:100DD8005FE7002D65DD029E002E25D11E0016431B
:100DE80000D171E16E1E012D0ED1821A9042804110
:100DF800C91A4042091A012410000B0200D448E71E
:100E0800490206004D0A07E1174FBD4200D1D8E656
:100E18000125029F382E11DD451BA8428041C91BC0
:100E28004042091A2800E8E70F4EB44200D130E7E3
:100E3800382D33DC8026360433432E001F2E1BDC6E
:100E48002027BD1B02951D00029FF340BD40AC4604
:100E580015006746F5403D43029FBA40571EBA4108
:100E68001F001543D8E7C046FF070000FFFF7FFFBC
:100E78000000F07FFE07000035001F00203DEF4016
:100E88003D000027202E03D04037BE1BB3401F0073
:100E980017437B1E9F413D430027BDE700270125DF
:100EA800BAE7002D59D0029D2E1B002C16D10D003B
:100EB80005430FD0751E012E09D1101A82429241A6
:100EC800591A039B5242891A0193013495E78E4FB0
:100ED800BE4221D119001000340050E08A4C029D16
:100EE800A54200D1F2E0382E34DC802435002404F9
:100EF80021431F2D1DDC20260C00761BB440A44680
:100F08000400B040EC406746461EB041E9403C430F
:100F1800044326000C0002E00126382DE9DD901B71
:100F2800824292411C1B039B5242A11A0193029CCC
:100F380063E72C000E00203CE6400024202D03D05F
:100F48004034641BA1400C000443611E8C412643BD
:100F58000024E4E700240126E1E76C4E651C3542D5
:100F68004AD10D001F0005431743002C23D1002D43
:100F780008D13D1E019700D152E619001000039BCD
:100F8800019386E6002F00D183E6861AB042BF415E
:100F9800CD1A7F42ED1B2F0206D5101A82429241CC
:100FA800591A5242891AEAE737002F4300D1A5E0BF
:100FB800290030006DE6002D07D1002F00D194E004
:100FC8001900039B10000193FBE5002F00D1F8E501
:100FD80080254C07C008C9082D032043294200D1A9
:100FE800E2E6DC082C4200D0DEE65B07D0081843B6
:100FF800039B21000193D7E6861AB042BF41CD1A60
:101008007F42ED1B2F0228D5161AB24292415B1A75
:1010180052429D1A039B0193002D25D02800FFF70B
:1010280085F90300083B20223100D21A9D40D140A7
:10103800294335009D409C423BDC1A1B013220238A
:1010480008009B1A2C009D409840D4406B1E9D417F
:10105800D1402043284300241BE637002F43DBD12F
:101068003D003C000197DBE53000FFF75FF9030026
:1010780018331F2BD7DD3100083881409C4212DC21
:101088001B1B5A1C1F2ADADD0C001F3BDC40280002
:10109800202A03D040239B1A99400800431E9841F8
:1010A80000212043D7E7E41A194B0B405D07DF08FE
:1010B800B6E5E41A164B28001940EAE519001000B5
:1010C8005BE619001000E4E52C00E2E519001000C9
:1010D800029C54E74A07C70817433D00C9089C42C9
:1010E8000FD10D4304D12F009AE580210197090300
:1010F8003D0080273F03044C0F4391E53D000197D5
:101108008EE50F008CE5C046FF070000FE070000D3
:10111800FFFF7FFFF0B589B0009201930D03CA0F5E
:101128004B00060004002D0B5B0D0692059244D07F
:101138005B4A93426AD0420FED00154380221204A5
:101148002A430292574AC4009F180026019B019A1D
:101158001D03D20F5B0000982D0B5B0D079265D025
:101168004F4A934200D188E0ED004E49420F2A438E
:1011780080255B189C462D041543C2000021079B5F
:101188000698584063460490B0000843FB1A01389B
:1011980003930E2800D989E0FFF716F87E0028028D
:1011A800D40128021E022802D4017E007E001E02FD
:1011B800D401C701C701C701B5012B00034302933E
:1011C8002CD0002D15D02800FFF7B0F8010003003F
:1011D8000B391D22521A31001800D14008388540B9
:1011E8000A002A433500854002922F4F2C00FF1A2F
:1011F800ABE7FFF79BF801000300153120331C29EA
:10120800E7DD3200083882400292EEE702002A4306
:10121800029207D01F000326029597E7029C012639
:10122800270093E71F000226029C8FE7009A2A43B3
:101238002AD0002D15D02800FFF778F80100020009
:101248000B391D2310005B1A009908388540D940D6
:101258002943009D8540144B9B1A9C462A000D008B
:101268008CE7FFF763F801000200153120321C29D2
:10127800E7DD009908388140EDE7009A2A4307D056
:1012880002009C4603217AE715009446012176E77F
:1012980015009C46022172E700231C00004A22E147
:1012A800FF07000001FCFFFF0DFCFFFF029B9D42B2
:1012B80004D300D022E1A24200D91FE1029BE60735
:1012C800D907630819430C00029B5B0802931302B9
:1012D8002D02170E00932B0C2F4307930799BBB2CF
:1012E80002980593FEF7B6FFBBB243430A04210CEC
:1012F800050011438B4207D9C919013D8F4203D814
:101308008B4201D9851EC919C81A0799FEF7A2FF91
:10131800BAB242430904A4B203000C43A24207D95B
:10132800E419013BA74203D8A24201D9831EE4195C
:101338002D041D43A41A009B009A1B0C120405934C
:10134800120CABB206925A4306980292059A290CDF
:10135800484353435143029A1B18120C9446634462
:10136800984202D9802252028918029A180C120453
:101378001B04120C40189A18844203D302951ED1FC
:1013880096421CD26B1E0293009BF6189E429B410C
:101398005B42DB19E418A74203D310D1009BB34288
:1013A8000DD8A04202D80AD1B24208D9AB1E029386
:1013B800009BF6189E429B415B42DB19E418B51A64
:1013C800AE42B641201A7642801B874200D1BEE069
:1013D8000799FEF73FFFBBB243430A04290C0400F8
:1013E80011438B4207D9C919013C8F4203D88B425C
:1013F80001D9841EC919C81A0799FEF72BFFBBB279
:1014080043430904ADB202000D43AB4207D9ED19BD
:10141800013AAF4203D8AB4201D9821EED19ED1A49
:101428002304059E1343069906981C0C9AB251434F
:1014380060437243744312180E0CB218904202D9DA
:10144800802040022418100C09041204090C001909
:101458005118854204D31C00854219D1002919D09E
:101468007D195C1EBD420ED3854203D310D1009A6C
:101478008A420AD29C1E009B5A009A429B415B42B8
:10148800DB19ED180092854202D1009B994201D0E8
:1014980001231C43039B5B4A9A18002A5ADD630701
:1014A8000BD00F232340042B07D0231DA342A441B4
:1014B8000299644209191C000291029BDB0108D5BC
:1014C800514B029A1A408023DB009C460292039AF1
:1014D80062444E4B9A4200DD8CE0029BE4085B07B5
:1014E8001C43029BDB081B0312051B0B1343049AC6
:1014F8002000D2071343190009B0F0BD039B002652
:10150800013B0393E3E6802302991B03194205D0AC
:101518001D4203D11400079B029505938023029A6C
:101528001B031343059A0492B8E63100069B049303
:1015380002295FD0032956D00129ABD1002423000A
:101548002200D0E7079B140002950493F0E70124DA
:1015580064429FE70121891A3829EFDC1F2926DC1C
:101568002B4A039B9446634420009C40029AC8403F
:101578009A4023000243581E83411A43029B1400D9
:10158800CB40620709D00F222240042A05D0221D31
:10159800A242A44164421B19140080211A000904C4
:1015A8000A400B4229D1E1085C070C439AE71F2344
:1015B8005B429B1A029ADA400023202906D015497B
:1015C800039B8C460299634499400B001C43631E9D
:1015D8009C4100231443D4E700231C000593802377
:1015E8001B0302939AE7049B059397E700231C00CB
:1015F8001A0078E70024230050E6002301221C008B
:1016080071E7C046FF030000FFFFFFFEFE07000072
:101618001E0400003E04000070B50300020006002E
:10162800051E11D0C21785185540C40F2800FEF7B3
:101638007DFE0D4A121A0A280FDC0B232E001B1AF6
:101648001530DE40854023003603360B1205324341
:10165800DB071A432800110070BD0B3885402300B2
:101668002E000025F0E7C0461E040000914003004C
:1016780090409C46203A9340194352426346D340D7
:101688001943704710B5002903D1FEF74FFE2030EB
:1016980002E00800FEF74AFE10BDC0460023C25C07
:1016A8000133002AFBD1581E7047F0B506000F0021
:1016B80015001C0085B08B4263D801D1824260D8E6
:1016C80021002800FFF7DEFF390000903000FFF707
:1016D800D9FF009B21001B1A1A0028000393FFF76B
:1016E800C5FF00900191B94245D801D1B04242D816
:1016F800009B019C01200021039AF61AA741FFF7DD
:10170800B5FF04000D00039B002B2BD0019B009A12
:10171800DB0750081843019B5908039B9C46B942B4
:101728002CD801D1B04229D832003B00121A8B4183
:10173800012692185B410027B6185F4101235B42DE
:101748009C446346002BEAD130003900039AFEF727
:10175800E1FD039AA4197D4106000F00FFF786FFFB
:10176800241A8D410A9B002B01D01E605F60200067
:10177800290005B0F0BD00240025C4E7B6197F4153
:10178800DCE700240025EDE7F0B515001E008DB05C
:1017980083680AAA1B699847204B041E099321D124
:1017A8000B980696FFF738FF00221D4BFFF7B2FC97
:1017B80006000A980F00FFF72FFF02000B00300009
:1017C8003900FFF7B7F9174B0490059102930322EC
:1017D80023002000099903950194009405F0B7FDB2
:1017E8000DB0F0BD030086330BD100200E4B032251
:1017F80002930999030003950190009005F0A7FD55
:10180800EEE704900020094B012202930999030096
:1018180003950190009005F09AFDE1E7388D0010DE
:1018280080842E41988F0010A48F0010BE8F001066
:1018380030B5040085B0A36840212000DB689847D4
:101848001D4D00280FDA039000201C4B0122029343
:10185800290003000190009005F079FD0021184847
:1018680004F0EAFFE7E720000D21164B164AFFF7C0
:101878008BFF20001021154B154AFFF785FF20002C
:101888000E21144B144AFFF77FFF20001121134B40
:10189800134AFFF779FF20004221124B124AFFF743
:1018A80073FF0020114B03220293290003000190CB
:1018B800009005F04CFDD1E7388D0010DA8F00104C
:1018C80050C30000F98F0010FD8F00100990001020
:1018D8000B90001014900010189000102190001028
:1018E800259000102B9000102F9000103E900010B3
:1018F80070B50025344E354B88B0032231002800DE
:10190800029301952B00009505F021FD304B032231
:1019180031002800029301952B00009505F017FD72
:10192800280001F0B3FA0400A8420CD0294B039018
:10193800029301222B00310028000195009505F043
:1019480006FD08B070BD0021234804F075FF200093
:1019580006F0E5FD002809D1204B01220293310051
:1019680003000190009005F0F2FCEAE71C4B03220B
:1019780002933100230020000194009405F0E7FC55
:10198800002200230692079307238022154D16484C
:10199800049403930294019400942B001349D200F9
:1019A800040004F0AFFC12492000FA2406F088FE77
:1019B800002500F07BF8A40000F0CCF820002900F6
:1019C80004F03AFFF8E7C046388D00105B9000102D
:1019D8007A9000108E90001010270000A790001039
:1019E800BF90001039180010F0030020C01100202B
:1019F800E9900010F0B5050089B083685B6C002B96
:101A080040D1AB685B6B002B41D1AB689B69002B65
:101A18003BD01F210122280069449847012834D16E
:101A28006B46DC7F200006F049FF2300002800D128
:101A38002E2303940024184F0493184B3900029363
:101A48000322230020000194009405F08EFC144E1C
:101A58003178FF2914D06A464B1CD07F114ADBB27B
:101A6800337050540A28D0D1D4540F4B03920293A8
:101A780003222300390020000194009405F075FC2E
:101A88003470C2E798470028BBD109B0F0BD2800E0
:101A980098470028F9D0B8E7508D0010FC90001046
:101AA800A0100020A11000201791001070B586B07A
:101AB800214C200006F033FD204D002809D1204B91
:101AC80001220293030001900090290005F04DFCCB
:101AD80017E004A90A001B4B41CB41C2A668F36872
:101AE800002B10D02000984700280FDA0390002020
:101AF800154B01220293290003000190009005F084
:101B080034FC06B070BD58204042EFE7B36C002BA0
:101B180003D0002220000D499847A3689B6A002B38
:101B280001D0200098470020094B0322029301901E
:101B380003000090C9E7C046F08A0010508D0010DD
:101B48002C910010888D001042910010FD19001092
:101B58005F91001030B50C4D85B02B6801332B60B8
:101B6800632B0BDD0024094B032202932000230082
:101B780007490194009405F0F8FB2C6000216420CB
:101B880004F05AFE05B030BD7007002070910010B7
:101B9800508D0010F0B597B0059304230B921A40AE
:101BA8000B9B0A92DA0807231A40013207001C9D92
:101BB80003910D92820700D0C5E1041D002804D0CE
:101BC800072909D81C20404254E1039A1A401300FF
:101BD800A4180822D31A0393059B0426013B0693F5
:101BE800002309930C9304930293013B07930196F6
:101BF800002F01D0059B23600D9B002B00DDF1E039
:101C08009D4B059A9A4203D39C4B9A4200D2E9E035
:101C18000B99E21B9308890700D50DE1049A0F2A56
:101C280000D9BBE0002F00D10EE104990EAA53544D
:101C38000A00079912AB99540C9B01330C93F4E0FA
:101C480008260196069B01330693069B9878002880
:101C580000D105E1029B002B08D12528F2D1079B72
:101C680001330793012302930426EAE77A284AD826
:101C78004B280ED8472846D829282CD825283FD0C5
:101C880041D82028DED0233843425841C3B20293BA
:101C9800D8E74C382E2836D8FEF782FAD4353535B1
:101CA80035353535353535353735353535353535DA
:101CB8003561353737616161D437D235D435183756
:101CC80018353579E63735353735E600002308937A
:101CD8000426029327E0012213002A38C0B2834069
:101CE80067490B42AED1E2211800890508400B4232
:101CF80035D11900114002911342A3D0089013E086
:101D0800079B013B07930023C1E70022069B08922B
:101D18005B7802926C2B07D10426069B01961B78F0
:101D28006C2B01D1B6190196013CA0193100FEF7C0
:101D380055FA70430400002F3BD0019B039ADB1B2C
:101D48001B18934200D93DE7089B002B41D1019B0A
:101D5800042B20D108CD03600423043415E00721A7
:101D680007358D4364188C430CCD002F08D0013102
:101D7800C91B03980919814200D923E722606360CF
:101D88000023082602933300083401935AE7029B84
:101D9800089300239CE7019B082B01D0162012E72B
:101DA800072307359D430CCD0260436008230834A0
:101DB800EBE7089B002B0CD1019B042B01D10435C8
:101DC800CAE7019B082BE9D10735013B9D4308353C
:101DD800ECE7069B023306930D9B013B0D9308CD60
:101DE800059305E70B9B9B0722D50121E21B93086E
:101DF800802080008242D1D2049A0F2ACED8002FA8
:101E08001CD00498DBB20EAA13549C46079B12AA56
:101E18001354002900D10FE780226346524213432E
:101E28000EAA1354099B01330993049B01330493AD
:101E3800069B0434013B07E70021D9E7002903D0BA
:101E4800039B01330393F0E7039B023303930A9B3D
:101E5800002BEAD10598FFF721FC039B1B18F1E73B
:101E68008022E31BD200934298D2002F0AD1039814
:101E78000838C01817B0F0BD208A0010D49A001096
:101E8800DAFF00009B08302238603B706B469B18D5
:101E98000A9A1B78002A0BD0FB70099BBB70002B99
:101EA8001BD100250EAE049BAB421BD1E01BE1E722
:101EB8007B70F2E70EADED560EA9595C002D07DADE
:101EC800039E15190140B54200D97BE62170013403
:101ED800013304999942EDD1E3E7012200237F20E1
:101EE800D21BF6E7099B002B02D033787F2B1BD837
:101EF8000A9B002B1BD012ABEB5C23700023013430
:101F080001930123019ADB1B1B199B18039A934227
:101F180000D957E63378019A2370013420000599D7
:101F280006F0BBFC019B1C1901350136BBE7337871
:101F38009B00FB181A6805920A9A05981A60FFF721
:101F4800ADFB431CDCE70E203DE6C046014B1860A4
:101F58007047C046B0000020F7B504000D001E0011
:101F6800019204F0AFFC030006F042FD054F320079
:101F78003B5001992800A04706F03AFD385801F077
:101F8800FBFEC04608000000F0B585B0019030485F
:101F9800039105F0C1FB061E0AD1040001272D4D4F
:101FA8002D4B9D4206D3019B002B01D0002C21D143
:101FB80005B0F0BD2B7B002B11D02B68DB68002B04
:101FC80001D0280098476B689F712B681B69002B0C
:101FD80008D16B6804222800196805F0B9FB01369E
:101FE8001035DDE7280098470028F2D03B00B340C1
:101FF8001C43F4E727002000FEF7B6F901238340CD
:10200800DA43144E05019C43731901931B7B02921A
:10201800002B0CD0AB591B69002B13D1029B7619EE
:102028001F40736804221968019805F091FB002C81
:10203800E1D1039B002B03D06420002104F0FCFBBA
:102048003C00B3E7019898470028F0D1E6E7C0467E
:102058007C070020788D0010888D0010014B8000CF
:10206800C0587047BC8D0010030010B50800002B45
:1020780005D0044A136000F07BFA002010BD16203A
:102088004042FBE7B40000200023FA210B4A10B5B8
:1020980013700B4A890013600A4A0B481360FFF754
:1020A800E3FF0A4B0A4918008B4200D310BD1A1AE5
:1020B8005C681211013222711033F5E7A11100207A
:1020C800740700207807002011770010788D001021
:1020D800888D001070B50C4D2978002908D1012091
:1020E800FFF752FF094C0A4B9C4202D301232B7085
:1020F80070BD63685B79002B03D0236820009B6860
:1021080098471034EFE7C046A1110020788D0010E1
:10211800888D001010B50400044805F0FDFA002C65
:1021280003D00121024806F0A3FB10BD740700206C
:102138007807002070B50A4B05001B689847094CC2
:10214800A860094B9C4200D370BD63685B79002B83
:1021580004D02368290020001B6898471034F0E752
:10216800B4000020788D0010888D0010044B054ABB
:1021780000209B1ADB08994201D2C9008858704791
:10218800788D0010188D0010F0B589B004AF3E6B43
:102198000400150079603B60002E1CD07B6B102179
:1021A800FB60009300203300FA6AFFF7F3FC8023FA
:1021B80001001B0198420FD300201D4B02220393FC
:1021C8001C4B1D49029301900300009005F0E4FAAE
:1021D800BD4605B0F0BD310007222300154013406D
:1021E800DB00AD011D434B021D43BC6ABB6A1734BB
:1021F8001B051D43631893430333043A9343073382
:10220800D34093406A46D31A9D4604AC002E07D0AB
:1022180020007B6B10300093FA6A3300FFF7BAFC9A
:102228002A0020003B68796805F09DFAD0E7C0468F
:10223800FF070000B7910010208D001040680028AB
:1022480004D0044BC01AC00800B2704701204042B5
:10225800FBE7C046188D00100EB417B5054C05AB4A
:1022680004CB01002000019301F0A2FE1EBC08BCB3
:1022780003B01847DD77001010B5CB0604D48906E3
:1022880003D50349FFF7E8FF10BD0249FAE7C04646
:10229800F0910010EF910010F0B591B0079317ABD3
:1022A8001B7807000C0006920593002B00D1B4E0C0
:1022B80002251B9B1B9A1D4001231A400C921B9A56
:1022C80007331A4008921B9AF8331A4009920026DD
:1022D80005F03CFA0200B04204D038009049FFF7FC
:1022E800BBFF0600002D09D044231B9A1A4235D1A2
:1022F800220038008B49FFF7AFFF36180C9B002BE4
:102308000AD0059A884B9200D258002A00D1874AF1
:1023180038008749FFF7A0FF099B002B5AD0089B7C
:10232800002B77D11C00069B002B05D01A00380023
:102338008049FFF791FF0400189B7F48A419002BE0
:1023480000D0BEE01A9B002B74D11B9BDB0700D585
:10235800E0E038001B99FFF78FFFBEE00020774BC5
:102368001D688542C9D0764B20001968FDF736FFF5
:10237800FA242900FDF76EFFA40061430A900800C3
:102388002900FDF767FF0E91E1210D9009010A98D8
:10239800FDF760FF0B910B983C21FDF71FFFE12132
:1023A8000F9009010A98FDF719FF0A900E98290065
:1023B8006043FDF713FF0D9B02903C210B9801939E
:1023C800FDF748FF380000910F9B0A9A5D49FFF717
:1023D80043FF92E7089B099C002B08D0059A5A4BAB
:1023E800920038005949D258FFF736FF0400069B7F
:1023F800002B05D01A0038004E49FFF72DFF24188E
:10240800079B002B98D01A0038005149FFF724FF8A
:10241800241891E700230793E0E7079B4D48012B19
:1024280000D14548189B059C002B4AD11A9B002BCC
:1024380053D000241A9E102E00D9102638001B995C
:10244800FFF71AFF0025AC4252DC199B38001A78B6
:102458004149FFF701FF012507231D4203D1380039
:102468003E49FFF7F9FEAE4248D9199B38005A5D3C
:102478003949FFF7F1FE0135102DEDD1002538005F
:102488003749FFF7E9FE2B00199AD25C1300203B6D
:102498005E2B00D92E2238003249FFF7DDFE0135C8
:1024A800102D30D007231D4203D138002B49FFF7E8
:1024B800D3FE2B00AE42E7D838002849FFF7CCFE00
:1024C800EDE7189B3A00284905F049F81A9B002BBC
:1024D800B0D1059B002B00D037E77A68B9680CCAE1
:1024E800386805F068F900227B681A6011B0F0BD01
:1024F80038001A49FFF7B0FE0135A4E738001B4938
:10250800FFF7AAFEB7E7199B9B1919931A9B9B1B08
:102518001A93DCE73800054A0549FFF79DFE18E7DE
:10252800F7910010FB910010CC8D0010F291001073
:102538002991001020920010DD77001084070020F8
:102548008007002004920010E08D001024920010F3
:102558002A920010F57700102F9200103792001081
:10256800399200103B920010B93F001035920010CC
:10257800012310B500211C00074A904207D8074ADA
:10258800002900D101231360054B186010BD2100FC
:1025980040085B00F1E7C04640420F00800700207A
:1025A8008407002070B50D0004004618B44201D11C
:1025B800280070BD21780348013483685B68984718
:1025C800F4E7C046D08A0010F7B5FF270D4B0E4C34
:1025D8005E6A0E4B0194019CA34202D386204042BE
:1025E8000CE05D68B5420AD31C69002C07D0AD78B1
:1025F800AC4685883D40AC4501D1A047FEBD24339B
:10260800E9E7C046AC070020F0030020CC03002017
:10261800F8B505000E001700114C124B9C4202D36E
:102628008620404212E0104B62685B6A9A4215D3DA
:10263800A369002B12D09178FF208C46A98801400D
:102648008C4504D13A00310028009847F8BD5279EA
:10265800012A03D13A003100280098472434DCE7E6
:10266800CC030020F0030020AC070020F8B50500DB
:102678000E001700094C0A4B9C4202D386204042A8
:102688000AE06369002B01D12434F4E73A003100F1
:10269800280098470028F7D1F8BDC046CC03002091
:1026A800F003002010B508220021024806F0FEF8C9
:1026B80010BDC0466708002030B50A4B0A4CA3423B
:1026C80001D3002030BD1A7F196AD20052189142F6
:1026D80001D12433F3E708310D1F2D788542F6D157
:1026E8000120EFE7CC030020F003002010B5084CD0
:1026F80023785B069B0F0A339B001B59181E05D0D5
:102708002000044A04499847C043C00F10BDC04682
:10271800AC070020B4070020BC0700201FB57F22AB
:102728007023024018420ED000240C4B03900293F1
:102738002000230001220A490194009405F0C8F8FA
:10274800200004B010BD012143B208009040002BC6
:10275800F7DA103291400800F3E7C046789200108B
:10276800688D001030B585B0050005F0EBFA030060
:102778000400783313D10020114B0222029311492F
:10278800030003950190009005F0A2F82800FFF7D8
:10279800C5FF0D4A00241368834313600CE000282A
:1027A800F4D00020094B0122029306490300039547
:1027B8000190009005F08CF8200005B030BDC046AF
:1027C80093920010688D001070080020B4920010D9
:1027D800F0B585B004000191042813D0012828D150
:1027E800204B1B78002B24D000F010FF1E4E1F4BEF
:1027F8009E421BD20025336A0293337FAB4204D832
:102808002436F4E7FFF74EFFEAE7029BEF00DF19F3
:10281800387905F097FA03903879FFF77FFF144A63
:10282800136883431360039B002B0FDA00220D4BC0
:102838001A700D4D0D4B9D420BD30E4B1B6A002B8E
:1028480002D020000199984705B0F0BD0135EDB2DE
:10285800D3E7EB68002B03D021002800019A9847A2
:102868002435E7E765080020CC030020F0030020AA
:1028780070080020AC070020F0B5172687B0C5B255
:102888006E440C0035706B0609D02800FFF714FF62
:1028980000281CD00020184B1B78834217D0174FF4
:1028A80017490395002C14D00020164B03220293DD
:1028B80001900300009005F00BF8307801F08CFFD0
:1028C800FB69002B02D0310008209847012007B08F
:1028D800F0BD0D4B032220000293019423000094C5
:1028E80004F0F6FF307805F009FAFB69002BEDD00B
:1028F80031000920E9E7C04666080020AC0700203F
:10290800688D0010D6920010E9920010F0B505000D
:1029180087B0807804AC20706B792A791B02134346
:1029280003226380EB7813402371FFF7F7FE2C4BEB
:1029380007001B682B4E03420DD0AD78280000F02D
:102948004BFE2800FFF70EFF05F0B4FE002802D169
:10295800963005F023FF200005F0C0F90200237827
:10296800783225D1002003931F4B022202931F497E
:1029780003000190009004F0ABFF207801F054FFB1
:102988000300783324D10020237802220393184BC4
:102998001649029301900300009004F099FF330058
:1029A8000120B933C436187033683B4333600DE0F7
:1029B8000028E2D003930D490E4B002002930190AA
:1029C80003000090012204F083FF002007B0F0BD4F
:1029D8000028E4D0237805490393074BEDE7C04668
:1029E80070080020AC070020FE920010688D0010CF
:1029F800459300102193001065930010F0B5AB4F7C
:102A08000600BB690C00150085B0002B18D1317881
:102A1800C806C00E012800D178E0022800D1E6E0FF
:102A2800002820D12A6873787F2931D9062B0CD049
:102A3800082B28D0002B16D113705370023311E1E4
:102A480098470028E3D100200FE071880A0A131F75
:102A5800D6B2012B07D9072A05D8CBB201937B6AD6
:102A68001F78002F03D11620404205B0F0BD5978D9
:102A7800B14204D10199814200D1EBE00130DB1968
:102A8800EEE71B78EEE0BA373B7813700123E9E0F4
:102A9800052B11D0092BE6D173887C6A002B32D123
:102AA800FFF700FE39007388BA310B70FB69002B01
:102AB800C9D003209847C6E7B07801F039FE00284E
:102AC800C1D0D0E76378042B09D0052B11D0022B95
:102AD80007D165797388AB4203D1012001E0E3781F
:102AE80001932378E4182378002BEBD10028BAD07F
:102AF800D6E77388AB42F4D1019B002BF1D12000BB
:102B0800FFF704FFEDE7FF250195ECE72B6802933B
:102B18003B00BA331B78002BA5D0B388DAB29446B1
:102B28007A6A01921578002D9DD05078039002287A
:102B380003D11079604500D996E05219F2E7029B5B
:102B48001A705A70039B8DE001998A18019295E0DA
:102B58000B2A00D087E70024FF25039402950AE09A
:102B6800019B5B78042B14D0052B28D0019B019A7C
:102B78001B78D3180193019B1B78002BF0D1FB69BC
:102B8800002B02D0072003999847002C00D05AE761
:102B980069E7019BDB780293019B9D78B3889D428E
:102BA800E4D17388029A9A42E0D1019B00240393EE
:102BB800072DDBD87B19BB331A700134D6E7B388ED
:102BC800AB42D3D1B378029A93420BD0019B9C7845
:102BD800200000F001FD2000FFF7C4FD43425841EA
:102BE800C4B2C3E70198FFF791FE0400BEE773780B
:102BF8007F2918D9002B00D035E736792D68730660
:102C08000AD03000FFF758FD002800D12BE7BA376B
:102C18003B78002B00D126E72900300005F083F827
:102C280000236B700AE7012B09D0032B00D01AE7A9
:102C38007388002B00D016E70121B08804E0718862
:102C4800002900D00FE7B088FFF716FE002800D053
:102C5800F9E608E72B60022A00D012E79A78DB78B9
:102C68001B0213432360EEE672787F2900D86FE7D2
:102C7800002A00D163E70A2A00D0F4E6019A127804
:102C8800002A00D1EFE601994978042900D05BE7D2
:102C9800019989788B4200D056E70022072B02D889
:102CA800FB18BB331A78029B1A70EFE6AC070020BA
:102CB800F0B505001F00042687B0049105923B007B
:102CC8002800059A049901F0D7FD030004000B338E
:102CD8000FD10020084B02220293084903000395F4
:102CE8000190009004F0F4FD013E03F029FD002E50
:102CF800E5D1200007B0F0BD86930010688D001064
:102D080013B5154C237D002B1ED1E26801AB802042
:102D1800A1680192FFF7CCFF019AA3689B18A360F2
:102D2800E3689B1AE3600ED1002A0CD02069E3887F
:102D3800834208DD2300C8331978FDF7DFFA00293C
:102D480001D10123237513BD002180200B000A0047
:102D5800217501F091FDF6E7AC070020002330B59E
:102D680089B005000C000593984266D1994240D17C
:102D78000B000822200006A905F001F8002804DA53
:102D8800802001F029FD09B030BD6B46304D069A10
:102D9800DB8B2A60079A2C756A602E4A2C61AA6020
:102DA8006A46127EEC6052B2002A15DB802B0ED9DF
:102DB800294B012220002949029301942300009401
:102DC80004F086FD802001F007FD2000D9E7002BE4
:102DD80002D02B61EB60D6E7FFF788FC0028CFD044
:102DE8002A69EB88934200DD1300EB60FFF788FF48
:102DF800C9E7174C05ABE268A168002A05DC0200A8
:102E080004F0BDFF0028BEDABAE704F0B8FF0028D6
:102E180004DA802001F0E0FC2800B2E7059AA368F4
:102E28009B18A360E3689B1AE360ACD1094BA360CD
:102E3800FFF75CFC0028D9D1A2E78028A3D1044B76
:102E4800DA68002AD2D11B7D002BCFD19BE7C04680
:102E5800AC070020E4070020AD930010688D001037
:102E6800054B064A58629A62054A0020DA62054A0A
:102E78001A63054A9A617047AC070020052A0010BA
:102E8800D12500107526001019260010F0B5040091
:102E980089B0554B0593059801225242D31702F089
:102EA80063FF524B524D1B78002B11D00020514B21
:102EB80002220293504903000190009004F008FD9B
:102EC80078246442059802F0C7FF200009B0F0BDDD
:102ED8006B6A002B11D100F0D7F8FFF7C1FF686AC1
:102EE80000280AD1454B012202934349030001906F
:102EF800009004F0EDFC0124E3E741482C62E8610E
:102F08006E6A01F00FFC01F067FB041EDADB00F0CB
:102F18009DFB041ED6DB7378012B02D1F379002BBD
:102F28000BD10020374B0122029333490300019053
:102F3800009004F0CDFC1624C3E72A00002706AE53
:102F4800C8323000137073803771377004F0C6FED2
:102F58000400B842B6DB80233000337004F0BEFEB4
:102F68000400B842AEDB284E3800310004F0AAFE57
:102F78000400B842A6DB3100802004F0A3FE234EF3
:102F88000400B8429EDB224B9E421AD3002001F077
:102F98004BFC041E00DA95E72E000127C43633687F
:102FA80080203B43336001F03FFC041E00DA89E7D0
:102FB800802332685B021343B835002433602F70D6
:102FC80080E70024376A337FA34201D82436DAE742
:102FD800E300FB181879196804F074FE00288AD1F8
:102FE8000134E4B2EFE7C046EC0200206408002098
:102FF800AC070020C6930010688D0010E9930010FC
:10300800D92700100E940010652D0010CC03002065
:10301800F0030020F0B58BB01122194905A805F07E
:103028003CFC1022002101A805F040FC154C12229E
:103038000021200005F03AFC102101A804F0F6FF59
:1030480000281ADD082800DA0820083801AB1B1808
:103058000F2021000022844614276D46985CED1944
:103068000609AE5D654628406D46ED19285C0132BB
:103078000E7048700231082AEED120000BB0F0BD66
:1030880048940010A4110020F0B5934B8FB01B7822
:103098000793002B02D091480FB0F0BD8F4C904B96
:1030A800069300231D000993089305932378002BAA
:1030B80007D18C4B02349C42F1D10122864B1A7005
:1030C800E9E7607805281ED8FDF77EF8B700060006
:1030D8000401B70020005300079B0CAE3370402357
:1030E8007380079B3000337101F050FB002808D033
:1030F80008233000738001F049FB002801D0079BAA
:1031080073807388E3712378E418CFE7E378002BA2
:10311800F9D1A378002B22D0089B0133DBB20893A6
:10312800F1E76A6894421DD024359D42F9D3002006
:103138006D4B012202936D490300039401900090A6
:1031480004F0D4FB00246A4B2000029301222300E0
:1031580066490194009404F0C9FB20009CE7654D82
:10316800654BE2E7AB68002BD6D02000089998475A
:10317800D2E7002D5FD1614B0122029328002B007A
:103188005A490195009504F0B1FBDBE72A6AFB0078
:10319800D3180A93A2781B799A423FD101260321BA
:1031A800F3B20B93E3780CAA0B401371637921797E
:1031B8001B020B435380A3787F2B22D933000122B3
:1031C80010339A401300069A1A4224D180230B9A8E
:1031D800134308AA13740CA801F0D8FA00281AD1CE
:1031E80008AB1B7C0A9AA37013715BB2002B0FDA31
:1031F80001230B9F1037FFB2BB40069A1A43069271
:1032080081E70123B340069A1A4204D1F3B2E0E7FA
:103218000123B340F1E70136102EC0D101372B7FCF
:103228009F42B3D30020364B012202932F4903005B
:1032380001900090A7E70027F1E7099B032B28D10D
:10324800FFF7E8FE071E17D0FEF728FA061E13D070
:10325800102809D000202B4B022202932349030097
:103268000190009004F042FB3200A01C102E00DDFB
:103278001022390005F011FB2378E2185B08E318E7
:10328800911E121B032A13D5099B0133DBB2099344
:1032980039E7099B002BEFD1059B002B0FD11A4B67
:1032A80001220293059B11491800019300936AE7D4
:1032B800079A013B4A705A780A700A00E0E7059BB2
:1032C800059AE31A93709BB21B0AD3701300089AED
:1032D8001A71D9E7059416E7A311002028030020E6
:1032E80001000100CB03002059940010608D0010EC
:1032F8003F950010CC030020F003002079940010C3
:10330800BA940010D794001022950010094A00239F
:10331800110010B51478844205D15468002C02D0ED
:103328009B01C81810BD01334032042BF2D1002094
:10333800F8E7C04678080020F0B504002C3C636824
:10334800060025788BB0103330D1E16B02230F00D3
:10335800E2681F4019423BD0002A07D1DB18194206
:1033680002D00023636021E00B43E3632800A168D7
:1033780009ABFFF79DFC00280ED003900020314BCD
:10338800012202930300304904950190009004F053
:10339800E8FA16235B42E5E7099AA3689B18A3603D
:1033A800E3689B1AE36023699B1823616368103301
:1033B8000CD0236967690693A369079305F07AF926
:1033C800002833D03100214805F05CF90BB0F0BD7E
:1033D8002800A16809AB01F0B7FA00280AD0194BF8
:1033E8000390029301223B00380017490495019786
:1033F8000097CCE7099FA368DB19A360E368DB1B90
:10340800E3602369DB192361002FAAD0280004F0A8
:10341800C9FC01003800FCF71DFF0029A1D1E368B1
:10342800002B9ED0280001F01BFBBFE76061300035
:10343800103802F05DFD002FC8D02800079A0699C1
:10344800B847C3E76D950010708D00106004002028
:1034580070B54B1E06000D0086B0012B18D8FFF77B
:1034680055FF041E16D1012D12D11321012230005F
:1034780005AB694401F068FA05980028F5D10D4BB1
:10348800012202930C4903000190009004F069FAAC
:1034980006B070BD05F00EF921002C31002801D0CE
:1034A800012D03D10800FFF747FFF1E7034805F0B6
:1034B800E9F8EDE78A950010708D0010600400208F
:1034C800F0B58BB0060009910692079304F058FAFC
:1034D800002800D06EE0EFF31083089372B607005F
:1034E800364B059300220023059802F033FD00288F
:1034F80014D1334BBA019C1865682900103128D1C2
:10350800304B01220293304903000396019000904A
:1035180004F027FA059802F0EBFC11E0059B01374F
:1035280040330593042FDDD10020284B012202935C
:103538000C25030024490190009004F012FA6D4212
:10354800089B002B02D162B6BFF36F8F28000BB027
:10355800F0BDD654099B2061A360069B3000E36050
:10356800109B6361079BE363119BA36110235B427C
:10357800636004F017FC00280CD0300004F012FC43
:1035880001000698FCF766FE002903D00423E26BCD
:103598001343E363079B9B0707D50D4BB9010D4800
:1035A800C91805F06FF80025CAE7300001F058FA8D
:1035B8000500C5E710256D42C8E7C04694080020FD
:1035C80078080020BF950010708D0010A495001099
:1035D800A40800206004002010B5EFF3108472B630
:1035E800FFF794FE011E09D04368103306D18C23DF
:1035F8005B4243602C31044805F044F8002C02D1AA
:1036080062B6BFF36F8F10BD6004002070B500254F
:103618000C4CEFF3108672B66368103307D18C2315
:1036280021005B42084863602C3105F02BF8002E1E
:1036380002D162B6BFF36F8F01354034042DE8D153
:1036480070BDC046780800206004002070B50025D1
:103658000126084C2000084904F0FCFF2000320035
:1036680031001038013504F0B9FF4034042DF1D190
:10367800002070BDA40800204133001010B5016976
:1036880001220B004B331A700B68002B08D00B007B
:1036980049331B78002B03D00248083104F0F2FFAD
:1036A80010BDC0466004002010B5036901211A004E
:1036B8004A3211701A68002A08D0190048331B785A
:1036C8000831002B02D0024804F0DCFF10BDC046D0
:1036D8006004002070B50569EFF3108672B62B0000
:1036E8009033186803F0CCFF0400002E02D162B6B4
:1036F800BFF36F8F002C06D0290000220023034857
:10370800183102F09DFD200070BDC0466004002005
:10371800130070B514000D001100012248331A700F
:1037280023680831002B07D023004A331B78002B6D
:1037380002D00D4804F0A6FF230090331B685A8975
:10374800DB889A4206D1002D0DD121001831FA22CA
:10375800920004E0210000221831002DF7D0002348
:10376800014802F06DFD70BD6004002070B50600D0
:103778000D0001791248140004F0D1F800281BD07C
:10378800327873787F2A10D8202B03D0222B08D0C8
:10379800862012E007222168103805F07EF8002004
:1037A80070BD738809380370F9E7212BF0D1103800
:1037B8001A3B20602B60F2E713204042F0E7C04636
:1037C80078090020054B010010B5180004F0B4F882
:1037D800002802D001230738037010BD78090020A3
:1037E800030070B50025040048331D8007220949ED
:1037F800943005F052F8230020009C331D70013BE3
:103808001D70033329001D809D7040224C3005F047
:103818004DF870BD908D001010B50469002223008A
:10382800A43318605A600B4A0433516800290DD13B
:103838005360136020000849083004F00BFF200093
:103848000649183004F02AFF002010BD0B605360B1
:10385800F0E7C04678090020B97900102539001032
:1038680030B50B000E4985B0019180218902029183
:1038780001A90B810023046942689D342370126AF0
:10388800084D10790A22FFF713FA2378002B05D187
:103898000120013D04F034FE002DF6D105B030BD05
:1038A800A1200000A186010073B56B460469DD1DE7
:1038B8002300002248331A702970EFF3108672B67D
:1038C8002300903301222900186803F0D9FE002E46
:1038D80002D162B6BFF36F8F01280ED004F0EAFE62
:1038E800002804D12300A1331B78002B0DD1094BEC
:1038F8001A78002A01D101321A7021000A22002305
:103908001831054802F09CFC73BD00210A2002F022
:1039180093FFD2E7B6110020600400207FB50300B2
:103928008C331B6805005B681B6A1E7D300004F041
:1039380027F800282FD12B0086331B78002B2AD09C
:10394800A86F4289C3889B1A80229BB2D2009342F7
:1039580000D91300010003AA0A3103F041FE002830
:1039680019D02B00002230331A703F2303405A42EB
:103978005341C41A2B00183B0193074B22000399AB
:10398800009330000223FFF79BFDA86F220001007F
:103998000A3103F05CFE7FBD1937001073B50500CE
:1039A8001400002925DD16000A0021008C36306835
:1039B8004C3103F065FE2300012249331A70236855
:1039C800002B09D023004B331B78002B04D0210097
:1039D8001048083104F056FE3268938891891269BC
:1039E8005B1A9BB2D31A3F2B03D80123A034237050
:1039F80073BD23009E331B78002BF9D02100064BA2
:103A080040220093280001234C310194FFF758FD10
:103A1800EEE7C04660040020A53900101D4BF7B53D
:103A28000F000100180003F06FFF041E23D00500EB
:103A38000368781E5E68A43D05281CD8FCF7BAFB0D
:103A48001C1B031C2024A31F1978002913D1012251
:103A58001A70336A2A00187B5C3CFFF79FFF2178B5
:103A6800002908D1336A0A00187D0B4B0195009391
:103A78000223FFF725FDF7BD2800FFF7B1FEFAE79F
:103A88000123053C2370F6E7053C2378002BF2D090
:103A98000023F7E7780900201937001037B501230C
:103AA80000258022064C0749200000955B42D20081
:103AB80002F080FB2000044904F002FE28003EBD0D
:103AC80060040020C015002003960010F0B5070020
:103AD8000D0087B0002939D000248B68264E059345
:103AE8004B68012204930B6820000393234B310099
:103AF800029301942300009404F080F86B6901227A
:103B080005932B6931000493EB68200003931C4B49
:103B1800019402930094230004F070F8EB690122E9
:103B28000393184B31002000029301942300009462
:103B380004F064F8AB6901220393134B310002933C
:103B4800200023000194009404F058F8012F0DD1AF
:103B5800EFF305830020103B03930C4B3A000293CC
:103B6800054903000190009004F048F82900380046
:103B780001F0DAFE07B0F0BD408D00100C96001081
:103B88003B9600106A96001079960010A7960010D0
:103B980030BFFDE7F7B50A4B0A4D0600EF18CC1BFE
:103BA8002A0020000849019304F077FE60190021DB
:103BB800019A04F07BFE3800083C74660830FEBDAC
:103BC8000400000000000000888D0010054B5A69B1
:103BD8009B689A4205D08023034A5B0551680B43D2
:103BE800536070476810002000ED00E0F0B53E4BD0
:103BF80091B05F680400FB05DB0D079362B6BFF365
:103C08006F8F3A4E130EFF2B0DD1F33B1340082B49
:103C18004AD10020364B0122029331000300019063
:103C2800009004F006F800252C00079B032B41D1D7
:103C38000020304B012202933100030001900090D4
:103C480003F0F7FFA3692C4A934202D32B4A93420D
:103C580005D32B4A934241D32A4A93423ED2023B90
:103C68001A88294B9A4239D10020236831000393DE
:103C7800264B0122029301900300009003F0D9FF24
:103C880026682022210008A804F007FE0F9B002DBB
:103C980026D0DA0502D11E4A13430F93300008A933
:103CA800FFF714FF11B0F0BD01251207BDD50C00B8
:103CB8000025BAE7F8235B00164A1F4200D0164ACF
:103CC8000020079B0392103B0493144B012202939C
:103CD800310003000190009003F0ABFF0026D0E70D
:103CE8005B0A5B02D9E7C04600ED00E0408D00109A
:103CF800E896001013970010A8010010188A001009
:103D0800000000200000002002DF00002A970010B9
:103D1800FF010000BA960010CF96001046970010D9
:103D28000821024A53698B435361704700ED00E054
:103D3800EFF30880EFF3098101B57246FFF756FFEC
:103D480001BDC046094880F3088872B60848094989
:103D5800401880F30988EFF314800221084380F3A8
:103D68001488BFF36F8F03F079FF0000C02600208E
:103D7800C01D00200004000010B50A4B9B68834258
:103D88000DD1EFF30583002B09D08022064B520595
:103D980059680A435A605A6A04490A405A6202F04A
:103DA80097FD10BD6810002000ED00E0FF7FFFFFC9
:103DB80015498A6815481044EFF3098CF0C043464A
:103DC8004C4655465E466746F8C072B6104F114ECF
:103DD8004A698A603E60104C141920680F4C2060B4
:103DE800906E00239366002800D162B6074C101924
:103DF8001030F8C89846A146AA46B346BC462438AF
:103E0800F0C88CF309887047681000203000000063
:103E180004ED00E0000000086400000080090020B4
:103E280004207146014202D0EFF3098001D1EFF37B
:103E380008808169023909780229FFD001B57246E4
:103E480003F0EBFE01BDC04643B2000605D41F22B5
:103E58001A4001239340014A1360704700E100E0D3
:103E680043B2000609D41F221A4001239340034A93
:103E7800D367BFF34F8FBFF36F8F704704E100E044
:103E880030B5FF2503220B00290040B20240D200C2
:103E980091409B012B40C943934000280ADBC02472
:103EA8000A4A800880008018A40002590A40134377
:103EB800035130BD0F2210400838054A80088000A1
:103EC8008018C26911401943C161F2E700E100E0BE
:103ED80000ED00E0FF22044B9343044A9360BFF3D4
:103EE8004F8FBFF36F8F70470001001000ED00E0A7
:103EF80010B5203A1360029B01245360039B0649C6
:103F08009360049BA143D36080235B04D3610023A7
:103F180091610265836610BD611F001070B5094B81
:103F280015009860426E084B0E001A602C1C86F330
:103F380009880020054B9847201C002100220023F7
:103F4800034C204768100020800900207B7C00106B
:103F5800611F00101022014B1A61704700ED00E04C
:103F6800F0B5C02400220326FF25A40010002F006E
:103F78003040C0008740054993089B005B181959D9
:103F88000132B94319511A2AF0D1F0BD00E100E01D
:103F980010B5EFF30583054A103BDB00D1184968DB
:103FA80098588847FFF712FE10BDC046508B001086
:103FB800F0B587B007000E001400002110226846F3
:103FC8001D0004F073FC6A4602239370054B2A0017
:103FD8002100684601930497059602F04FFF07B049
:103FE800F0BDC0469B7C001010B5024B1B6898477B
:103FF800002010BD84090020034B044A18600223E6
:1040080091780B43937070478409002000010020C9
:1040180010B5044803F0D9FA62B6BFF36F8F0423D2
:10402800181C02DF59970010072310B50449054AE8
:1040380099430548521A03F03CFA002010BDC046C7
:104048003F4300200020042088090020020080212E
:1040580003008A4300200F2A08DC5AB20448002AC9
:1040680000DA04482C228B435343C0187047C046DB
:1040780098090020580C002070B50400FFF7E6FFEF
:10408800036A05001B685B0526D566B201F07CFB58
:10409800012816D9114B64001C40F343DB0F1C4365
:1040A8000123A3400E4A0F4913664A6E1A409A42EA
:1040B800FBD1296A0C480A6802400A600B4A136659
:1040C80004E02A6A084913680B401360002E03DADB
:1040D80028000C3001F00CFF70BDC046FEFEFFFF4B
:1040E8000020115000001150FFFBFFFF003011505D
:1040F800F0B585B006000F001500FFF7A7FF036AAB
:1041080004001B685B050AD500201C4B02220293A1
:104118001B49030003960190009003F0C5FD76B299
:10412800002E24DA402D25D8002F1AD180231B0217
:104138001D4321002831087803005A1E93410122AB
:1041480042400A70226A5B032B431360C046C04694
:10415800C04680220020216AD20013430B6005B0BC
:10416800F0BD2A003900606A04F097FBDEE70023FF
:10417800A360DEE70C204042F1E7C04662970010DA
:10418800588D0010F0B589B00E22524200240392D7
:10419800002600278022104D0696079728000F4B0F
:1041A8000F490494029401940094D20002F0AAF8F2
:1041B8000C49280004F084FA0B4883681B68A34262
:1041C80005D007219847A04204DC09B0F0BD58206B
:1041D8004042FAE72000F8E7F004002035420010DA
:1041E800C01900207E970010908A001010B50100B9
:1041F800024C200001F006FD10BDC046000300205F
:104208001FB500246B461C71062302936B460022DF
:104218001C7301A80023FFF7E9FF024B024A9C54D4
:104228001FBDC046940900208B050000F0B580250D
:1042380001267642F71785B06D0011483B0001A9A9
:10424800320001F035FD6B461979002910D01C7B2E
:104258002000FFF7FBFE0299002902D1094B0A4A08
:104268009D524368002BE8D02000C9B29847E4E784
:10427800044B1B68002BE0D00298C0B29847DCE7DB
:10428800000300209409002084050000F0B5BD4B10
:104298008DB01F68BC4B1F4206D0BC4BBC4A9B5C10
:1042A800002B01D0FFF7ACFF10233C001C401F423D
:1042B8000BD000250126B74B9B6D0593059B002B62
:1042C80002D0202D00D01FE1102480235B021F4262
:1042D8002ED080221C43B04B92021A658020FFF733
:1042E800CBFEAA4D6B6A1B685B050CD50020FFF757
:1042F800C3FE0020A94B02220293A94903000190A2
:10430800009003F0D1FC0123A64A2420AB54BB2221
:104318009200AB54002202A909180A702C350A929F
:1043280002AA13772B700022002309A8FFF75EFF6B
:1043380080239B011F4219D01C4380230021964AE9
:1043480002A85B021365017601749249086D184250
:1043580000D00DE10420079093480068002800D0A1
:1043680009E10022002306A8FFF740FF3B0511D50D
:104378000121894B8C4A19651268002A07D0854AA1
:10438800106D80225202084200D0884BDA648023E4
:104398001B011C4380267601374228D00025844B18
:1043A8000222029328002B007D490195009503F015
:1043B8007BFC80223443B026774B12031A65754B79
:1043C800B6001D607B4B0593059B58192C3501F0F1
:1043D8008FFDB542F8D1002302AA13760122079275
:1043E80002AA137406A800220023FFF7FFFE802309
:1043F800DB011F4211D010221C43674B24211A6590
:10440800002302AA137705220A9202AA52181370EF
:1044180009A800220023FFF7E9FE80231B021F42A0
:1044280006D080221C435C4B12011A65FFF7E8FE98
:1044380020252F420ED000205F4B022202935849BC
:1044480003000190009003F02FFC8022524B1206CB
:104458001A652C4340252F420ED00020574B0222CC
:1044680002934F4903000190009003F01DFC802245
:10447800494B12051A652C4380252F420ED0002087
:104488004F4B02220293464903000190009003F02B
:104498000BFC8022404BD2041A652C4380256D000A
:1044A8002F420ED00020474B022202933C490300C2
:1044B8000190009003F0F8FB8022374B92041A65B4
:1044C8002C438025AD002F420ED000203E4B012208
:1044D8000293334903000190009003F0E5FB80222A
:1044E8002D4B52041A652C43A7420BD00020374BA2
:1044F8007C40029301220300294903940190009013
:1045080003F0D2FB0DB0F0BD059B33422DD0224BFA
:104518006C109E650123E4B21D4216D1002D09D10D
:104528001A4B2B4A995C002904D09D54294A9B5C5C
:10453800184A136080235B421C43E4B22000FFF753
:1045480085FD0C3001F0D4FC0223242102AA521864
:104558001470233902AA117709A80A9300220023AC
:10456800FFF744FE059BB343059376000135A5E6A6
:1045780002230793F5E6096DC90700D5F1E6D36470
:10458800EFE6C04698001150100001009409002081
:104598008B05000000001150003011508697001064
:1045A800588D001084050000200F002000201150B5
:1045B800B3970010640C0020BD970010C697001038
:1045C800D1970010DD970010ED970010F7970010B5
:1045D800860500008A050000F0B5424E89B03068B3
:1045E80000281BD0002107AA03F038FD041E07DBB2
:1045F800079B00221979186803F043FD041E0DD0AB
:104608000020394B0122029338490300039401909A
:10461800009003F049FB200009B0F0BD8023344A24
:104628005B041360334A344913601D000A689543DC
:10463800FBD1324C9C222900200004F037F980225B
:1046480029002F48520104F031F9092363673368C0
:10465800002B01D10C33A3670123236480239B051E
:10466800E364284A284B294E1A600023284D294F15
:1046780005933B1F77626B61059B002B2AD03B009B
:10468800803B3362043B2B61059B234ADB019A186C
:10469800B262224A9B18AB6101222800110003F084
:1046A8009DFF059B0837013305932C362C35102BBD
:1046B800DFD1236DDB0703D58022194B5202DA6460
:1046C800002203210520FFF7DBFB0520FFF7BCFBD9
:1046D8000024A0E7BA21114B0C4A89009362535079
:1046E800DAE7C046200F00200B980010588D001004
:1046F80000E0004000F0004008C0004000001150F9
:1047080000001050F0FB01009000115094090020A7
:10471800640C00208400105040011050000110501B
:1047280000201150014B18607047C04694090020C2
:104738000121034B034A9954034A985400207047B7
:1047480094090020860500008A0500001FB543B2C1
:104758000A00002B0EDA039000200A4B0190029306
:10476800009003000122084903F09EFA16204042F7
:1047780005B000BD402900D940220021FFF7B8FC50
:10478800F6E7C04626980010588D00101FB502782D
:10479800007900280ED153060CD00C4B0C4902931B
:1047A800030001900090012203F07EFA01204042AC
:1047B80005B000BD0023702118000A42F8D0054A50
:1047C8000349029201930093EDE7C0463898001020
:1047D800588D00105798001070B50400FFF736FC8C
:1047E800051E1CD080231B01620613D164B20D4A3A
:1047F800002C07DB02219166026A13600123002066
:10480800EB7070BD01219166026A13600020FFF70A
:1048180033FCF3E7026A1360802CEFD1F6E7162029
:104828004042EEE70020115010B50400FFF70EFCDF
:1048380000281BD00023026A13600200283213707C
:10484800C169994209D0426A0A4B5340827892065C
:104858001343A022120613430B60002063B2834265
:1048680003DD40212000FFF771FF10BD16204042F4
:10487800FBE7C04600001050F0B587B005001400F3
:104888001E000591FFF7E2FB002802D06BB2002B57
:104898000DDB0020284B03950293012203002749D2
:1048A8000190009003F000FA16256D420AE0802D71
:1048B8000ED1234B234A9B5C002B06D0002E00D040
:1048C80034600025280007B0F0BD4027BC4203D85B
:1048D8000788A74200D927000C30040000220023D3
:1048E80001F038FB002825D103F0E4FE002802D1AE
:1048F8000530FFF7B5FA28003A000599FFF7F8FBED
:10490800051E0ADB03F0D6FE002802D10530FFF7AA
:104918009BFA002ED6D03760D4E7200001F0E8FAE1
:1049280003F0C8FE002801D00525BEE70520FFF7E3
:104938008BFAF9E70B25B8E726980010588D001078
:104948009409002084050000F0B589B00500140022
:1049580006910793FFF77AFB071E0DD1384B01220A
:1049680002930300374903950190009003F09CF9E6
:104978001620404209B0F0BD6BB2002B09DA0020C6
:10498800314B012202932F490300039501900090B7
:10499800ECE7002D31D12D4B2D4A9B5C002B2CD000
:1049A800082C16D1069B2600002B3AD0274B284A04
:1049B8009B5C002B2ED0220026492600069803F087
:1049C8006CFFBB681B19BB60079B002B34D1002010
:1049D800D0E70826204B0222029328002B00194911
:1049E800049403960195009503F05EF9069B002B4D
:1049F80015D0B442DAD93400D8E7280003F0B7F963
:104A0800BE68069B861B002B09D0B44200D934002F
:104A1800002DCBD0796ABB682200C918CDE7002CDD
:104A2800D2D000200D4B01220293064903000190C9
:104A3800009003F039F9C7E7079B1E60C7E7C04637
:104A48007B980010588D00108F9800109409002052
:104A58008505000000001050B0980010FF98001065
:104A6800F0B585B00400FFF7F1FA061E02D063B274
:104A7800002B0EDA00201F4B0190029300900300D8
:104A880001221D49039403F00FF91620404205B096
:104A9800F0BD002C26D1194D194B1A4FEA5C002A9B
:104AA8000ED0FA88002A08D0B122D200AC52EC54B9
:104AB80040212000FFF74AFEE9E7EA540020E6E734
:104AC800200003F054F93B787F2BF7D8B122D200AD
:104AD800B168AB5AFE885B18B342EFD28842EDD179
:104AE800AB52E5E7200003F042F9B3688342E5D111
:104AF800DEE7C0460F990010588D00109409002079
:104B0800850500000000105049B24368102916DCE2
:104B18000A290BD00B2910D00C224A431B689B187A
:104B2800802292019B188022120103E09B68054AAB
:104B38009B182D2200201A607047DB68F7E71620C3
:104B48004042F9E70430000049B24368102916DCF6
:104B58000A290BD00B2910D00C224A431B689B183A
:104B6800C02292019B188022120103E09B68054A2B
:104B78009B182D2200201A607047DB68F7E7162083
:104B88004042F9E704200000802310B5084A5B047E
:104B98001360084A94691C4202D01620404210BD96
:104BA80001609269100018401A42F8D0F5E7C04633
:104BB8001830064000000640030010B508000B2915
:104BC80007D8FBF7F7FA090909091220282C2C2C19
:104BD80033330120404210BD1A680C234B439B58C5
:104BE800134ADB051B0FD056F5E7124A0E2013684F
:104BF800116803220C0014401142ECD00E4A02380E
:104C0800022CEED1E7E70D4A0420136812689207D8
:104C1800E1D00B4AE5E70B4B0B4A1B68E1E70C2395
:104C28004B430A4A9B181B68094ADAE70C20D2E76B
:104C38004699001030800040439900103C800040A5
:104C48003D990010488000403699001000800040CF
:104C580030990010F8B506000C007568210028008E
:104C6800376903F0A9F8002800D16DE00E2C00D9AF
:104C78006AE02000FBF79EFA0808080808082A08D6
:104C8800080830306A626600210028002F68FFF7A4
:104C980093FF01003000FFF7DDFF0C236343FB188F
:104CA8005E68051C5868C0B2FBF708FF2849FBF787
:104CB8000FFD041C300AFBF701FF011C201CFBF749
:104CC80093FB011C281CFBF703FDF8BD06212800F7
:104CD800FFF772FF0400C0E70A2C2DD1AF6821004E
:104CE8002800FFF769FF01003000FFF7B3FF061C3B
:104CF800B868FBF7E3FE311CFBF7CCFD061C3F2030
:104D08003D68FC682840FBF7D9FE011C301CFBF706
:104D1800DFFC0725061C200C2840FBF7CFFE011CF2
:104D2800301CFBF7D5FCFF68041C380B2840FBF748
:104D3800C5FE011C201CC6E7EF68D0E73868FBF702
:104D4800BDFEC2E77868FAE70020BEE70148BCE785
:104D580000007F43001B374BF0B544688FB0A36851
:104D680022220393E3685F4905A80493256827690D
:104D780003F093FD5C4B5D4A1A605D4B5D4A13601E
:104D88001E005D4A12689643FAD10C21300000F0EB
:104D9800F3FCAE6700F0DCFC0321584BDA6B8A4366
:104DA800DA635A6C012AFCD103211A6B8A431A630D
:104DB8009A6B012AFCD1E269514B03985A43636A02
:104DC8000093236AA16900F05DFCE26A4C4B0498E9
:104DD8005A43636B0093A16A236B00F053FC1121C3
:104DE80005A803F033F8730005AA9956C8B2092834
:104DF80067D90136112EF6D1C0239B01EA1880230A
:104E08001B0113603F4A3800AA1813603E4A143049
:104E1800AA1813603D4AAD182B602300AA25D83381
:104E280019682D012943FFF7AFFE002855DB230041
:104E3800DC331B68364938001943FFF7A5FE002804
:104E48004BDB2300E0331B68002B48D029001F2BC5
:104E580000D8591938001030FFF796FE00283CDBBF
:104E68002600E43631682B4D89B22943381DFFF7F7
:104E78008BFE002831DB380031680830090C2943E3
:104E8800FFF782FE002828DB234B1A4A13601A4BCF
:104E98001B68DB43DB01DD09002BF8D129006069C1
:104EA80002AA03F0DBF8002807DB029B2A00197925
:104EB800186803F0E6F8002801DA831C0DD10020F9
:104EC8000BE0090161180B6C00934B6CCA6B896B82
:104ED80003F0C7FA00288CD116380FB0F0BD0F497F
:104EE800B8E7C046978D001000E00040BFCDFBFE3C
:104EF800FE7F3C0000F0004008C0004000800040F9
:104F0800001BB7000C3000001830000024300000EF
:104F180000B0FA0000009696FFFFFF01A10A00000A
:104F280010B5084803F0FBFA002808D0064C20000A
:104F3800FFF762F82000FDF709F8002010BD1320E4
:104F48004042FBE7D08A0010554F001070B50400AE
:104F5800074D0A2804D1AB680D2128005B689847E3
:104F6800AB6828005B68E1B29847200070BDC04676
:104F7800D08A0010D0231B061B685A4253412F22A7
:104F88005B429343064A9B181A001068002804D114
:104F98000432D11A0C29F8D970470120FCE7C04621
:104FA80050410140F7B50600002403690193E30866
:104FB800144A08339B009B58072222409200D34092
:104FC8000F22134203D101341E2CF0D1F7BD0F215B
:104FD800200000F057FC019B59680029F3D00127F5
:104FE800A7400D680029EED08B681A003A403B4272
:104FF80002D030004B6898472B1E00D02B68290040
:105008001D00EFE700410140F8B50D00141E0669C8
:1050180010D11100280000F0E3FB274BAD00EB187E
:105028001A6880235340C0221340244AAD182B60CD
:105038000020F8BD01275209210928003A403940CB
:1050480000F0CEFB0521280000F0B2FB80232100F0
:105058005B0219401C4218D0D023AF401B069F6248
:10506800A303E5D50123F268AB40A10718D51A437D
:10507800F260D0223169120660070AD519433161FE
:10508800936164030AD55362D2E7280000F028FC34
:10509800E6E79943316153612403F4D49362C7E787
:1050A8009A43F260D0221206210301D55361EAE740
:1050B8006403E8D59361E6E704C0014004D00140E9
:1050C800436803491A68936B0B4093637047C04663
:1050D8007FF8FFFFF0B5436887B004930369029136
:1050E800059203931B7A0500002B00D09FE0002A4D
:1050F8000BD00121049B1A68136B8B43136343681D
:105108000F311A68D36A8B43D362EE226B681B682F
:10511800DC6A9443029A1279012A06D0022A16D030
:10512800002A04D0862040426AE002221443029AF0
:105138005279012A03D0032AF4D105321443029A82
:1051480090790328EED8FBF735F80604181A0622DA
:10515800ECE720221443029AD279002A11D0012ABE
:10516800E0D18022196BD2010A431A636B681A686E
:105178008023116B1B020B430CE04022EAE76022FC
:10518800E8E71A6B2B490A401A636B682A491A68C0
:10519800136B0B401363039B40267642F717D868BE
:1051A800029B810E1A68800100231201FBF7FCF8AC
:1051B80000900191009A019BB6185F41002F34D1ED
:1051C8001E498E4231D8019B69689806009B096880
:1051D8009B0903434B623F216B68009A1B680A4096
:1051E8009A62BFF35F8F6B6802991B680398DA6A4B
:1051F800DA626B6808221B68DC6203F04EFB380039
:10520800059B002B0FD0049B1B7F002B05D16B68DF
:105218001A681023D16A0B43D3626B681A6801239A
:10522800116B0B43136307B0F0BD16207BE7862094
:105238004042F8E7FFBFFFFFFF7FFFFF80FF3F000F
:10524800F7B5456804000669A868002861D128698F
:10525800002867D1377A002F32D13900686801AA4F
:1052680002F0FCFE00285CDB019B3A001979186803
:1052780002F007FF002854D16B6A002B00D0984732
:10528800012163681A68136B8B43136363680F31DA
:105298001A68D36A8B43D3622B6A002B53D100223E
:1052A80031002000FFF716FF63681A681023536364
:1052B8002A7F002A04D162681268D16A0B43D3623C
:1052C800002263681B689A636368264A1B685A64ED
:1052D800337A002B13D1626812689364BFF36F8F1F
:1052E800022163681A68136B8B43136363681A6837
:1052F800C023116B9B000B431363BFF36F8FAB6924
:10530800200098470123327A3374002A21D00020E4
:1053180007E0E9688368DB68002B20D098470028FD
:1053280095D0FEBD836869691B68002B00D098473B
:1053380032002869696983680C32DB68002B00D168
:1053480088E7984786E72000F16898470028A6D0A4
:10535800E7E762681268116B0B431363D7E75820BD
:105368004042DEE7FF07000070B580251049114B69
:105378008C681B680E6810488A686D02002C08D17A
:10538800002A11D11A002E4209D100681818801A73
:1053980070BD002A0AD02E4201D1A242F5D9046874
:1053A800E41804600968F0E71C00F4E71A00F2E763
:1053B80010E000E03C0F0020380F00200020094AD0
:1053C800136A1B021B0A1362074B084A1A60084B30
:1053D800084A1860084B5A600722986019680A43FF
:1053E8001A60704700ED00E03C0F0020D430000048
:1053F800380F0020D330000010E000E0F8B500249A
:10540800FFF7B2FF0F4E230031680F4D0A002868DE
:10541800696880185941286069600C4D34600C49EE
:105428002E686F68801BFAF7D9FE094923004143AB
:105438000A0092197B412A606B6001F06BFCFEF751
:10544800C5FBF8BD380F0020680500206005002066
:10545800D4300000F0B53B4B3B4D87B000295FD0FE
:10546800421C08D101212A688A432A60FF221206B9
:105478001A6007B0F0BD1B6803930023029301284C
:1054880053DCEFF31083059372B6FFF76DFF00222C
:105498001100AB6804932D4B1E685F6836184F41A6
:1054A8003000390018605960294B009601971A603E
:1054B800284B1C68009B1B1B93423DDB264F029820
:1054C800264A78438018C0183900FAF787FE009BEF
:1054D8007843E41A80232018DB00984200D2180091
:1054E8001F4B984200D91800164B1849186001380C
:1054F800AB6868600020A860049AD41A9A421ED249
:10550800039D621903000C684D6812196B410A600B
:105518004B60059B002BACD162B6BFF36F8FA8E739
:105528001B680393431CA8D10E480F4B984200DD1B
:105538001800431E0293A4E78020C000D4E722008D
:10554800E0E7C0463C0F002010E000E068050020BE
:10555800380F002060050020D4300000D330000050
:1055680084C6FF003D0500003E05000070B5EFF35E
:10557800108572B6084A094B14681B68E41AFFF7CD
:10558800F3FE0019002D02D162B6BFF36F8F0449F4
:10559800FAF724FE70BDC0466805002060050020AB
:1055A800D430000070B5EFF3108572B6054B1C6857
:1055B800FFF7DAFE2018002D02D162B6BFF36F8F15
:1055C80070BDC04668050020F7B50C24444301931C
:1055D8002A4B0092E4186368089A05000E0093426B
:1055E80000D26260C0232F1F9B01FFB2E318012F76
:1055F8001BD8012E19D103221A60A3683342FCD0AC
:10560800009B22685B015340E02213408022520134
:10561800A21813600321236873400B401360012311
:10562800B340A2681342FCD01BE0802212011A602A
:10563800134BAA00D158002907D05869FAF7CEFDB4
:10564800431C032058430338FDD2009B22685B01AA
:105658005340E022134080225201A2181360012F08
:10566800D8D9802380229B01E31812011A60089B75
:10567800019A6360024BAD00EA50F7BD008000401C
:10568800400F0020F8B51700040029480D001E003F
:10569800FAF7A4FD274B0100FA18274B9A4201D9C3
:1056A80002F0F4FA3800FAF799FD02009823103A4C
:1056B8005B009A42F4D8731E062BF1D8069B013B77
:1056C800062BEDD8069B32041E0323681643002BD5
:1056D8000FDA3F2223681340AB420AD1A3681B05A7
:1056E8001B0D834205D1EE22E368D2021340B34278
:1056F8001CD0124B1249E21853425A4101230C3272
:105708009340104A1360104A13601F000A689743B9
:105718003A1EFAD10D4B2132E3182560A0601A60B9
:105728002268002AFCDA0822E6601A60F8BDC04642
:10573800001BB70080E84BD380F8A9320040FDBFBA
:1057480008C0004000E0004000F0004004300000C5
:10575800AA22064B12011A602F220549DA60054A6F
:1057680011605A68002AFCDA7047C04600400240BF
:1057780000B0FA00006002408023024A9B000B43FD
:10578800D362704700800540802310B5DB05186898
:105798000649030B02059BB2120D8A4201D002F0A2
:1057A80075FA022BFBD1000F10BDC0462709000077
:1057B80010B5084B8200D3181C6840236340C024EE
:1057C8002340054CC00012191360044BC0184160F7
:1057D80010BDC04604C0014004D001400040014053
:1057E800064B8000C3181B68C90092000A435A4040
:1057F8000C231A40024BC0180260704704C00140D5
:1058080004D00140064BC000C3181B680903594067
:10581800C0239B011940034BC01801607047C04664
:10582800044001400450014002238000002903D0B5
:10583800024A801803607047014AFAE704E0014011
:1058480004F00140054B8000C3181B685940012330
:105858001940034BC01801607047C04604C001409E
:1058680004D00140054B8000C3181B68090159404A
:1058780030231940024BC0180160704704C0014032
:1058880004D001400722C308104080008140024A2A
:105898003C339B009950704700400140F8B5D02335
:1058A8001B061C68050063425C412F2364429C432D
:1058B8000A4B0F00E4181600FFF7E4FF07232B40FC
:1058C800ED089B00AD009F4064198023002E00D195
:1058D800C0239B01E4182760F8BDC0463041014051
:1058E80040238000002903D0024A801803607047D3
:1058F800014AFAE704E0014004F001401FB5040042
:10590800FCF7E8FB0020064B01900293009003008F
:105918000122044902F010FE200002F01CFEC046DD
:10592800AD990010408D0010F0B505000E0089B04B
:10593800EFF31083079372B6264A274B976804281B
:1059480002D8264B8100CB58002425492000069117
:10595800127C0493234B05920293012223000395A2
:105968000194009402F0E8FDA6420DD0F369DB052E
:10597800A34209D01C4B0122029320002300069960
:105988000194009402F0D8FD002F07D0380002F0EF
:105998009AFE002802D00378002B00D11348049007
:1059A8000020134B012206990293019003000090F6
:1059B800039702F0C1FD31002800FFF79FFF079B06
:1059C800002B02D162B6BFF36F8F3800FEF7D4F90F
:1059D80009B0F0BD68100020BC990010648F001059
:1059E800408D0010D2990010FA990010CA99001041
:1059F8001B9A0010F8B501270A4E83009D59013003
:105A080084003359AB4200D8F8BD6868002806D036
:105A1800037F3B4201D102F0A2FD0835F1E72B6874
:105A28009847FAE7788F0010012270B5234B0320BE
:105A380086B01A70FFF7DEFF01F0F2F90420FFF7D5
:105A4800D9FF1F4C26001F4DAC420ED300F02EFE8E
:105A5800AE4220D300F03AFEFBF74AFF01211A4A72
:105A6800137B8B43137306B070BD636A0593236A77
:105A78000493E3690393A369029363690193236918
:105A88000093E368A2686168206800F001FC23685D
:105A98005C653034D7E7B26AF36A511C01D1591CEE
:105AA80005D011003068194303D100F0EBFE303601
:105AB800CEE70649183001F099F8F8E7B811002048
:105AC800208C0010208C0010E00500209987001021
:105AD80010B5034A03480021121A02F058FD10BD00
:105AE800BC110020F003002070B5702601250400C9
:105AF80046430102114880220918002086B0049507
:105B08000E350395053565430D4B059002900190C0
:105B18000C48F6182D180C4B30000095520000F078
:105B2800B7FB0422737B2C74934373730134074BC4
:105B3800A402E418EE606C6006B070BDC0210020BD
:105B48007005002068100020A7850010C01D0020E7
:105B5800F0B5002087B0FFF74DFF214B83F308888D
:105B68002049214B0A6A00251A40C0231B0413430D
:105B78000B62FEF7D5F8FEF7EDF9FCF785FA1B483E
:105B880000F0ECFB02F0CAFC0120FFF733FF022013
:105B9800FFF730FF00F0CAFD154C164B80225C6100
:105BA800154B164E0593012315490493D200330073
:105BB8002000039502950195009500F069FB0422E9
:105BC8000700637B20009343637302F0BAFD28004B
:105BD800FFF78AFF320039002000FEF79FF9C04620
:105BE800C021002000ED00E0FFFF00FF500600206C
:105BF800E005002068100020F7900010315A0010CE
:105C0800C0220020F0B50F00010085B00831040063
:105C18000391EFF3108672B6006AE168884234D2C5
:105C28002568AC4219D0002D17D0280002F0BEFC20
:105C38002800183002F0E1FDA26800243900286924
:105C480002F02BFE2800EC6602F07BFD0398310081
:105C580000F000FD200005B0F0BDA2683900E06941
:105C680002F01BFEE369A2689B186269E361934234
:105C780001D12369E3610020236A01332362002EE6
:105C8800E9D162B6BFF36F8FE5E7110019430AD077
:105C98000649039889680F61009231002200019338
:105CA80000F048FCD7E723204042E8E768100020CE
:105CB800F7B50400270008000837EFF3108672B61E
:105CC800216A002938D0A268A16902F0E6FDA3691B
:105CD800A2689B186269A361934201D12369A361F9
:105CE800236A2568013B00202362AC4234D08542F8
:105CF80032D0280002F05AFC2800183002F07DFD4E
:105D0800A268E069296902F0C8FDE369A2689B18E6
:105D18006269E361934201D12369E361236A280040
:105D2800013323620024EC6602F00BFD38003100D9
:105D380000F090FC2000FEBD110019430AD009496B
:105D4800896808610092310022003800019300F050
:105D5800F1FBF0E723204042002EECD162B6BFF3FE
:105D68006F8FE8E768100020F0B585B004001F00C9
:105D78000392EFF3108672B6C368354A002B0ED033
:105D880080689168884217D0039B3B431AD1002E44
:105D980002D162B6BFF36F8F102040420AE09168CB
:105DA800897B49B20133E36093682161A360002EC7
:105DB80004D0002005B0F0BD2169F3E762B6BFF357
:105DC8006F8FF6E70E23897BC35649B2994200DDEF
:105DD80019000A007F3201DA7F21494200258B42EF
:105DE80002DD02F0F0FB05001A4B22000293039B30
:105DF800310002980093019700F09CFB0028D8D04E
:105E0800EFF3108672B6A068002819D023682169BC
:105E18009C420BD0002B09D09B7B5BB2994200DDE2
:105E280019000B007F3301DA7F21494202F0CBFBD6
:105E3800002805D03100029800F00CFC0B20ACE7DC
:105E4800002DF7D1002EF9D162B6BFF36F8FF5E7B9
:105E580068100020B9110020F8B583680500002BF0
:105E68003CD0214A926893423BD1C368012B03D9A5
:105E7800013BC3600020F8BDEFF3108772B60169DB
:105E8800806802F0A0FB2C68A54208D10023AB6013
:105E9800EB609F42EED162B6BFF36F8FEAE7002C4A
:105EA800F4D062682368002613605A60022220003A
:105EB800637B2660934363736660A660183002F0C4
:105EC8009CFC0E23AC60E35620002B61E66602F0D2
:105ED80038FC3900054800F0BDFBCBE716204042EE
:105EE800C9E70120FBE7C04668100020B91100206F
:105EF80070B5EFF3108572B60468A0421AD0002C72
:105F080018D062682368002613605A6002222000B5
:105F1800637B2660934363736660A660183002F063
:105F28006CFC2000E66602F00CFC2900084800F032
:105F380091FB70BD8268C3689B1A591E8B419B18E0
:105F48008360002DF5D162B6BFF36F8FF1E7C046CD
:105F5800B911002013B50400EFF3108172B6806800
:105F6800002808D00138A060002902D162B6BFF32A
:105F78006F8F002016BD1000184307D1002902D1E9
:105F880062B6BFF36F8F10204042F3E7009201938F
:105F98002200024800F0CEFAECE7C046B911002012
:105FA800F0B5050087B0EFF3108772B62E002C6F9E
:105FB8008836002C1CD10221300002F01CFB00287E
:105FC80066D02C00803400220121200002F0F7FB6B
:105FD8000028F8D10023029301225242D3170092DD
:105FE80001932A00390078323C4800F005FDDAE7D1
:105FF80023686A6F2B67944200D16B67022233686B
:10600800134333600423E2689A43033B1343E3607A
:106018006368002F47D020009847EFF3108305935B
:1060280072B6E36801211A008A43100908423ED17A
:10603800E260E3689A071AD502229343E360284B8B
:106048001868002813D00021026800280FD047687C
:10605800BC423AD10268002931D159681A6081429C
:1060680000D15A60002303600830FFF741FF022285
:1060780033689343059A3360DB05DB0F002A02D1AE
:1060880062B6BFF36F8F002B8DD100F059FB8AE702
:106098003368DB069ED53060002F02D162B6BFF3AD
:1060A8006F8F07B0F0BD62B6BFF36F8FB3E71122F1
:1060B8009343E36020001030FFF71AFFB9E70A6046
:1060C8005A688242CED15960CCE79446002A01D062
:1060D80011688C46010010006246B6E7B91100202D
:1060E80088100020F7B5C3680D00590801220F0079
:1060F8000400174011424BD19B0813421DD12B6855
:10610800002B01D183682B600127E3683B4202D052
:10611800A368FF192B602E68002E47D03200244B4D
:1061280088329B680192B34222D0012112689308F9
:106138000B400A4204D113277F4200232B6015E04D
:10614800002B25D1D3080B40002B21D1002323603D
:10615800736F002B27D174673467300002F057FA49
:106168000423E2681343E3602B68A3603800FEBD94
:1061780002F0A0FA019B01221B6800280AD1D90865
:1061880011401342D7D00029E0D09B081342DDD13B
:106198001027D1E7990811401342CCD00029F7D134
:1061A800DB081340D0E71C607467D6E71627C3E7FF
:1061B80068100020F0B50400002020676067200008
:1061C8002600783089B0A067E0678036201D0E9DD4
:1061D800C6670430C6670120002D07D028794642DB
:1061E8007041FF264042B0430230FF302600883617
:1061F800306001267642F7170696079700260F4863
:10620800039304960300029620000196009400F080
:1062180079F8B5420CD02968B14202D0200002F0CA
:106228004FFA6B79002B03D00123227B134323738E
:10623800200000F027FB09B0F0BDC046A95F0010A0
:1062480073B50C000190EFF3108572B6CE681E216D
:1062580000200E4207D119001143814209D12000C4
:1062680001A9FFF73FFF002D02D162B6BFF36F8F80
:1062780076BD082120003143E16001991030A16208
:10628800024900F0B3FC0120EDE7C0462986001062
:10629800F0B587B00593030058338365C365109B39
:1062A80007270373042300250732BA434373D2191F
:1062B8000F9BBA4383738B180E0085601900C57352
:1062C8008561C56104000493FDF764FC049BC01953
:1062D800B8431F1A0E9B3A0002930D9B310001939D
:1062E8000C9B20000093059BFDF702FE044B65659F
:1062F8009B68AB4200D01B6E3800236607B0F0BD28
:106308006810002070B50400002086B005900E9833
:10631800119D04900D98109E03900C9802900B9874
:1063280001900A9800902000FFF7B2FF2B00721C22
:1063380001D1013305D02B00334305D1200000F0F3
:10634800A1FA200006B070BD200032002B000249DF
:10635800183000F04BFCF4E799870010022310B5C1
:106368000400FF33838100F055FD014B9C6010BD94
:10637800681000200B21084A49429368D96698663C
:10638800802306495B05486803434B6062B6BFF348
:106398006F8F9368D86E70476810002000ED00E09A
:1063A8000D2370B5C356427B002B38DBD30636D19C
:1063B80080235B4213431B4C4373A3691A49E26968
:1063C8008B4207D1016042601060E06111E09A429F
:1063D800F8D01B68002BF5D00E250E2645579E5782
:1063E800B542F4D0AE42F2DD5A68036042601060F4
:1063F8005860A5698D4201D0002D00D1E568A368D9
:106408005A7BD20605D1DA897F2A02D9AA69002ADD
:1064180006D0AB4202D0280000F030FB656170BDA9
:106428006361FCE768100020801000200D2270B521
:1064380082560500437B002A04DA7F221340437307
:1064480002F043F90D4E0E4AB469B368944201D084
:10645800002C00D1F468AB4208D05A7BD20605D193
:10646800DA897F2A02D9A269002A05D0A34202D07C
:10647800200000F003FB2300736170BD681000204A
:106488008010002010B5511C01D1591C03D00249BD
:10649800183000F0ABFB10BD998700100D2270B5C5
:1064A80082560400437B002A04DA7F221340437398
:1064B80002F00BF98023627B5B4213431B4D63732D
:1064C800AB691B49EA698B4207D12160626014609D
:1064D800EC6111E09A42F8D01B68002BF5D00E2031
:1064E8000E2620569E57B042F4D08642F2DD5A68F6
:1064F8002360626014605C60AE69AB688E4201D054
:10650800002E00D1EE68A34208D05A7BD20605D1EE
:10651800DA897F2A02D9B269002A05D0B34202D0AB
:10652800300000F0ABFA33006B6170BD68100020DA
:106538008010002070B50C0011000A4A0A4B9068C0
:106548001860EFF3108372B69568280002F0D0F84F
:10655800049A059B2800FFF795FF2000FFF70AFF24
:1065680070BDC0466810002090100020F7B50400E8
:10657800EFF3108772B61F22437B1A4050425041F6
:10658800C0B201904DB2002A3CD17F3213406373F0
:10659800200002F09AF88023627B5B4213432B4E63
:1065A800A5736373B3692A498B4229D1F2692160C3
:1065B80062601460F4610FE09A42F8D01B68002B07
:1065C800F5D00E2018568542F6D0A842F4DD5A6858
:1065D8002360626014605C60B4698C4201D0002C56
:1065E80000D1F468B3689C4202D0200000F046FA5B
:1065F8007461002F02D162B6BFF36F8F0198FEBDA0
:10660800F269DCE79B071FD5A668200002F05DF859
:10661800A57333689E4209D17368266063601C6065
:106628007460E6E772689342F6D01B68002BF3D0DB
:106638000E229A569542F5D0AA42F3DD5A68236095
:10664800626014605C60D4E7A573D2E7681000202C
:106658008010002010B500290AD1EFF3058000282A
:1066680007D1064B9A685B699A4202D0FFF782FE0F
:1066780010BD62B6BFF36F8FFAE7C04668100020FE
:1066880010B500280AD1EFF30580002807D1064B82
:106698005A699B689A4202D0FFF76CFE10BD62B639
:1066A800BFF36F8FFAE7C04668100020EFF3108140
:1066B80072B6054B9A68D37B013BD373002902D18C
:1066C80062B6BFF36F8F70476810002070B5EFF3A4
:1066D800108672B6134DAB68DA7B0132DA73AC6997
:1066E800114A944201D0002C00D1EC685A7BD206A2
:1066F80005D1DA897F2A02D9A269002A05D0A342E6
:1067080002D0200000F0BAF923006B61002E02D1FC
:1067180062B6BFF36F8FEFF3108072B6FFF7B0FF6A
:1067280070BDC0466810002080100020024B034A4C
:106738009A61DA617047C046681000208010002016
:1067480070B5EFF3108572B61C4CA168E3690A684E
:10675800CB1A581E834149685B420A605160134056
:10676800E169A268002B05D1154B516013600A60DE
:10677800E2610CE00E200E2610569E57B04218D04B
:10678800864216DD5968136051600A605A60A6692E
:106798000B4B9E4201D0002E00D1E668A3689E42B2
:1067A80002D0300000F06AF928006661FFF7E2FDC8
:1067B80070BD8B42D8D01B68D4E7C0466810002053
:1067C80080100020F8B5030007000C000B4303D12C
:1067D800FFF7B6FF0020F8BDEFF3108672B6134D31
:1067E800134BA8681860FFF721FEA86823003A0039
:1067F8001049183000F0FAF90423AA680400517B04
:1068080030000B435373FFF7B5FDAB689A6A002A53
:10681800E0D18022DB6A12069342DBD102F013F842
:10682800201AC343DB171840D5E7C046681000207C
:10683800901000209987001070B504000D00FFF734
:10684800C1FF03002000621C01D1013513D01800DC
:10685800D9170922002380185941002901D1092894
:106868000AD904290AD802D103000B3306D80A2210
:106878000023F9F799FD70BD0800FCE70048FAE726
:10688800FFFFFF7F70B50400EFF3108572B6042692
:10689800437B33420DD0183001F0AFFF637B2000FB
:1068A800B3436373FFF77CFD29000548FFF7D2FE69
:1068B80070BD002DFCD162B6BFF36F8FF8E7C046FC
:1068C800B9110020014B98687047C0466810002035
:1068D800F0B5037B85B004000393EFF310830193B5
:1068E80072B6019B02930823427B1A4207D0019B90
:1068F800002B02D162B6BFF36F8F05B0F0BD19004F
:10690800114348B2002854DB6173A368002B02D0FE
:10691800200001F0E2FE20002600183001F06DFF93
:106928005836A56DAE4201D0002D4AD12F4F002513
:10693800BB689C4204D1EFF305856A1E9541EDB210
:10694800BE692B4A964201D0002E00D1FE68B342A0
:1069580002D0300000F092F87E61002D02D0254868
:10696800FFF7FCFCBB689C4238D1EFF30583002B92
:1069780034D1237BDB070FD5019B002B02D162B6F4
:10698800BFF36F8F62B6BFF36F8F0423181C02DF4B
:10699800EFF3108372B602930298FFF7EBFC039BA8
:1069A800DB07AAD562B6BFF36F8F0423181C02DF7A
:1069B800A3E77F210A4013432000637301F085FE9B
:1069C800A3E7280001F089FE2800183001F015FF20
:1069D80000232800EB66FFF7E3FCA2E7019B002BEE
:1069E800DDD162B6BFF36F8FD9E7C04668100020CB
:1069F800801000205006002073B5069D079E089C55
:106A080000950196FFF796FD002C03D0024B9B687A
:106A18001B69236076BDC046681000200121044B25
:106A2800044AC01A044BC0104343D1547047C046AF
:106A3800C0060020B9110020ABAAAAAAC289030087
:106A480000207F2A11D80A4A106800280DD00E218C
:106A5800084A595612680020914206DB5A7BD20632
:106A680003D10548181A431E98410123184070475E
:106A780098100020941000207005002070B518248C
:106A88000C4B05001E7C0C4B7443E418200001F0ED
:106A9800B4FE0022094B28009A55FFF7CFFF0028C3
:106AA80007D0074B20001A680649013AD31700F0AF
:106AB8009DF870BD68100020C0060020B9110020A4
:106AC80098100020256A001070B5EFF3108572B693
:106AD800104A114B94681868A04207D1FFF7CEFFFF
:106AE800002D02D162B6BFF36F8F70BD002119600F
:106AF800127C0A4B9B5C8B42F2D02000FFF79EFF72
:106B08000028EDD0637BDB0602D12000FFF7C6FC2E
:106B18002000E3E76810002090100020B911002041
:106B28000648074A10B5121A064901F034FD064A0C
:106B380006480749121A01F02EFD10BD000000207A
:106B4800F0030020D49A001000000020000000206C
:106B5800D49A0010024B1868984200D10020704760
:106B6800A001002070B50600FFF7F4FF002810D040
:106B7800026943693400F517121BAB41002B08DC8E
:106B880003D1802109068A4203D2D843C017104096
:106B980070BD0148FCE7C046FFFFFF7F002010B52D
:106BA800034B1B68834201D1FEF7E0FC10BDC046D1
:106BB8009C10002030B500280ED00B4B5B68984223
:106BC8000AD00168002907D00A694B690469456938
:106BD80012196B410A614B610368426813605A607D
:106BE80000230360436030BDA0010020F0B504001D
:106BF80015001E0085B0531C02D1731C00D180E023
:106C0800A160EFF31083039372B6002E03DA731CAE
:106C180028D1AB1C26D9FFF7C1FF00210090012025
:106C280040197141009AD31712184B413649226115
:106C380063610868496812184B411E00150001235A
:106C48000293FFF787FF0700304B9C465B68019370
:106C5800002F1DD163462360019B63601C6063465F
:106C68005C6027E0284B1868596802225242D31703
:106C7800121A8B41521BB3411100002B04DC01D1C5
:106C8800002A01D101210023636121610023D7E794
:106C98003869796922696369994202DC28D190428E
:106CA80026D9801A99417B683861796163602760C9
:106CB8001C607C60FFF74EFF84420FD1144B1B68A9
:106CC800002B0BD1029B002B02D1FFF767FF00902E
:106CD8000098FFF747FF0021FEF7BCFB039B002B42
:106CE80002D162B6BFF36F8F2800310005B0F0BD46
:106CF800121A8B4122616361019B9F42AAD03F68AF
:106D0800A6E700250026EFE7D8060020A00100200E
:106D18009C100020F0B587B0EFF3108372B6019392
:106D28002F4B1860FFF716FF2E4F04003A687B6858
:106D3800029203932A4B9C461D6800280FD0426993
:106D48000669EB179A4202DC24D1AE4222D9190017
:106D5800226963692800121A8B41226163610298D3
:106D680003992A00EB1712184B4100243A607B6004
:106D7800634620001C60FFF7F5FE2100FEF76AFB62
:106D8800019BA34202D162B6BFF36F8FFFF79CFE4F
:106D980007B0F0BDF31704960593049A059B029873
:106DA800039980185941002300220E4D2261636126
:106DB800286069602000FFF7FDFE019B002B02D1CF
:106DC80062B6BFF36F8F2000A3689847EFF3108374
:106DD80072B6034A019313689B1B1360A2E7C0466F
:106DE8009C100020D806002010B5EFF3108472B66E
:106DF800FFF7D4FE02000649C317086849688018DF
:106E08005941002C02D162B6BFF36F8F10BDC04646
:106E1800D8060020014B03667047C046D802002000
:106E280010B5024800F0D1FB10BDC046809A001092
:106E380010B5064C064B9C4201D3002010BD200023
:106E4800A268616801F021FD1434F3E7D80200203C
:106E5800EC0200200123802213B5054C05490648A1
:106E680000945B42D200FFF7A5F9002016BDC0468A
:106E7800908F0010C0360020E0060020F0B543686F
:106E880093B003900893837815009B0700D4F8E02B
:106E9800002301930E78002E6AD0252E0DD04B1CAE
:106EA8000993019B013301930399089BF0B298471A
:106EB800002800DADFE00999ECE74E788B1C09938B
:106EC800252EEED0002304211C00099A0293079373
:106ED80009921F2C2ED83000203810280AD8F9F72C
:106EE80069F91D0909270909091E0909091B092545
:106EF800090918003300303B092B29D92A2E32D131
:106F080008CD600622D4002B29DB202007930443F8
:106F180005E001231C4302E002231C430C43099BA8
:106F280001321E78002ED3D109922DE00823F1E713
:106F38001023EFE77F2C1ED83300303B092BDDD818
:106F4800600605D50A20029E7043C3180293E6E73F
:106F58000A20079E7043C31807932023DAE75B4291
:106F680007932823D6E72E2E05D140231C42D1D0E3
:106F7800019813B0F0BD6C2E2DD027D8682E31D0D3
:106F88006A2E32D04C2E30D0029B002B03DA4023DD
:106F98009C4300230293202333431A00653A022AB4
:106FA80001D9612B24D10722EB1D934308331D001F
:106FB800AB4F0292240753D5019A029B16009C18E6
:106FC800B4424FD1079B029A9E1A82E1742EA6D032
:106FD8007A2EA4D0D8E780231C429BD08020800042
:106FE800044397E780235B00F6E7A0239B0091E723
:106FF80030006338122800D9E3E0F9F7DBF80A46D5
:10700800E2E2E2E246E2E2E2E2E2F3DDE2E211E2B9
:10701800AD0004CD0CAB1A7001230CAF0293C9E785
:1070280080CD002F00D18F4F0299630601D4012132
:107038004942380001F049FC0290BBE7202003993F
:10704800089B9847002816DB013C029BA342F5D316
:10705800079A019B944663441B1B01930794ABE773
:10706800079CF2E7019B0399FB1A985D089B9847D8
:1070780001360028A4DA039B9A7804231343039A61
:10708800937001235B42019372E723063FD5A30562
:1070980037D50722073595432F000CCF0492059367
:1070A800102325009D43059B002B3ADA0499059A85
:1070B80000244B429441049305948023DB001D4334
:1070C800ADB20CAC0A2304980599220001F008FC23
:1070D800041B6B0665D501232A009A431300029A04
:1070E800A24200DCA4E0002E00D19CE0102229007E
:1070F80011400B91154200D09CE0029A1D000692A7
:107108001EE02F0008CF0493DB170593C8E72F0074
:1071180008CFE205F7D5A20501D55BB2F3E71BB2AC
:10712800F1E7049B059A1343CBD16306C9D5029BAB
:10713800002BC6D111339C43029B25001C000693EB
:107148002A00494B1A400B921D4277D0069B013307
:10715800069300230B9371E010239C43063B9C4647
:10716800802322001A4006921C4242D0210081331B
:10717800FF3319401C4239D00722EB1D93431F00EF
:1071880003CB083703000B4346D1250016339D4334
:10719800630644D5029B002B41D117339C4325003D
:1071A800029C10232A001A400B921D4256D0631CE1
:1071B800002E42D022003FE0102378269C461C4334
:1071C800CEE7782B04D110229B1B1A439446C7E7BD
:1071D80025200399089B9847002800DA4BE7019B74
:1071E800023360E6082300269C46B9E72F0001CF4A
:1071F800C8E72F008022210008CF52001800114054
:107208001442BFD0802221009200114098B214424B
:10721800B8D00699D8B2B5E706239C4325000CAC34
:107228006346220052E711239D43029B069387E79A
:107238001D00B6E71D00029A931C06932B072AD45B
:10724800EB0709D5079B069A0294934204DD9B1A23
:107258001B190293079B0693069B10E006946FE7A1
:10726800CB9A0010C49A001006040000202003994D
:10727800089B9847002800DAFDE60A9B01330A9329
:107288000A9A079B9342F1DC069A019B9B1A0A9A79
:107298009B18019306920B9B002B25D03020039955
:1072A800089B9847002800DAE5E6019B002E12D1DA
:1072B80001330193019E029B019A9B189B1BA342D9
:1072C80020DC2500002D25D13D00079B069AA41936
:1072D8009E1A019431E002330193F0B20399089B9E
:1072E80098470028E6DAC6E6174B1D42E2D0202070
:1072F800AB0700D50B306D0500D52D20019B013360
:107308000193EBE730200399089B01369847002842
:10731800D1DAB0E60CAB013DE85C0399089B9847CD
:107328000028CFDAA7E6019B2020013301930399B7
:10733800089B9847002800DA9DE6019AA3199B1A32
:10734800002BF0DCB7E5C0460604000070477FB5A7
:1073580000200BAB059303930A9B019002930090C6
:107368000300FAF711FF07B000BD7FB500200BAB93
:10737800059303930A9B0190029300900300FAF788
:1073880003FF07B000BD8023C900411880681B02B5
:10739800984202D39200505870475200505AFBE767
:1073A80010B58024C900411880682402A04202D385
:1073B8009200535010BD52005352FBE710B5012202
:1073C800FFF7E1FF400810BD10B58024C90041183F
:1073D800806801232402A04208D34868002A02D00A
:1073E80003434B6010BD98434860FBE74888002A78
:1073F80002D003434B80F5E798434880F2E710B585
:1074080053000122FFF7CCFF10BD8022042310B5E2
:107418001202904200D3DB180833DB080131C81A86
:10742800F8F784FF1F23181A10BDF8B50D000400E3
:107438008668FFF7C3FF802301001B029E4201D329
:10744800012819D03000FFF7E0FF8300E3181E6918
:10745800002E12D101218140E26820000A43E26037
:10746800290002221D612B00FFF79AFF2B0003223F
:1074780029002000FFF794FFF8BD02223100200008
:10748800FFF781FF07000300022229002000FFF711
:1074980087FF3300032229002000FFF781FF2B001C
:1074A800032239002000FFF77BFF2B000222310066
:1074B800DFE7F8B580230824DB029A4200D2043CB7
:1074C80007230027141BCD1D0C199D439C43641BE7
:1074D800E408056021002000AC60EF60FFF795FF2D
:1074E800431D9B00DE1D3A00F608013001DB103B0E
:1074F8001A0028000021103001F0D8F932002800C5
:107508000021FFF77CFF002328001A001900FFF76D
:1075180047FFA71B280001220021FFF755FF3A006B
:1075280031002800FFF76BFF3300310028000022EC
:10753800FFF736FF280021000022FFF760FF3B001D
:10754800280021000022FFF72BFF2800012221003C
:10755800FFF73AFF31002800FFF767FFF8BDF0B5E5
:1075680085B00D001C1E0290039229D000265B787E
:107578000193E078237840009B00C018A378C018D6
:107588002018019B9E4210D36279237912021A4374
:10759800A37903991B041343E279029812061A434C
:1075A80023000833A84705B0F0BD0378471C9B00AB
:1075B80038001F51FAF772F8013038180136E0E741
:1075C80016204042EFE7002070470FB407B504A922
:1075D80001C9019100F0ACF803B008BC04B0184729
:1075E80070B506000C888888241A3069A4B285B260
:1075F800844201D3641BA4B22D1BA8B2984200D9BF
:10760800180033681B1913600B881B180B8070BD9A
:1076180070B5838984880D00E41A0369A4B21B1B22
:10762800934200D913002A00011DFFF7D9FF70BD4E
:1076380010B50C00C38841895B1A9BB2934200D9EC
:107648001300010022000A31FFF7CAFF10BD10B570
:107658004B880C88E41AA4B294420ED39A1892B2BA
:107668008B884A800A800069D21A92B2824201D27B
:10767800002010BD1B188B80FAE716204042F8E75F
:10768800F0B50E001500002785B001902A0001987A
:1076980003A9FFF7BDFF041E09D03100220003989B
:1076A80001F0FBF83F192D1B3619002DEED1019B77
:1076B8003A001800191DFFF7CAFF380005B0F0BDE1
:1076C800F0B50D001600002785B001903200019832
:1076D80003A9FFF7ADFF041E0AD0002D05D0020054
:1076E8000399280001F0D9F82D193F19361BEDD15F
:1076F80001993A0001980A31FFF7A9FF380005B04F
:10770800F0BD70470020704710B501F0A0F80A22BC
:107718000023F8F749FE10BD10B5012101F09BF8D0
:1077280010BD002110B50800FAF72EFC002010BD8E
:107738001FB5029000200391030002000100019090
:107748000090FAF721FD05B000BD70470020704792
:10775800436810B5DA7101224368196043685A71A9
:10776800FFF7F3FF10BD70B50E00040015001900F7
:10777800002802D1FAF7CEFC70BD002B06D0130307
:107788005B0D1030C018120D01F087F8200025603D
:107798006660FAF7CFFCEFE77FB500200BAB0593E7
:1077A80003930A9B02220293019003000090FAF7C8
:1077B800EBFC07B000BDF8B506000D0014001F0073
:1077C800002C00D1F8BD210028003A00B047241A47
:1077D8002D18F5E713B56B464A68D87107330C685E
:1077E800180001215268A047002016BD70B504009A
:1077F8000D000A2802D10D20FFF7ECFF2900200018
:10780800FFF7E8FF002070BDF0B58B6889B00693DC
:107818000B880790DB0508000D780C005E0F170039
:10782800FAF70CFD0023AD0601006D0F984203DB4B
:107838002800FAF79BFC030021002268103112038C
:10784800520D60888C18551EAA41524211400022E0
:1078580000090490029107980699059703940196E8
:107868000092FAF719FD09B0F0BD436800201B68C3
:107878005B681961704743681B681A6852685360EF
:107888007047F7B5012143681B685A6811751D6870
:107898006B682F681C685B68AE680193002C02D186
:1078A8006B681C60F7BD21003000019AB847241AA4
:1078B8003618F3E770B543680C001D686B681869E3
:1078C800FAF7CCFB0F22030021002868984770BD07
:1078D8007FB500200BAB059303930A9B019002939D
:1078E80000900300FAF750FC07B000BD7FB50020F8
:1078F8000BAB059303930A9B01900293009003003E
:10790800FAF742FC07B000BD0068002806D004382A
:1079180003685B688B4201D04068F6E770470068EF
:10792800002808D0043803685B685B689B788B4242
:1079380001D04068F4E7704710B5006800280FD000
:10794800043803685B681A6A1B7FDB009B189A423D
:1079580001D14068F2E70832141F24788C42F6D12E
:1079680010BD7FB500200BAB059303930A9B012242
:107978000293019003000090FAF706FC07B000BDDF
:1079880010B5FBF7C3FC002804D040681030434210
:107998005841C0B210BD10B5020004004B1CDBB248
:1079A800083A2534817081762370C376917010BDB2
:1079B800030010B5083B9C301A6859680068904766
:1079C80010BD002203694A331A707047036900200A
:1079D8001A004A32127882420CD01A0048321278C1
:1079E800824207D090331A689388918910695B1A8C
:1079F8009BB2C01A7047002203694B331A70704754
:107A0800036900201A0049321278824201D04B33B0
:107A18001878704710B50400FFF7F2FF0300012043
:107A2800002B04D12000FFF7D1FF431E984110BD61
:107A3800036906C370470369022908D004290BD0DB
:107A480001290ED194331B680020136070479B33C3
:107A58001B789B07DB0FF7E701219B331B780B4053
:107A6800F2E786204042F1E7CA790369002A01D08B
:107A7800012A03D10020A1331A70704786204042A2
:107A8800FBE7036901201A00943212680A601A00A1
:107A980098321278002A03D0013A501E8241901C75
:107AA8001A00487199321278501E032800D9002212
:107AB8000A711A009A3210780122062806D0921804
:107AC800072803D00022052800D003328A71A13389
:107AD8001B780020CB71704710B50369402936D058
:107AE8000FD810292AD006D8012917D0082919D06B
:107AF8001320404210BD2029FAD19C330424197860
:107B08001FE080246400A14225D02419A14226D078
:107B18008029EDD19C331024197812E094331A602F
:107B28000020E7E701249C331978A143002A00D0FC
:107B3800214319700121FBF793FEF1E702249C33DE
:107B48001978A143002A00D021431970F3E79C3328
:107B580008241978F5E79C3320241978F1E79C3339
:107B680040241978EDE7F7B50469050027008C373C
:107B78003868FFF7A5FD26000190A0363378002B62
:107B880016D03A689388918912695B1A9BB2D31A06
:107B98003F2B0DD923009E331B78002B06D06B6832
:107BA80022001B6A0021187BFBF7F8FE00233370C4
:107BB8000198FEBD10B50122FFF7D5FF0138431E1D
:107BC8009841404210BD03691A00903211688A88B2
:107BD80088890969121A92B2914203D11A000021C8
:107BE800483211701A008C321268D1885289914239
:107BF80002D1002249331A70012070477FB5002056
:107C08000BAB059303930A9B012202930190030097
:107C18000090FAF7B9FA07B000BD10B50100006886
:107C2800FBF754FF10BD10B5FBF7B2FFFBF7CEFF13
:107C380010BD7FB500200BAB059303930A9B01226F
:107C48000293019003000090FAF79EFA07B000BD76
:107C580010B500210120FBF739FF10BD10B5FCF766
:107C680039F9FDF735FFFEF75BFFFCF779F9FDF70A
:107C78006FFF002802D162B6BFF36F8F7047BFF362
:107C88004F8F30BF62B6BFF36F8F704710B5FCF7E8
:107C9800BFF910B50B6949699847002010BD10B5A8
:107CA800FCF7A2F9002010BD7FB500200BAB0593AF
:107CB80003930A9B0190029300900300FAF764FA79
:107CC80007B000BD10B50C00FCF7C0F9002802D0C1
:107CD8004460002010BD16204042FBE710B50400A8
:107CE8000078FCF7B3F9002805D06388038023796E
:107CF8008370002010BD16204042FBE710B5040039
:107D0800FCF7A4F900280BD0640601D1002010BDAF
:107D1800026A1368DBB213600023C3708360F5E75F
:107D280016204042F3E710B50C00FCF78FF9002845
:107D380005D0002C03D0C3780020237010BD162076
:107D48004042FBE770B50500FCF780F9041E0BD034
:107D5800C369002B06D02800FCF78EF9E269136886
:107D6800DBB21360002070BD16204042FBE710B55F
:107D7800FCF76CF9036A18688005800D10BD70B5B2
:107D880005001600FCF7E0FD041E03D0162464422B
:107D9800200070BD002EFBD02800FCF761FE0028F3
:107DA800F6D0F3E710B5FCF751F9002801D00088A8
:107DB80010BD16204042FBE7030001200A1FD2B283
:107DC80000B582420DD90E290AD80800F8F7F2F951
:107DD8000A0A0A0A08080A0A0A0A11111D212100BA
:107DE800002000BD1A680C234B4398580005C00FAB
:107DF800F7E70A2907D19B685868292318404342A6
:107E08005841C0B2EDE7DB68F6E75B685868C00424
:107E1800EDE70120E5E749B2030010B5EA20102993
:107E280004DC5868FFF7C8FF0130C0B210BD49B282
:107E380010B51400102906DCFCF70CFFF8F720FE3B
:107E48002060002010BD16204042FBE70123F0B55A
:107E58000700002587B05B42039101900293039BC2
:107E68009D4224D22E006C003C190123029AE3564D
:107E780093420FD16B00F818FB560222049301239A
:107E8800C3562100059300F008FD049B01352370BB
:107E9800059B6370039B01360234B342E5D1019B15
:107EA8001B785BB20293019B02330193D7E707B0BB
:107EB800F0BDD0231B065B6800200B6070470A00EA
:107EC80010B503691000D96888430100D020000666
:107ED8004161DC681969214011408162D9681B69D8
:107EE800114099434162002010BD0A0010B5036992
:107EF8001000D96888430100D02000068161DC6841
:107F08001969214011404162D9681B6911409943A0
:107F18008162002010BD03690800DA689043D0220E
:107F28001206D061DB6800200B40D362704710B5A1
:107F380003695868002821D088421BD108689C68CA
:107F48005860A14200D1986000200860824206D0A3
:107F58005A680A609A685960002A00D1996000201E
:107F680010E0814206D10868206098688142EBD110
:107F78009C60E9E7040000680028F2D1002AE7D1F4
:107F88001620404210BD10B543685B68002B00D036
:107F98009847002010BD70B50E0015000F21002273
:107FA80030001C00FDF77AFC80239B039D420FD014
:107FB8008023A101DB042340C90FED010AD5890004
:107FC800002B01D00823194301223000FDF766FC7D
:107FD800002070BD002BF7D00223F4E710B5002273
:107FE80003210D20FBF74CFF0D20FBF72DFF10BDE3
:107FF80030B50469D02000060369E56853400B409A
:10800800AB430D00C361036A53409D432B00E568F1
:108018001D4023692B40C362036A5A400A40E16845
:10802800236911409943C162002030BD73B5050032
:108038000C00EFF3108672B6684600F040FA002E86
:1080480002D162B6BFF36F8F082C00D9082428002C
:108058002200694600F021FC200076BD30B5036897
:10806800136005790468ED006419A34202D3022065
:10807800404230BD5C798C4201D00833F0E70020E3
:10808800F7E7F8B5040001268D004519AC4201D187
:108098000020F8BD2078271DC006C00E00F004FAA5
:1080A800218820788905C006C90EC00EFDF780FB1F
:1080B800A27820786178D207C006D20FC909C00E0D
:1080C800FDF78EFB617820788906C006090FC00E7F
:1080D800FDF7C8FB617820788909C0063140C00ED9
:1080E800FDF7B0FBA17820784907C006C90FC00E7C
:1080F800FDF79AFBA17820788907C006C90FC00E42
:10810800FDF7EEFBA1782078C906C006890FC00EDE
:10811800FDF778FB3C00B9E70020704783680079D9
:10812800022809D004280BD001280CD1C9180B78D3
:10813800DBB2002013607047C9180B889BB2F8E7C0
:10814800C9180B68F5E716204042F4E70300F0B5BC
:1081580085B05F6801923E790800F100F8F77AF877
:1081680003AA04000D0081B23800FFF7D7FF0028EA
:1081780017D101220399EDB2AA400B00944693430C
:108188007D79019A954201D063460B43BA68022E65
:1081980009D0042E0CD0012E0ED1A4B2DBB2A41843
:1081A800237005B0F0BDA4B29BB2A4182380F8E7F1
:1081B800A4B2A4182360F4E716204042F1E710B5F2
:1081C8000122FFF7C3FF10BD10B50022FFF7BEFF65
:1081D80010BD70B504000D00FFF7F1FF002803D1B2
:1081E80029002000FFF7F0FF70BD030073B55E683B
:1081F800080031791400C900F8F72CF801AA0D001D
:1082080081B23000FFF78AFF002809D1019BEDB247
:10821800EB4001229A43737959424B4153402370F2
:1082280076BD02694368127A1B68002A05D11A6B69
:10823800D2070DD51A6B92050AD59A69D20607D4CA
:108248001B680B7043681B6858680F2318407047F9
:1082580001204042FBE7202243681B6898691042CE
:10826800FCD11960704743681B6858685A68000752
:10827800C00F520701D50822104302225968114243
:1082880000D010435B68DB0701D50423184370470F
:1082980010B5036911CB11C1002010BD030070B5E2
:1082A800002020265C682468A569354202D1151A89
:1082B800002D00DC70BD0D5C01302560F2E7030085
:1082C80070B500201025141A002C04DD5C682468A1
:1082D800A6692E4200D070BD24680C540130F2E724
:1082E800F8B52026436805691A680400936B334380
:1082F80093632B7C002B04D000232B746B69002B19
:108308000CD1F8BDEFF3108772B620006B69A9692C
:108318009847002F02D162B6BFF36F8F63681B685E
:108328009B6B3342EED1ECE70122202103691A74DA
:1083380043681A68936B8B439363704743680120C3
:108348001B689B69DB089843704702694368127A87
:108358001B68002A06D1196B01320800FF32104051
:1083680011420BD02022996B0020114206D0D96B04
:108378000130114202D19B69DB09184070474368FC
:108388001A685023916B0B439363704750214368DD
:108398001A68936B8B439363704702694368127A38
:1083A8001B68002A06D1196B802208009200104031
:1083B800114207D09A6B0020D20603D59B69013081
:1083C8001B099843704743681A68F023916BDB00D8
:1083D8000B439363704710B50400FFF7DEFF0300FB
:1083E8000120002B04D12000FFF7AFFF431E984166
:1083F80010BD01207047036959619A61704710B533
:1084080003695A69002A0AD0EFF3108472B65A69D0
:1084180099699047002C02D162B6BFF36F8F10BDE7
:10842800002070470020704710B500220321142057
:10843800FBF726FD1420FBF707FD10BD10B5002241
:1084480003211520FBF71CFD1520FBF7FDFC10BDD3
:10845800002070470020704710B50122FCF73AFE53
:1084680010BDF0B585B016000A9A029003919342A8
:1084780001D2FFF70BFC1F0E1C020A9A00232000F2
:108488003900F7F791FF00230500020039002000AA
:10849800F7F78AFF32000300039902980095FDF769
:1084A80093F8012005B0F0BD0123D022834010B518
:1084B8001206936205219361FDF77AF910BD70B534
:1084C8000024092688B005003200210001A8009484
:1084D80000F0ECF93200210005A8049400F0E6F958
:1084E8004B236A466846137004A90D2200F088FAE7
:1084F800152108222800694400F0CFF908B070BDA2
:1085080070B5041E09D0FDF74DF87D2305005C43C6
:10851800FDF748F8401BA042FAD370BD7047002809
:1085280009D00123C26800205178194202D010787E
:1085380042425041184070477FB500200BAB05936D
:1085480003930A9B01220293019003000090F9F71C
:108558001BFE07B000BDEFF3108372B6FEE710B53F
:1085680043690400002B06D100200123E2685178FA
:108578000B43537010BD98470028F5D0C317C01897
:108588005840FF2800DDFF20E3681870EDE710B5BC
:1085980000F08CF910BD10B500F07FF910BD10B5D2
:1085A800EFF3108372B6FFF76AFBF9E742680368D6
:1085B800022113605A600023427B03608A434360B0
:1085C8004273836070470E2210B5825600238A4298
:1085D80002D0FDF7CBFF0300180010BD002A07D01A
:1085E8008A4205D38160C260006040600020704705
:1085F80016204042FBE7012230B5140003688C4086
:108608001D00CB40A54305601800104030BD10B5D3
:10861800002804D000227830110000F0D0F810BDF6
:1086280037B5EFF3108572B6002304000321043830
:108638000193103CFFF7DFFF002805D0A36A200054
:1086480001A90193FDF74EFD002D02D162B6BFF3DB
:108658006F8F37BD70B50D0004001022002100F0A7
:1086680025F9656070BD13B501900800EFF310841B
:1086780072B601A9FDF736FD002C02D162B6BFF330
:108688006F8F16BD10B5FFF7EEFF041E04DDEFF384
:10869800108072B6FDF7F4FF200010BD70B53022CF
:1086A8000D000021040000F001F980235B006560E3
:1086B800E36070BDEFF30580431E9841C0B2704778
:1086C8005820404270470020704703684268136092
:1086D8005A60002303604360704710B50400FFF739
:1086E800F4FF0222637B934363730023A36010BDEE
:1086F80070B504000D00FDF799FE0223627B134359
:108708006373002D1CD0A5602B689D4209D16B684E
:10871800256063601C606C6012E06A689A42F6D05B
:108728001B68002BF3D00E220E21A25659568A42FE
:10873800F3D09142F1DD5A682360626014605C6096
:1087480070BD10B5EFF3108472B6FDF729FE002C4A
:1087580002D162B6BFF36F8F10BD70B50400EFF39E
:10876800108572B62823427B1A420BD18368002BEE
:1087780001D0FFF7B2FF0422637B200093436373A9
:10878800FDF70EFE002D02D162B6BFF36F8F70BDEC
:1087980010B501211838FFF7E0FF10BD0200C3171C
:1087A8000021632010B58018594100236422F7F78F
:1087B800FBFDC117FEF706F86423584310BD0300FC
:1087C80070B5EFF3108572B604680020A3420ED08E
:1087D80084420CD0E16622612000FFF77EFF200072
:1087E800183000F00AF82000FDF7DAFD0120002D0E
:1087F80002D162B6BFF36F8F70BD70B50400EFF39E
:10880800108572B60368002B1AD0FEF7A3F906008C
:108818002000FEF7CFF9802300221B062261636146
:10882800A64206D1FEF7BAF9FEF79CF90021FCF73B
:1088380011FE0020002D02D162B6BFF36F8F70BD0C
:1088480016204042F6E710B5FEF7CEFA10BD10B577
:10885800FEF7CAFA10BD0300EFF3108272B6006883
:1088680041181960002A02D162B6BFF36F8F7047B2
:108878000300EFF3108272B60068411A1960002AEB
:1088880002D162B6BFF36F8F7047030010B50C3387
:10889800C3600361FEF70DFE10BD002310B59A42B8
:1088A80000D110BDCC5CC4540133F8E70300821832
:1088B800934200D1704719700133F9E703005E2233
:1088C8000020203B9A4240417047030041188B42E8
:1088D80002D01A78002A01D1181A70470133F6E736
:1088E800F0B50D003721C91A8FB0C9B20D911F21FB
:1088F80004000B400C930C99E3B2082955D01029B9
:1089080000D164E0E9076008084369080690079108
:10891800A008A9070843A90808900991089E099F7B
:1089280006980799801979410E07B44606090096FA
:108938006646009F37430E0900970196009E019FE7
:10894800801979410E06B4466746060A3E430296E8
:108958000E0A0396029E039F801979410E04B446BD
:108968006746060C3E4304960E0C0596049E059F2A
:108978008019794100260A910B960A9E0B9F80194F
:1089880079414E07CD080521C408344361434900A5
:108998005B1ADBB2092B12D9012000210A3B2418EB
:1089A8004D41DBB21DE00200A5E707210B40690736
:1089B8008C466646E008E908064334000D0030336B
:1089C80013702300501C2B43EDD10FB0F0BD0F21C5
:1089D8000B4029078C4666462009290906433400BE
:1089E8000D00092BEBD90D99CB18DBB2E7E7000096
:1089F800014800687047000080090020000000005E
:108A080001B40248844601BC604700BF050200204B
:088A18009A8CFF7F01000000B1
:108A200000000000908A0010396E00100000000065
:108A300000000000B08A001000000000108B001041
:108A400000000000F08A001000000000D08A001032
:108A5000294F001000000000C55300100000000066
:108A60002B770010000000003140001000000000D3
:108A700000000000308B0010A53A0010000000003C
:108A80005D6E0010000000008D410010000000002D
:108A900051990010288E0010548C0010CA0200203A
:108AA00010010020614D00100000000000000000D7
:108AB00077990010288F0010448C0010CE020020FF
:108AC00000000000218100100000000000000000F4
:108AD000F5950010CC030020708C0010C802002017
:108AE00000000020213800100000000000000000FD
:108AF0009199001034010020C48C0010D002002095
:108B00001801002049520010000000000000000081
:108B10009F99001078010020C48C0010D202002020
:108B20005C0100204952001000000000000000001D
:108B30006B990010208F0010208C0010CC020020B8
:108B4000240F00208F7F00100000000000000000B4
:108B500000000000597C001000000000597C00104B
:108B600000000000597C001000000000597C00103B
:108B700000000000597C0010000000009542001029
:108B800000000000597C001000000000597C00101B
:108B900000000000597C001000000000597C00100B
:108BA00000000000597C001000000000597C0010FB
:108BB00000000000597C0010308B0010AD4F0010F9
:108BC00000000000597C001000000000597C0010DB
:108BD00000000000597C001000000000597C0010CB
:108BE00000000000597C001000000000597C0010BB
:108BF000108B001007840010F08A0010078400100A
:108C000000000000597C001000000000597C00109A
:108C100000000000597C001000000000597C00108A
:108C200011500010BB7E0010F97F0010C77E0010AD
:108C3000F37E00101F7F00109F7F0010377F001011
:048C40007D4F001054
:108C4400F3810010C7810010D1810010DB81001076
:108C5400114B0010514B001000000000377E001033
:0C8C64001F7E0010000000000000000057
:108C7000BD7B0010B138001000000000717A0010B8
:108C80008B7A0010DD3600106F7B0010B1360010BB
:108C9000CB790010D579001085360010FF790010CF
:108CA00000000000097A0010000000000000000031
:108CB0001D7A0010CF7B0010397A0010E17A001085
:108CC0003F7A00102B8200105F8200106F8200102C
:108CD0006184001099820010A5820010C7820010E4
:108CE000E982001031830010538300108783001045
:108CF0009583001045830010A3830010CF830010DC
:108D0000C9500010DF830010FB830010FF830010A8
:088D100000000000000000005B
:108D18009591001003000000AA91001003000000C4
:108D2800AE910010030000006F92001003000000D5
:108D3800F7900010030000007D9A00100300000067
:108D4800A6910010030000008891001003000000A5
:108D580028990010030000005E9500100300000031
:108D68003D94001003000000E89500100300000087
:108D78000C8E0010B80000205E9200100100000068
:108D880000C201000001030000C201000000080049
:108D98000A010A020A030A040C050A0605070B0859
:108DA8000B090B0A0C0B0C0CFF0DFF0E0D0FFF101F
:108DB800FF00000011780010000000000000000013
:108DC80000000000000000003E92001046920010D3
:108DD8000000000000000000000000004E9200109B
:108DE80052920010569200105A920010FC8D0010FA
:108DF80088070020AD250010A0070020A211002040
:108E080001000000BD780010000000008B78001001
:108E18007F78001000000000737800100000000048
:108E280000800040004002400080024000C0024034
:108E380000000640188F0010010000007D000000AF
:108E480006000000020000000100000064000000AD
:108E58000500000005000000000000000000000000
:108E680040597307405973070000000000000000D4
:108E780040597307405973070000000000000000C4
:108E880040597307405973070000000000000000B4
:108E980040597307405973070200000000000000A2
:108EA800001BB700001BB700010000000000000015
:108EB8004059730740597307000000000000000084
:108EC8004059730740597307000000000000000074
:108ED800006CDC02006CDC020000000000000000F6
:108EE800006CDC02006CDC020000000000000000E6
:108EF8001BB70000006CDC020C000000A00A000098
:108F08001000000000000000000000000000000049
:108F1800208F001000000000FFFFFF3FE57F0010DA
:108F280000C000400400000000C000403C8F00105A
:108F380001000000448F00100200000048040000F7
:108F480049040000548F0010010000005C8F0010DD
:108F5800020000004004000041040200339A00109F
:108F6800419A0010559A0010649A0010709A0010E7
:108F7800208A0010208A0010588A0010608A001089
:108F8800908A0010908A0010BB9A0010000100001F
:108F980025733A20252E32662025730025733A2042
:108FA8004368616E6E656C206E6F742073757070A7
:108FB8006F727465640025733A204572726F72206F
:108FC80067657474696E672076616C75653A2025EB
:108FD80064004572726F72206665746368696E67B3
:108FE8002073656E736F7220646174613A20256422
:108FF80000C2B0430054656D706572617475726526
:1090080000250048756D69646974790068506100CD
:109018005072657373757265006C7578004C69677A
:109028006874004F686D00476173205265736973F7
:1090380074616E6365002D2D2D2D2D2D2D2D2D2D5B
:109048002D2D2D2D2D2D2D2D2D2D2D2D2D2D2D2D48
:109058002D2D003D3D3D20536D6172742047617296
:1090680064656E2042617365204E6F6465203D3DE6
:109078003D0055534220436F6E736F6C6520656EDB
:1090880061626C6564004661696C656420746F2078
:10909800656E61626C65205553423A202564005321
:1090A800656E736F7220646576696365206E6F7490
:1090B8002072656164790053656E736F7220646510
:1090C80076696365207265616479202D2073746107
:1090D8007274696E67206D6F6E69746F72696E67FE
:1090E8000073656E736F725F746872656164006D9A
:1090F80061696E005265636569766564206279749A
:10910800653A2030782530327820282563290043B5
:109118006F6D706C657465206D6573736167653A12
:109128002025730055415254206465766963652093
:109138006E6F7420726561647900436F756C64208A
:109148006E6F7420636F6E6669677572652055412E
:1091580052543A202564005541525420696E69746E
:1091680069616C697A656400554152542068616E82
:10917800646C65722072756E6E696E672E2E2E0095
:10918800756172745F68616E646C657200636270A9
:1091980072696E74665F7061636B61676500736F97
:1091A80063006C6F67006C6F675F6D676D74004D6F
:1091B8006573736167652064726F7070656420629F
:1091C8006563617573652069742065786365656496
:1091D800732073697A65206C696D69746174696F4D
:1091E8006E2028257529000D0A001B5B306D0025AF
:1091F8007320005B2530386C755D20005B253032AC
:10920800753A253032753A253032752E253033754A
:109218002C253033755D200025732F003C25733EC7
:10922800200025733A2000253032782000202020A5
:10923800007C002563001B5B313B33316D001B5BF9
:10924800313B33336D006572720077726E00696E60
:109258006600646267006C6F675F6261636B656E6E
:10926800645F75617274006C6F675F75617274001A
:10927800456E64706F696E742030782530327820BE
:10928800697320696E76616C696400456E64706FFD
:10929800696E742030782530327820616C7265618F
:1092A80064792064697361626C6564004661696C05
:1092B800656420746F2064697361626C6520656EF3
:1092C80064706F696E742030782530327800536589
:1092D800742068616C74206570203078253032788D
:1092E80000436C6561722068616C74206570203081
:1092F800782530327800456E64706F696E7420305E
:10930800782530327820616C726561647920636FEA
:109318006E66696775726564004661696C6564208C
:10932800746F20636F6E66696775726520656E6419
:10933800706F696E742030782530327800456E641D
:10934800706F696E742030782530327820616C72C5
:109358006561647920656E61626C65640046616967
:109368006C656420746F20656E61626C6520656E43
:1093780064706F696E7420307825303278004661E9
:10938800696C656420746F20777269746520656EF6
:1093980064706F696E7420627566666572203078D5
:1093A8002530327800526571756573742062756670
:1093B80066657220746F6F20736D616C6C00555315
:1093C800422064657669636520737570706F727486
:1093D80020616C726561647920656E61626C656498
:1093E800004661696C656420746F20636F6E6669FE
:1093F80067757265205553422064657669636520F8
:10940800737461636B004572726F6E656F7573205C
:109418006465766963652064657363726970746FE7
:1094280072206F7220624D61785061636B6574536E
:10943800697A6530007573625F6465766963650093
:109448003031323334353637383941424344454672
:10945800005468657265206973206E6F20757362A9
:109468005F6366675F6461746120666F7220257050
:1094780000556E696E697469616C697A65642075F6
:1094880073625F6366675F6461746120706F696EA1
:109498007465722C20636F727275707465642064D1
:1094A80065766963652064657363726970746F7249
:1094B8003F004661696C656420746F2076616C6951
:1094C8006461746520656E64706F696E747300748E
:1094D8006865206E657720534E20646573637269F2
:1094E80070746F7220646F65736E2774206861767C
:1094F80065207468652073616D65206C656E67749E
:109508006820617320434F4E4649475F5553425F79
:109518004445564943455F534E00496E636F6D702D
:109528006C6574652064657669636520646573633A
:10953800726970746F72004661696C656420746F3B
:10954800206669787570205553422064657363728C
:109558006970746F72007573625F646573637269B2
:1095680070746F72005472616E73666572206572F2
:10957800726F722025642C20657020307825303277
:10958800780052582064617461206C6F73742C20C9
:109598006E6F207472616E73666572004E6F207410
:1095A80072616E7366657220736C6F742061766188
:1095B800696C61626C650041207472616E736665E6
:1095C8007220697320616C7265616479206F6E67BF
:1095D8006F696E672C2065702030782530327800EE
:1095E8007573625F7472616E73666572006364633B
:1095F8005F61636D5F756172743000757362776F58
:10960800726B710072302F61313A2020307825302A
:109618003878202072312F61323A20203078253076
:109628003878202072322F61333A20203078253064
:1096380038780072332F61343A202030782530385A
:1096480078207231322F69703A20203078253038EE
:1096580078207231342F6C723A20203078253038D7
:10966800780020787073723A202030782530387866
:10967800004661756C74696E6720696E73747275E3
:109688006374696F6E2061646472657373202872F5
:1096980031352F7063293A203078253038780055D5
:1096A8006E68616E646C6564204952516E3A20257B
:1096B80064005265736572766564204578636570E9
:1096C80074696F6E20280053707572696F75732006
:1096D800696E746572727570742028495251200041
:1096E800535053454C20696E20746872656164203C
:1096F8006D6F646520646F6573206E6F7420696E8A
:1097080064696361746520505350002A2A2A2A2A02
:109718002048415244204641554C54202A2A2A2A9E
:109728002A00415243485F455843455054207769C1
:10973800746820726561736F6E2025780A002A2A82
:109748002A2A2A20257320256429202A2A2A2A2A17
:109758000061626F727428290A00657020307825CC
:109768003032782077617320616C7265616479208A
:1097780061726D6564007573625F7270690045504F
:10978800305F4F5554207761732061726D65642096
:109798007768696C65207365747570207374616788
:1097A8006520617272697665642E004255532052B5
:1097B8004553455400646174612073657100727883
:1097C8002074696D656F7574007278206F766572A4
:1097D800666C6F77006269742073747566662065BD
:1097E80072726F7200637263206572726F720075B5
:1097F8006E68616E646C6564204952513A20307815
:109808002578004661696C656420746F206170700A
:109818006C792070696E6366673A20256400696E0A
:1098280076616C6964206570203078253032780064
:10983800696E76616C696420656E64706F696E74B8
:1098480020636F6E66696775726174696F6E006513
:109858006E64706F696E7420696E6465782F6164D8
:109868006472657373206F7574206F662072616E01
:10987800676500496E76616C696420456E64706F37
:10988800696E742025780057726F6E6720656E6464
:10989800706F696E7420646972656374696F6E3A7B
:1098A8002030782530327800417474656D707469A1
:1098B8006E6720746F2072656164207365747570BB
:1098C800207061636B6574207769746820746865BB
:1098D8002077726F6E67206C656E677468202865E4
:1098E800787065637465643A2025642C207265611C
:1098F800643A202564290057726F6E672061726789
:10990800756D656E7473004E6F742076616C696452
:1099180020656E64706F696E743A20253032780065
:109928007564635F727069000B0A0E0C0F10050AEC
:109938000B0E0C0F100A0B0D0C0F100B0F100A0F4B
:10994800100B0E0C0507080904636C6F636B2D631D
:109958006F6E74726F6C6C657240343030303830B2
:109968003030006770696F2D706F7274403000720C
:10997800657365742D636F6E74726F6C6C6572407D
:1099880034303030633030300075617274403430B8
:1099980030333830303000756172744034303033D1
:1099A800343030300048616C74696E6720737973A5
:1099B80074656D00556E6B6E6F776E206572726F91
:1099C8007200756E6B6E6F776E003E3E3E205A4594
:1099D8005048595220464154414C204552524F520A
:1099E8002025643A202573206F6E2043505520258A
:1099F80064004661756C7420647572696E672069CD
:109A08006E746572727570742068616E646C696ECC
:109A1800670A0043757272656E74207468726561B6
:109A2800643A202570202825732900435055206565
:109A38007863657074696F6E00556E68616E646CEA
:109A4800656420696E746572727570740053746110
:109A5800636B206F766572666C6F77004B65726E0C
:109A6800656C206F6F7073004B65726E656C20704B
:109A7800616E6963006F73002A2A2A20426F6F742F
:109A8800696E67205A6570687972204F5320627535
:109A9800696C642076342E312E302D323632342DD6
:109AA80067353930323538623338313465202A2AFF
:109AB8002A0A00737973776F726B7100286E756C60
:0C9AC8006C29002A666C6F61742A000093
:109AD4000000000000000000000000000000000082
:109AE4000000000000000000000000000000000072
:109AF4000000000000000000000000000000000062
:109B04000000000000000000000000000000000051
:109B14000000000000000000000000000000000041
:109B24000000000000000000000000000000000031
:109B34000000000000000000000000000000000021
:109B44000000000000000000000000000000000011
:109B5400000000000000000000000000D40000200D
:109B6400C000002000C20100000008000000000046
:109B740000000000000000000000000000000000E1
:109B8400CF7500100D770010F48D00100000000058
:109B9400383B00200000000000000000000000002E
:109BA40000040000383F0020000000000000000016
:109BB4000000000000040000CD3700108000000009
:109BC40059340010000000005934001080000000D7
:109BD40000000000A77C001000000000000000004E
:109BE400A02E6300A02E630000C201000001030048
:109BF4000000000000000000000000000000000061
:109C04000000000000800340348F001000000000BA
:109C140000000000908A0010060000004584001037
:109C240000000000598400105D84001000C201008F
:109C3400000103000000000000000000000000001C
:109C44000000000000000000004003404C8F0010A2
:109C54000000000000000000908A001006000000D0
:109C640031840010000000002D84001029840010AD
:109C7400A0010020A001002010B5084A1378002B91
:109C84000AD18023064807495B051C68C450043385
:109C94008B42FAD10123137010BDC046B7110020C6
:109CA400680F00100001001010B5014B984710BD5B
:109CB400690F0020054B02301B6800025840C02386
:109CC4009B001840024B18607047C0460C8001404E
:109CD4000C900140F0B51826142485B0029101902F
:109CE400338826492088170098473388244905007B
:109CF4002088984703903388208822499847060093
:109D0400002D04D0039B002B01D0002801D100F0CA
:109D14003BF8FFF7B1FFA847039B98470020FFF7E4
:109D2400C9FFC0223B00082502205205390019430F
:109D340007D10120FFF7BEFFB047FFF7B5FF05B01D
:109D4400F0BD916A0C002C4001420BD0002F09D0C9
:109D5400D91B0D2906D80199013F0978116601998B
:109D640001310191002CE1D0002BDFD0116E029C57
:109D7400013B2170210001310291D7E749460000DF
:109D8400455800004643000001B40248844601BC23
:089D9400604700BF957C001040
:0C9D9C00000000000000000000000000BB
:049DA80000000000B7
:109DAC0000000000C0260020001000000000000091
:049DBC0000000000A3
:109DC000EC020020EC020020000000000000000077
:049DD0000E00000081
:109DD40000030020000300200C0000000A00000023
:109DE400C03A0020383B0020C03A0020C03A00208E
:089DF400000000000000000067
:109DFC0012010002EF020140E32F000101040102F5
:109E0C000301090200000001008032080B0002026D
:109E1C0002000009040000010202000005240010E9
:109E2C000105240102010424020205240600010795
:109E3C0005800310000A09040100020A0000000753
:109E4C0005800240000007050002400000040309E1
:109E5C00040E035A455048595200000000000010EF
:109E6C00035553422D4445560000000000000022CB
:109E7C000330313233343536373839414243444577
:109E8C004600000000000000000000000000000080
:039E9C00000000C3
:109EA000000000004B0300209F790010253A0010AD
:109EB00075370010000000000000000003000000E3
:049EC000E800002096
:049EC40015E015E0B0
:0400000510003D4D5D
:00000001FF
