
/home/reva/sensorbasenode/sensor_node/build/sensor_node.elf:     file format elf32-littlearm

Sections:
Idx Name          Size      VMA       LMA       File off  Algn
  0 .boot2        00000100  10000000  10000000  00001000  2**0
                  CONTENTS, ALLOC, LOAD, READONLY, CODE
  1 .text         00004f98  10000100  10000100  00001100  2**3
                  CONTENTS, ALLOC, LOAD, READONLY, CODE
  2 .rodata       000006d4  10005098  10005098  00006098  2**3
                  CONTENTS, ALLOC, LOAD, READONLY, DATA
  3 .binary_info  00000028  1000576c  1000576c  0000676c  2**2
                  CONTENTS, ALLOC, LOAD, READONLY, DATA
  4 .ram_vector_table 000000c0  20000000  20000000  00008000  2**2
                  ALLOC
  5 .uninitialized_data 00000000  200000c0  200000c0  00007250  2**0
                  CONTENTS
  6 .data         00000190  200000c0  10005794  000070c0  2**4
                  CONTENTS, ALLOC, LOAD, READONLY, CODE
  7 .tdata        00000000  20000250  20000250  00007250  2**0
                  CONTENTS, ALLOC, LOAD, DATA, THREAD_LOCAL
  8 .tbss         00000000  20000250  20000250  00000000  2**0
                  ALLOC, THREAD_LOCAL
  9 .bss          00000410  20000250  10005924  00007250  2**3
                  ALLOC
 10 .heap         00000800  20000660  20000660  00007250  2**2
                  CONTENTS, READONLY
 11 .scratch_x    00000000  20040000  20040000  00007a50  2**0
                  CONTENTS
 12 .scratch_y    00000000  20041000  20041000  00007a50  2**0
                  CONTENTS
 13 .stack_dummy  00000800  20041000  20041000  00007a60  2**5
                  CONTENTS, READONLY
 14 .ARM.attributes 00000028  00000000  00000000  00008260  2**0
                  CONTENTS, READONLY
 15 .comment      00000033  00000000  00000000  00008288  2**0
                  CONTENTS, READONLY
 16 .debug_info   00024535  00000000  00000000  000082bb  2**0
                  CONTENTS, READONLY, DEBUGGING, OCTETS
 17 .debug_abbrev 00005eb7  00000000  00000000  0002c7f0  2**0
                  CONTENTS, READONLY, DEBUGGING, OCTETS
 18 .debug_loc    0001d80d  00000000  00000000  000326a7  2**0
                  CONTENTS, READONLY, DEBUGGING, OCTETS
 19 .debug_aranges 00001150  00000000  00000000  0004feb8  2**3
                  CONTENTS, READONLY, DEBUGGING, OCTETS
 20 .debug_ranges 0000aec0  00000000  00000000  00051008  2**3
                  CONTENTS, READONLY, DEBUGGING, OCTETS
 21 .debug_line   0001a53f  00000000  00000000  0005bec8  2**0
                  CONTENTS, READONLY, DEBUGGING, OCTETS
 22 .debug_str    000056f6  00000000  00000000  00076407  2**0
                  CONTENTS, READONLY, DEBUGGING, OCTETS
 23 .debug_frame  0000212c  00000000  00000000  0007bb00  2**2
                  CONTENTS, READONLY, DEBUGGING, OCTETS

/home/reva/sensorbasenode/sensor_node/build/sensor_node.elf:     file format elf32-littlearm


Disassembly of section .boot2:

10000000 <__boot2_start__>:
10000000:	4b32b500 	.word	0x4b32b500
10000004:	60582021 	.word	0x60582021
10000008:	21026898 	.word	0x21026898
1000000c:	60984388 	.word	0x60984388
10000010:	611860d8 	.word	0x611860d8
10000014:	4b2e6158 	.word	0x4b2e6158
10000018:	60992100 	.word	0x60992100
1000001c:	61592102 	.word	0x61592102
10000020:	22f02101 	.word	0x22f02101
10000024:	492b5099 	.word	0x492b5099
10000028:	21016019 	.word	0x21016019
1000002c:	20356099 	.word	0x20356099
10000030:	f844f000 	.word	0xf844f000
10000034:	42902202 	.word	0x42902202
10000038:	2106d014 	.word	0x2106d014
1000003c:	f0006619 	.word	0xf0006619
10000040:	6e19f834 	.word	0x6e19f834
10000044:	66192101 	.word	0x66192101
10000048:	66182000 	.word	0x66182000
1000004c:	f000661a 	.word	0xf000661a
10000050:	6e19f82c 	.word	0x6e19f82c
10000054:	6e196e19 	.word	0x6e196e19
10000058:	f0002005 	.word	0xf0002005
1000005c:	2101f82f 	.word	0x2101f82f
10000060:	d1f94208 	.word	0xd1f94208
10000064:	60992100 	.word	0x60992100
10000068:	6019491b 	.word	0x6019491b
1000006c:	60592100 	.word	0x60592100
10000070:	481b491a 	.word	0x481b491a
10000074:	21016001 	.word	0x21016001
10000078:	21eb6099 	.word	0x21eb6099
1000007c:	21a06619 	.word	0x21a06619
10000080:	f0006619 	.word	0xf0006619
10000084:	2100f812 	.word	0x2100f812
10000088:	49166099 	.word	0x49166099
1000008c:	60014814 	.word	0x60014814
10000090:	60992101 	.word	0x60992101
10000094:	2800bc01 	.word	0x2800bc01
10000098:	4700d000 	.word	0x4700d000
1000009c:	49134812 	.word	0x49134812
100000a0:	c8036008 	.word	0xc8036008
100000a4:	8808f380 	.word	0x8808f380
100000a8:	b5034708 	.word	0xb5034708
100000ac:	20046a99 	.word	0x20046a99
100000b0:	d0fb4201 	.word	0xd0fb4201
100000b4:	42012001 	.word	0x42012001
100000b8:	bd03d1f8 	.word	0xbd03d1f8
100000bc:	6618b502 	.word	0x6618b502
100000c0:	f7ff6618 	.word	0xf7ff6618
100000c4:	6e18fff2 	.word	0x6e18fff2
100000c8:	bd026e18 	.word	0xbd026e18
100000cc:	40020000 	.word	0x40020000
100000d0:	18000000 	.word	0x18000000
100000d4:	00070000 	.word	0x00070000
100000d8:	005f0300 	.word	0x005f0300
100000dc:	00002221 	.word	0x00002221
100000e0:	180000f4 	.word	0x180000f4
100000e4:	a0002022 	.word	0xa0002022
100000e8:	10000100 	.word	0x10000100
100000ec:	e000ed08 	.word	0xe000ed08
	...
100000fc:	7a4eb274 	.word	0x7a4eb274

Disassembly of section .text:

10000100 <__VECTOR_TABLE>:
10000100:	20042000 	.word	0x20042000
10000104:	100001f7 	.word	0x100001f7
10000108:	100001c3 	.word	0x100001c3
1000010c:	100001c5 	.word	0x100001c5
10000110:	100001c1 	.word	0x100001c1
10000114:	100001c1 	.word	0x100001c1
10000118:	100001c1 	.word	0x100001c1
1000011c:	100001c1 	.word	0x100001c1
10000120:	100001c1 	.word	0x100001c1
10000124:	100001c1 	.word	0x100001c1
10000128:	100001c1 	.word	0x100001c1
1000012c:	100001c7 	.word	0x100001c7
10000130:	100001c1 	.word	0x100001c1
10000134:	100001c1 	.word	0x100001c1
10000138:	100001c9 	.word	0x100001c9
1000013c:	100001cb 	.word	0x100001cb
10000140:	100001cd 	.word	0x100001cd
10000144:	100001cd 	.word	0x100001cd
10000148:	100001cd 	.word	0x100001cd
1000014c:	100001cd 	.word	0x100001cd
10000150:	100001cd 	.word	0x100001cd
10000154:	100001cd 	.word	0x100001cd
10000158:	100001cd 	.word	0x100001cd
1000015c:	100001cd 	.word	0x100001cd
10000160:	100001cd 	.word	0x100001cd
10000164:	100001cd 	.word	0x100001cd
10000168:	100001cd 	.word	0x100001cd
1000016c:	100001cd 	.word	0x100001cd
10000170:	100001cd 	.word	0x100001cd
10000174:	100001cd 	.word	0x100001cd
10000178:	100001cd 	.word	0x100001cd
1000017c:	100001cd 	.word	0x100001cd
10000180:	100001cd 	.word	0x100001cd
10000184:	100001cd 	.word	0x100001cd
10000188:	100001cd 	.word	0x100001cd
1000018c:	100001cd 	.word	0x100001cd
10000190:	100001cd 	.word	0x100001cd
10000194:	100001cd 	.word	0x100001cd
10000198:	100001cd 	.word	0x100001cd
1000019c:	100001cd 	.word	0x100001cd
100001a0:	100001cd 	.word	0x100001cd
100001a4:	100001cd 	.word	0x100001cd
100001a8:	100001cd 	.word	0x100001cd
100001ac:	100001cd 	.word	0x100001cd
100001b0:	100001cd 	.word	0x100001cd
100001b4:	100001cd 	.word	0x100001cd
100001b8:	100001cd 	.word	0x100001cd
100001bc:	100001cd 	.word	0x100001cd

100001c0 <isr_invalid>:
100001c0:	be00      	bkpt	0x0000

100001c2 <isr_nmi>:
100001c2:	be00      	bkpt	0x0000

100001c4 <isr_hardfault>:
100001c4:	be00      	bkpt	0x0000

100001c6 <isr_svcall>:
100001c6:	be00      	bkpt	0x0000

100001c8 <isr_pendsv>:
100001c8:	be00      	bkpt	0x0000

100001ca <isr_systick>:
100001ca:	be00      	bkpt	0x0000

100001cc <__unhandled_user_irq>:
100001cc:	f3ef 8005 	mrs	r0, IPSR
100001d0:	3810      	subs	r0, #16

100001d2 <unhandled_user_irq_num_in_r0>:
100001d2:	be00      	bkpt	0x0000

100001d4 <binary_info_header>:
100001d4:	7188ebf2 	.word	0x7188ebf2
100001d8:	1000576c 	.word	0x1000576c
100001dc:	10005794 	.word	0x10005794
100001e0:	10000238 	.word	0x10000238
100001e4:	e71aa390 	.word	0xe71aa390

100001e8 <_entry_point>:
100001e8:	481e      	ldr	r0, [pc, #120]	; (10000264 <data_cpy_table+0x2c>)

100001ea <_enter_vtable_in_r0>:
100001ea:	491f      	ldr	r1, [pc, #124]	; (10000268 <data_cpy_table+0x30>)
100001ec:	6008      	str	r0, [r1, #0]
100001ee:	c806      	ldmia	r0!, {r1, r2}
100001f0:	f381 8808 	msr	MSP, r1
100001f4:	4710      	bx	r2

100001f6 <_reset_handler>:
100001f6:	481d      	ldr	r0, [pc, #116]	; (1000026c <data_cpy_table+0x34>)
100001f8:	6800      	ldr	r0, [r0, #0]
100001fa:	2800      	cmp	r0, #0
100001fc:	d001      	beq.n	10000202 <hold_non_core0_in_bootrom+0x4>

100001fe <hold_non_core0_in_bootrom>:
100001fe:	4819      	ldr	r0, [pc, #100]	; (10000264 <data_cpy_table+0x2c>)
10000200:	e7f3      	b.n	100001ea <_enter_vtable_in_r0>
10000202:	a40d      	add	r4, pc, #52	; (adr r4, 10000238 <data_cpy_table>)
10000204:	cc0e      	ldmia	r4!, {r1, r2, r3}
10000206:	2900      	cmp	r1, #0
10000208:	d002      	beq.n	10000210 <hold_non_core0_in_bootrom+0x12>
1000020a:	f000 f812 	bl	10000232 <data_cpy>
1000020e:	e7f9      	b.n	10000204 <hold_non_core0_in_bootrom+0x6>
10000210:	4917      	ldr	r1, [pc, #92]	; (10000270 <data_cpy_table+0x38>)
10000212:	4a18      	ldr	r2, [pc, #96]	; (10000274 <data_cpy_table+0x3c>)
10000214:	2000      	movs	r0, #0
10000216:	e000      	b.n	1000021a <bss_fill_test>

10000218 <bss_fill_loop>:
10000218:	c101      	stmia	r1!, {r0}

1000021a <bss_fill_test>:
1000021a:	4291      	cmp	r1, r2
1000021c:	d1fc      	bne.n	10000218 <bss_fill_loop>

1000021e <platform_entry>:
1000021e:	4916      	ldr	r1, [pc, #88]	; (10000278 <data_cpy_table+0x40>)
10000220:	4788      	blx	r1
10000222:	4916      	ldr	r1, [pc, #88]	; (1000027c <data_cpy_table+0x44>)
10000224:	4788      	blx	r1
10000226:	4916      	ldr	r1, [pc, #88]	; (10000280 <data_cpy_table+0x48>)
10000228:	4788      	blx	r1
1000022a:	be00      	bkpt	0x0000
1000022c:	e7fd      	b.n	1000022a <platform_entry+0xc>

1000022e <data_cpy_loop>:
1000022e:	c901      	ldmia	r1!, {r0}
10000230:	c201      	stmia	r2!, {r0}

10000232 <data_cpy>:
10000232:	429a      	cmp	r2, r3
10000234:	d3fb      	bcc.n	1000022e <data_cpy_loop>
10000236:	4770      	bx	lr

10000238 <data_cpy_table>:
10000238:	10005794 	.word	0x10005794
1000023c:	200000c0 	.word	0x200000c0
10000240:	20000250 	.word	0x20000250
10000244:	10005924 	.word	0x10005924
10000248:	20040000 	.word	0x20040000
1000024c:	20040000 	.word	0x20040000
10000250:	10005924 	.word	0x10005924
10000254:	20041000 	.word	0x20041000
10000258:	20041000 	.word	0x20041000
1000025c:	00000000 	.word	0x00000000
10000260:	4770      	bx	lr
10000262:	0000      	.short	0x0000
10000264:	00000000 	.word	0x00000000
10000268:	e000ed08 	.word	0xe000ed08
1000026c:	d0000000 	.word	0xd0000000
10000270:	20000250 	.word	0x20000250
10000274:	20000660 	.word	0x20000660
10000278:	10004685 	.word	0x10004685
1000027c:	10000455 	.word	0x10000455
10000280:	1000467d 	.word	0x1000467d

10000284 <_init>:
10000284:	b5f8      	push	{r3, r4, r5, r6, r7, lr}
10000286:	46c0      	nop			; (mov r8, r8)

10000288 <deregister_tm_clones>:
10000288:	4804      	ldr	r0, [pc, #16]	; (1000029c <deregister_tm_clones+0x14>)
1000028a:	4b05      	ldr	r3, [pc, #20]	; (100002a0 <deregister_tm_clones+0x18>)
1000028c:	b510      	push	{r4, lr}
1000028e:	4283      	cmp	r3, r0
10000290:	d003      	beq.n	1000029a <deregister_tm_clones+0x12>
10000292:	4b04      	ldr	r3, [pc, #16]	; (100002a4 <deregister_tm_clones+0x1c>)
10000294:	2b00      	cmp	r3, #0
10000296:	d000      	beq.n	1000029a <deregister_tm_clones+0x12>
10000298:	4798      	blx	r3
1000029a:	bd10      	pop	{r4, pc}
1000029c:	20000250 	.word	0x20000250
100002a0:	20000250 	.word	0x20000250
100002a4:	00000000 	.word	0x00000000

100002a8 <register_tm_clones>:
100002a8:	4806      	ldr	r0, [pc, #24]	; (100002c4 <register_tm_clones+0x1c>)
100002aa:	4907      	ldr	r1, [pc, #28]	; (100002c8 <register_tm_clones+0x20>)
100002ac:	1a09      	subs	r1, r1, r0
100002ae:	108b      	asrs	r3, r1, #2
100002b0:	0fc9      	lsrs	r1, r1, #31
100002b2:	18c9      	adds	r1, r1, r3
100002b4:	b510      	push	{r4, lr}
100002b6:	1049      	asrs	r1, r1, #1
100002b8:	d003      	beq.n	100002c2 <register_tm_clones+0x1a>
100002ba:	4b04      	ldr	r3, [pc, #16]	; (100002cc <register_tm_clones+0x24>)
100002bc:	2b00      	cmp	r3, #0
100002be:	d000      	beq.n	100002c2 <register_tm_clones+0x1a>
100002c0:	4798      	blx	r3
100002c2:	bd10      	pop	{r4, pc}
100002c4:	20000250 	.word	0x20000250
100002c8:	20000250 	.word	0x20000250
100002cc:	00000000 	.word	0x00000000

100002d0 <__do_global_dtors_aux>:
100002d0:	b510      	push	{r4, lr}
100002d2:	4c07      	ldr	r4, [pc, #28]	; (100002f0 <__do_global_dtors_aux+0x20>)
100002d4:	7823      	ldrb	r3, [r4, #0]
100002d6:	2b00      	cmp	r3, #0
100002d8:	d109      	bne.n	100002ee <__do_global_dtors_aux+0x1e>
100002da:	f7ff ffd5 	bl	10000288 <deregister_tm_clones>
100002de:	4b05      	ldr	r3, [pc, #20]	; (100002f4 <__do_global_dtors_aux+0x24>)
100002e0:	2b00      	cmp	r3, #0
100002e2:	d002      	beq.n	100002ea <__do_global_dtors_aux+0x1a>
100002e4:	4804      	ldr	r0, [pc, #16]	; (100002f8 <__do_global_dtors_aux+0x28>)
100002e6:	e000      	b.n	100002ea <__do_global_dtors_aux+0x1a>
100002e8:	bf00      	nop
100002ea:	2301      	movs	r3, #1
100002ec:	7023      	strb	r3, [r4, #0]
100002ee:	bd10      	pop	{r4, pc}
100002f0:	200005d0 	.word	0x200005d0
100002f4:	00000000 	.word	0x00000000
100002f8:	10005098 	.word	0x10005098

100002fc <frame_dummy>:
100002fc:	4b05      	ldr	r3, [pc, #20]	; (10000314 <frame_dummy+0x18>)
100002fe:	b510      	push	{r4, lr}
10000300:	2b00      	cmp	r3, #0
10000302:	d003      	beq.n	1000030c <frame_dummy+0x10>
10000304:	4904      	ldr	r1, [pc, #16]	; (10000318 <frame_dummy+0x1c>)
10000306:	4805      	ldr	r0, [pc, #20]	; (1000031c <frame_dummy+0x20>)
10000308:	e000      	b.n	1000030c <frame_dummy+0x10>
1000030a:	bf00      	nop
1000030c:	f7ff ffcc 	bl	100002a8 <register_tm_clones>
10000310:	bd10      	pop	{r4, pc}
10000312:	46c0      	nop			; (mov r8, r8)
10000314:	00000000 	.word	0x00000000
10000318:	200005d4 	.word	0x200005d4
1000031c:	10005098 	.word	0x10005098

10000320 <setup_hardware>:
10000320:	b510      	push	{r4, lr}
10000322:	f004 faf1 	bl	10004908 <stdio_init_all>
10000326:	20fa      	movs	r0, #250	; 0xfa
10000328:	00c0      	lsls	r0, r0, #3
1000032a:	f001 fb11 	bl	10001950 <sleep_ms>
1000032e:	2019      	movs	r0, #25
10000330:	f000 fdd4 	bl	10000edc <gpio_init>
10000334:	23d0      	movs	r3, #208	; 0xd0
10000336:	2280      	movs	r2, #128	; 0x80
10000338:	061b      	lsls	r3, r3, #24
1000033a:	0492      	lsls	r2, r2, #18
1000033c:	625a      	str	r2, [r3, #36]	; 0x24
1000033e:	490b      	ldr	r1, [pc, #44]	; (1000036c <setup_hardware+0x4c>)
10000340:	480b      	ldr	r0, [pc, #44]	; (10000370 <setup_hardware+0x50>)
10000342:	f004 fddd 	bl	10004f00 <i2c_init>
10000346:	2103      	movs	r1, #3
10000348:	2004      	movs	r0, #4
1000034a:	f000 fd7f 	bl	10000e4c <gpio_set_function>
1000034e:	2103      	movs	r1, #3
10000350:	2005      	movs	r0, #5
10000352:	f000 fd7b 	bl	10000e4c <gpio_set_function>
10000356:	2200      	movs	r2, #0
10000358:	2101      	movs	r1, #1
1000035a:	2004      	movs	r0, #4
1000035c:	f000 fd90 	bl	10000e80 <gpio_set_pulls>
10000360:	2200      	movs	r2, #0
10000362:	2101      	movs	r1, #1
10000364:	2005      	movs	r0, #5
10000366:	f000 fd8b 	bl	10000e80 <gpio_set_pulls>
1000036a:	bd10      	pop	{r4, pc}
1000036c:	000186a0 	.word	0x000186a0
10000370:	20000238 	.word	0x20000238

10000374 <read_bme680_sensor>:
10000374:	b5f0      	push	{r4, r5, r6, r7, lr}
10000376:	46c6      	mov	lr, r8
10000378:	b500      	push	{lr}
1000037a:	b086      	sub	sp, #24
1000037c:	a803      	add	r0, sp, #12
1000037e:	f000 fbb3 	bl	10000ae8 <bme680_sample_fetch>
10000382:	2800      	cmp	r0, #0
10000384:	d122      	bne.n	100003cc <read_bme680_sensor+0x58>
10000386:	2300      	movs	r3, #0
10000388:	2476      	movs	r4, #118	; 0x76
1000038a:	27d0      	movs	r7, #208	; 0xd0
1000038c:	2601      	movs	r6, #1
1000038e:	4698      	mov	r8, r3
10000390:	4d13      	ldr	r5, [pc, #76]	; (100003e0 <read_bme680_sensor+0x6c>)
10000392:	466b      	mov	r3, sp
10000394:	0021      	movs	r1, r4
10000396:	741f      	strb	r7, [r3, #16]
10000398:	0028      	movs	r0, r5
1000039a:	2301      	movs	r3, #1
1000039c:	9600      	str	r6, [sp, #0]
1000039e:	aa04      	add	r2, sp, #16
100003a0:	f004 fdd8 	bl	10004f54 <i2c_write_blocking>
100003a4:	2801      	cmp	r0, #1
100003a6:	d003      	beq.n	100003b0 <read_bme680_sensor+0x3c>
100003a8:	2c77      	cmp	r4, #119	; 0x77
100003aa:	d00b      	beq.n	100003c4 <read_bme680_sensor+0x50>
100003ac:	2477      	movs	r4, #119	; 0x77
100003ae:	e7f0      	b.n	10000392 <read_bme680_sensor+0x1e>
100003b0:	4643      	mov	r3, r8
100003b2:	0021      	movs	r1, r4
100003b4:	9300      	str	r3, [sp, #0]
100003b6:	0028      	movs	r0, r5
100003b8:	2301      	movs	r3, #1
100003ba:	aa04      	add	r2, sp, #16
100003bc:	f004 fdd4 	bl	10004f68 <i2c_read_blocking>
100003c0:	2c77      	cmp	r4, #119	; 0x77
100003c2:	d1f3      	bne.n	100003ac <read_bme680_sensor+0x38>
100003c4:	b006      	add	sp, #24
100003c6:	bc80      	pop	{r7}
100003c8:	46b8      	mov	r8, r7
100003ca:	bdf0      	pop	{r4, r5, r6, r7, pc}
100003cc:	2304      	movs	r3, #4
100003ce:	466a      	mov	r2, sp
100003d0:	7413      	strb	r3, [r2, #16]
100003d2:	9b03      	ldr	r3, [sp, #12]
100003d4:	a804      	add	r0, sp, #16
100003d6:	9305      	str	r3, [sp, #20]
100003d8:	f000 fcbc 	bl	10000d54 <uart_protocol_send_bme680_data>
100003dc:	e7d3      	b.n	10000386 <read_bme680_sensor+0x12>
100003de:	46c0      	nop			; (mov r8, r8)
100003e0:	20000240 	.word	0x20000240

100003e4 <read_and_process_sensors>:
100003e4:	b530      	push	{r4, r5, lr}
100003e6:	b085      	sub	sp, #20
100003e8:	466b      	mov	r3, sp
100003ea:	4668      	mov	r0, sp
100003ec:	1c99      	adds	r1, r3, #2
100003ee:	f000 f9ef 	bl	100007d0 <tsl2591_get_full_luminosity>
100003f2:	2800      	cmp	r0, #0
100003f4:	d10c      	bne.n	10000410 <read_and_process_sensors+0x2c>
100003f6:	f000 faaf 	bl	10000958 <mcp9700_read_temperature>
100003fa:	f002 fde3 	bl	10002fc4 <__wrap___aeabi_f2d>
100003fe:	0002      	movs	r2, r0
10000400:	000b      	movs	r3, r1
10000402:	4812      	ldr	r0, [pc, #72]	; (1000044c <read_and_process_sensors+0x68>)
10000404:	f004 fb5c 	bl	10004ac0 <__wrap_printf>
10000408:	f7ff ffb4 	bl	10000374 <read_bme680_sensor>
1000040c:	b005      	add	sp, #20
1000040e:	bd30      	pop	{r4, r5, pc}
10000410:	466b      	mov	r3, sp
10000412:	8859      	ldrh	r1, [r3, #2]
10000414:	8818      	ldrh	r0, [r3, #0]
10000416:	ac01      	add	r4, sp, #4
10000418:	1a45      	subs	r5, r0, r1
1000041a:	f000 f9f5 	bl	10000808 <tsl2591_calculate_lux>
1000041e:	2301      	movs	r3, #1
10000420:	7023      	strb	r3, [r4, #0]
10000422:	466b      	mov	r3, sp
10000424:	881b      	ldrh	r3, [r3, #0]
10000426:	b2ad      	uxth	r5, r5
10000428:	8063      	strh	r3, [r4, #2]
1000042a:	466b      	mov	r3, sp
1000042c:	885b      	ldrh	r3, [r3, #2]
1000042e:	80e5      	strh	r5, [r4, #6]
10000430:	80a3      	strh	r3, [r4, #4]
10000432:	9003      	str	r0, [sp, #12]
10000434:	f002 fdc6 	bl	10002fc4 <__wrap___aeabi_f2d>
10000438:	0002      	movs	r2, r0
1000043a:	000b      	movs	r3, r1
1000043c:	4804      	ldr	r0, [pc, #16]	; (10000450 <read_and_process_sensors+0x6c>)
1000043e:	f004 fb3f 	bl	10004ac0 <__wrap_printf>
10000442:	0020      	movs	r0, r4
10000444:	f000 fbf8 	bl	10000c38 <uart_protocol_send_light_data>
10000448:	e7d5      	b.n	100003f6 <read_and_process_sensors+0x12>
1000044a:	46c0      	nop			; (mov r8, r8)
1000044c:	100050b8 	.word	0x100050b8
10000450:	10005098 	.word	0x10005098

10000454 <main>:
10000454:	b510      	push	{r4, lr}
10000456:	f7ff ff63 	bl	10000320 <setup_hardware>
1000045a:	4c1e      	ldr	r4, [pc, #120]	; (100004d4 <main+0x80>)
1000045c:	491e      	ldr	r1, [pc, #120]	; (100004d8 <main+0x84>)
1000045e:	0020      	movs	r0, r4
10000460:	f004 fd4e 	bl	10004f00 <i2c_init>
10000464:	2103      	movs	r1, #3
10000466:	2002      	movs	r0, #2
10000468:	f000 fcf0 	bl	10000e4c <gpio_set_function>
1000046c:	2103      	movs	r1, #3
1000046e:	2003      	movs	r0, #3
10000470:	f000 fcec 	bl	10000e4c <gpio_set_function>
10000474:	2200      	movs	r2, #0
10000476:	2101      	movs	r1, #1
10000478:	2002      	movs	r0, #2
1000047a:	f000 fd01 	bl	10000e80 <gpio_set_pulls>
1000047e:	2200      	movs	r2, #0
10000480:	2101      	movs	r1, #1
10000482:	2003      	movs	r0, #3
10000484:	f000 fcfc 	bl	10000e80 <gpio_set_pulls>
10000488:	0020      	movs	r0, r4
1000048a:	f000 fa97 	bl	100009bc <bme680_init>
1000048e:	4813      	ldr	r0, [pc, #76]	; (100004dc <main+0x88>)
10000490:	f000 f944 	bl	1000071c <tsl2591_init>
10000494:	2800      	cmp	r0, #0
10000496:	d116      	bne.n	100004c6 <main+0x72>
10000498:	201a      	movs	r0, #26
1000049a:	f000 fa33 	bl	10000904 <mcp9700_init>
1000049e:	21e1      	movs	r1, #225	; 0xe1
100004a0:	2301      	movs	r3, #1
100004a2:	2200      	movs	r2, #0
100004a4:	0249      	lsls	r1, r1, #9
100004a6:	480e      	ldr	r0, [pc, #56]	; (100004e0 <main+0x8c>)
100004a8:	f000 fba6 	bl	10000bf8 <uart_protocol_init>
100004ac:	f001 fafa 	bl	10001aa4 <time_us_64>
100004b0:	f001 faf8 	bl	10001aa4 <time_us_64>
100004b4:	f001 faf6 	bl	10001aa4 <time_us_64>
100004b8:	f7ff ff94 	bl	100003e4 <read_and_process_sensors>
100004bc:	20fa      	movs	r0, #250	; 0xfa
100004be:	0080      	lsls	r0, r0, #2
100004c0:	f001 fa46 	bl	10001950 <sleep_ms>
100004c4:	e7f8      	b.n	100004b8 <main+0x64>
100004c6:	2000      	movs	r0, #0
100004c8:	f000 f890 	bl	100005ec <tsl2591_set_gain>
100004cc:	2000      	movs	r0, #0
100004ce:	f000 f8df 	bl	10000690 <tsl2591_set_integration_time>
100004d2:	e7e1      	b.n	10000498 <main+0x44>
100004d4:	20000240 	.word	0x20000240
100004d8:	000186a0 	.word	0x000186a0
100004dc:	20000238 	.word	0x20000238
100004e0:	40038000 	.word	0x40038000

100004e4 <tsl2591_get_full_luminosity.part.0>:
100004e4:	b5f0      	push	{r4, r5, r6, r7, lr}
100004e6:	0006      	movs	r6, r0
100004e8:	2064      	movs	r0, #100	; 0x64
100004ea:	4b3e      	ldr	r3, [pc, #248]	; (100005e4 <tsl2591_get_full_luminosity.part.0+0x100>)
100004ec:	b085      	sub	sp, #20
100004ee:	781b      	ldrb	r3, [r3, #0]
100004f0:	000d      	movs	r5, r1
100004f2:	3301      	adds	r3, #1
100004f4:	4358      	muls	r0, r3
100004f6:	3032      	adds	r0, #50	; 0x32
100004f8:	f001 fa2a 	bl	10001950 <sleep_ms>
100004fc:	23b4      	movs	r3, #180	; 0xb4
100004fe:	466a      	mov	r2, sp
10000500:	4c39      	ldr	r4, [pc, #228]	; (100005e8 <tsl2591_get_full_luminosity.part.0+0x104>)
10000502:	7313      	strb	r3, [r2, #12]
10000504:	3bb3      	subs	r3, #179	; 0xb3
10000506:	9300      	str	r3, [sp, #0]
10000508:	2129      	movs	r1, #41	; 0x29
1000050a:	6820      	ldr	r0, [r4, #0]
1000050c:	aa03      	add	r2, sp, #12
1000050e:	f004 fd21 	bl	10004f54 <i2c_write_blocking>
10000512:	2801      	cmp	r0, #1
10000514:	d002      	beq.n	1000051c <tsl2591_get_full_luminosity.part.0+0x38>
10000516:	2000      	movs	r0, #0
10000518:	b005      	add	sp, #20
1000051a:	bdf0      	pop	{r4, r5, r6, r7, pc}
1000051c:	2700      	movs	r7, #0
1000051e:	9700      	str	r7, [sp, #0]
10000520:	2301      	movs	r3, #1
10000522:	2129      	movs	r1, #41	; 0x29
10000524:	6820      	ldr	r0, [r4, #0]
10000526:	aa02      	add	r2, sp, #8
10000528:	f004 fd1e 	bl	10004f68 <i2c_read_blocking>
1000052c:	2801      	cmp	r0, #1
1000052e:	d1f2      	bne.n	10000516 <tsl2591_get_full_luminosity.part.0+0x32>
10000530:	23b5      	movs	r3, #181	; 0xb5
10000532:	466a      	mov	r2, sp
10000534:	7313      	strb	r3, [r2, #12]
10000536:	9000      	str	r0, [sp, #0]
10000538:	2129      	movs	r1, #41	; 0x29
1000053a:	6820      	ldr	r0, [r4, #0]
1000053c:	3bb4      	subs	r3, #180	; 0xb4
1000053e:	aa03      	add	r2, sp, #12
10000540:	f004 fd08 	bl	10004f54 <i2c_write_blocking>
10000544:	2801      	cmp	r0, #1
10000546:	d1e6      	bne.n	10000516 <tsl2591_get_full_luminosity.part.0+0x32>
10000548:	2209      	movs	r2, #9
1000054a:	9700      	str	r7, [sp, #0]
1000054c:	2301      	movs	r3, #1
1000054e:	2129      	movs	r1, #41	; 0x29
10000550:	6820      	ldr	r0, [r4, #0]
10000552:	446a      	add	r2, sp
10000554:	f004 fd08 	bl	10004f68 <i2c_read_blocking>
10000558:	2801      	cmp	r0, #1
1000055a:	d1dc      	bne.n	10000516 <tsl2591_get_full_luminosity.part.0+0x32>
1000055c:	23b6      	movs	r3, #182	; 0xb6
1000055e:	466a      	mov	r2, sp
10000560:	7313      	strb	r3, [r2, #12]
10000562:	9000      	str	r0, [sp, #0]
10000564:	2129      	movs	r1, #41	; 0x29
10000566:	6820      	ldr	r0, [r4, #0]
10000568:	3bb5      	subs	r3, #181	; 0xb5
1000056a:	aa03      	add	r2, sp, #12
1000056c:	f004 fcf2 	bl	10004f54 <i2c_write_blocking>
10000570:	2801      	cmp	r0, #1
10000572:	d1d0      	bne.n	10000516 <tsl2591_get_full_luminosity.part.0+0x32>
10000574:	220a      	movs	r2, #10
10000576:	9700      	str	r7, [sp, #0]
10000578:	2301      	movs	r3, #1
1000057a:	2129      	movs	r1, #41	; 0x29
1000057c:	6820      	ldr	r0, [r4, #0]
1000057e:	446a      	add	r2, sp
10000580:	f004 fcf2 	bl	10004f68 <i2c_read_blocking>
10000584:	2801      	cmp	r0, #1
10000586:	d1c6      	bne.n	10000516 <tsl2591_get_full_luminosity.part.0+0x32>
10000588:	23b7      	movs	r3, #183	; 0xb7
1000058a:	466a      	mov	r2, sp
1000058c:	7313      	strb	r3, [r2, #12]
1000058e:	9000      	str	r0, [sp, #0]
10000590:	2129      	movs	r1, #41	; 0x29
10000592:	6820      	ldr	r0, [r4, #0]
10000594:	3bb6      	subs	r3, #182	; 0xb6
10000596:	aa03      	add	r2, sp, #12
10000598:	f004 fcdc 	bl	10004f54 <i2c_write_blocking>
1000059c:	2801      	cmp	r0, #1
1000059e:	d1ba      	bne.n	10000516 <tsl2591_get_full_luminosity.part.0+0x32>
100005a0:	220b      	movs	r2, #11
100005a2:	9700      	str	r7, [sp, #0]
100005a4:	2301      	movs	r3, #1
100005a6:	2129      	movs	r1, #41	; 0x29
100005a8:	6820      	ldr	r0, [r4, #0]
100005aa:	446a      	add	r2, sp
100005ac:	f004 fcdc 	bl	10004f68 <i2c_read_blocking>
100005b0:	2801      	cmp	r0, #1
100005b2:	d1b0      	bne.n	10000516 <tsl2591_get_full_luminosity.part.0+0x32>
100005b4:	23a0      	movs	r3, #160	; 0xa0
100005b6:	466a      	mov	r2, sp
100005b8:	6820      	ldr	r0, [r4, #0]
100005ba:	8193      	strh	r3, [r2, #12]
100005bc:	2129      	movs	r1, #41	; 0x29
100005be:	3b9e      	subs	r3, #158	; 0x9e
100005c0:	aa03      	add	r2, sp, #12
100005c2:	9700      	str	r7, [sp, #0]
100005c4:	f004 fcc6 	bl	10004f54 <i2c_write_blocking>
100005c8:	466b      	mov	r3, sp
100005ca:	7a5a      	ldrb	r2, [r3, #9]
100005cc:	7a1b      	ldrb	r3, [r3, #8]
100005ce:	0212      	lsls	r2, r2, #8
100005d0:	4313      	orrs	r3, r2
100005d2:	8033      	strh	r3, [r6, #0]
100005d4:	466b      	mov	r3, sp
100005d6:	7ada      	ldrb	r2, [r3, #11]
100005d8:	7a9b      	ldrb	r3, [r3, #10]
100005da:	0212      	lsls	r2, r2, #8
100005dc:	4313      	orrs	r3, r2
100005de:	2001      	movs	r0, #1
100005e0:	802b      	strh	r3, [r5, #0]
100005e2:	e799      	b.n	10000518 <tsl2591_get_full_luminosity.part.0+0x34>
100005e4:	2000065d 	.word	0x2000065d
100005e8:	2000062c 	.word	0x2000062c

100005ec <tsl2591_set_gain>:
100005ec:	b5f0      	push	{r4, r5, r6, r7, lr}
100005ee:	4647      	mov	r7, r8
100005f0:	46ce      	mov	lr, r9
100005f2:	23a1      	movs	r3, #161	; 0xa1
100005f4:	b580      	push	{r7, lr}
100005f6:	b089      	sub	sp, #36	; 0x24
100005f8:	ac04      	add	r4, sp, #16
100005fa:	7023      	strb	r3, [r4, #0]
100005fc:	4698      	mov	r8, r3
100005fe:	4f20      	ldr	r7, [pc, #128]	; (10000680 <tsl2591_set_gain+0x94>)
10000600:	3ba0      	subs	r3, #160	; 0xa0
10000602:	9300      	str	r3, [sp, #0]
10000604:	0005      	movs	r5, r0
10000606:	0022      	movs	r2, r4
10000608:	2129      	movs	r1, #41	; 0x29
1000060a:	6838      	ldr	r0, [r7, #0]
1000060c:	f004 fca2 	bl	10004f54 <i2c_write_blocking>
10000610:	2801      	cmp	r0, #1
10000612:	d005      	beq.n	10000620 <tsl2591_set_gain+0x34>
10000614:	2000      	movs	r0, #0
10000616:	b009      	add	sp, #36	; 0x24
10000618:	bcc0      	pop	{r6, r7}
1000061a:	46b9      	mov	r9, r7
1000061c:	46b0      	mov	r8, r6
1000061e:	bdf0      	pop	{r4, r5, r6, r7, pc}
10000620:	2300      	movs	r3, #0
10000622:	260f      	movs	r6, #15
10000624:	9300      	str	r3, [sp, #0]
10000626:	446e      	add	r6, sp
10000628:	4699      	mov	r9, r3
1000062a:	0032      	movs	r2, r6
1000062c:	2129      	movs	r1, #41	; 0x29
1000062e:	6838      	ldr	r0, [r7, #0]
10000630:	3301      	adds	r3, #1
10000632:	f004 fc99 	bl	10004f68 <i2c_read_blocking>
10000636:	2801      	cmp	r0, #1
10000638:	d1ec      	bne.n	10000614 <tsl2591_set_gain+0x28>
1000063a:	2230      	movs	r2, #48	; 0x30
1000063c:	7833      	ldrb	r3, [r6, #0]
1000063e:	6838      	ldr	r0, [r7, #0]
10000640:	4393      	bics	r3, r2
10000642:	432b      	orrs	r3, r5
10000644:	4642      	mov	r2, r8
10000646:	7033      	strb	r3, [r6, #0]
10000648:	7063      	strb	r3, [r4, #1]
1000064a:	464b      	mov	r3, r9
1000064c:	7022      	strb	r2, [r4, #0]
1000064e:	2129      	movs	r1, #41	; 0x29
10000650:	9300      	str	r3, [sp, #0]
10000652:	0022      	movs	r2, r4
10000654:	2302      	movs	r3, #2
10000656:	f004 fc7d 	bl	10004f54 <i2c_write_blocking>
1000065a:	2802      	cmp	r0, #2
1000065c:	d1da      	bne.n	10000614 <tsl2591_set_gain+0x28>
1000065e:	0022      	movs	r2, r4
10000660:	4b08      	ldr	r3, [pc, #32]	; (10000684 <tsl2591_set_gain+0x98>)
10000662:	701d      	strb	r5, [r3, #0]
10000664:	4b08      	ldr	r3, [pc, #32]	; (10000688 <tsl2591_set_gain+0x9c>)
10000666:	092d      	lsrs	r5, r5, #4
10000668:	cb43      	ldmia	r3!, {r0, r1, r6}
1000066a:	c243      	stmia	r2!, {r0, r1, r6}
1000066c:	681b      	ldr	r3, [r3, #0]
1000066e:	00ad      	lsls	r5, r5, #2
10000670:	6013      	str	r3, [r2, #0]
10000672:	5929      	ldr	r1, [r5, r4]
10000674:	4805      	ldr	r0, [pc, #20]	; (1000068c <tsl2591_set_gain+0xa0>)
10000676:	f004 fa23 	bl	10004ac0 <__wrap_printf>
1000067a:	2001      	movs	r0, #1
1000067c:	e7cb      	b.n	10000616 <tsl2591_set_gain+0x2a>
1000067e:	46c0      	nop			; (mov r8, r8)
10000680:	2000062c 	.word	0x2000062c
10000684:	2000065c 	.word	0x2000065c
10000688:	100051d0 	.word	0x100051d0
1000068c:	100050f8 	.word	0x100050f8

10000690 <tsl2591_set_integration_time>:
10000690:	b5f0      	push	{r4, r5, r6, r7, lr}
10000692:	46c6      	mov	lr, r8
10000694:	b500      	push	{lr}
10000696:	b084      	sub	sp, #16
10000698:	466b      	mov	r3, sp
1000069a:	27a1      	movs	r7, #161	; 0xa1
1000069c:	731f      	strb	r7, [r3, #12]
1000069e:	2301      	movs	r3, #1
100006a0:	4e1b      	ldr	r6, [pc, #108]	; (10000710 <tsl2591_set_integration_time+0x80>)
100006a2:	9300      	str	r3, [sp, #0]
100006a4:	0004      	movs	r4, r0
100006a6:	2129      	movs	r1, #41	; 0x29
100006a8:	6830      	ldr	r0, [r6, #0]
100006aa:	aa03      	add	r2, sp, #12
100006ac:	f004 fc52 	bl	10004f54 <i2c_write_blocking>
100006b0:	2801      	cmp	r0, #1
100006b2:	d004      	beq.n	100006be <tsl2591_set_integration_time+0x2e>
100006b4:	2000      	movs	r0, #0
100006b6:	b004      	add	sp, #16
100006b8:	bc80      	pop	{r7}
100006ba:	46b8      	mov	r8, r7
100006bc:	bdf0      	pop	{r4, r5, r6, r7, pc}
100006be:	2300      	movs	r3, #0
100006c0:	250b      	movs	r5, #11
100006c2:	9300      	str	r3, [sp, #0]
100006c4:	446d      	add	r5, sp
100006c6:	4698      	mov	r8, r3
100006c8:	002a      	movs	r2, r5
100006ca:	2129      	movs	r1, #41	; 0x29
100006cc:	6830      	ldr	r0, [r6, #0]
100006ce:	3301      	adds	r3, #1
100006d0:	f004 fc4a 	bl	10004f68 <i2c_read_blocking>
100006d4:	2801      	cmp	r0, #1
100006d6:	d1ed      	bne.n	100006b4 <tsl2591_set_integration_time+0x24>
100006d8:	2207      	movs	r2, #7
100006da:	782b      	ldrb	r3, [r5, #0]
100006dc:	6830      	ldr	r0, [r6, #0]
100006de:	4393      	bics	r3, r2
100006e0:	466a      	mov	r2, sp
100006e2:	4323      	orrs	r3, r4
100006e4:	7353      	strb	r3, [r2, #13]
100006e6:	702b      	strb	r3, [r5, #0]
100006e8:	4643      	mov	r3, r8
100006ea:	7317      	strb	r7, [r2, #12]
100006ec:	2129      	movs	r1, #41	; 0x29
100006ee:	9300      	str	r3, [sp, #0]
100006f0:	aa03      	add	r2, sp, #12
100006f2:	2302      	movs	r3, #2
100006f4:	f004 fc2e 	bl	10004f54 <i2c_write_blocking>
100006f8:	2802      	cmp	r0, #2
100006fa:	d1db      	bne.n	100006b4 <tsl2591_set_integration_time+0x24>
100006fc:	2164      	movs	r1, #100	; 0x64
100006fe:	4b05      	ldr	r3, [pc, #20]	; (10000714 <tsl2591_set_integration_time+0x84>)
10000700:	4805      	ldr	r0, [pc, #20]	; (10000718 <tsl2591_set_integration_time+0x88>)
10000702:	701c      	strb	r4, [r3, #0]
10000704:	3401      	adds	r4, #1
10000706:	4361      	muls	r1, r4
10000708:	f004 f9da 	bl	10004ac0 <__wrap_printf>
1000070c:	2001      	movs	r0, #1
1000070e:	e7d2      	b.n	100006b6 <tsl2591_set_integration_time+0x26>
10000710:	2000062c 	.word	0x2000062c
10000714:	2000065d 	.word	0x2000065d
10000718:	10005114 	.word	0x10005114

1000071c <tsl2591_init>:
1000071c:	b530      	push	{r4, r5, lr}
1000071e:	b085      	sub	sp, #20
10000720:	23b2      	movs	r3, #178	; 0xb2
10000722:	466a      	mov	r2, sp
10000724:	4c25      	ldr	r4, [pc, #148]	; (100007bc <tsl2591_init+0xa0>)
10000726:	7313      	strb	r3, [r2, #12]
10000728:	3bb1      	subs	r3, #177	; 0xb1
1000072a:	6020      	str	r0, [r4, #0]
1000072c:	2129      	movs	r1, #41	; 0x29
1000072e:	9300      	str	r3, [sp, #0]
10000730:	aa03      	add	r2, sp, #12
10000732:	f004 fc0f 	bl	10004f54 <i2c_write_blocking>
10000736:	2801      	cmp	r0, #1
10000738:	d005      	beq.n	10000746 <tsl2591_init+0x2a>
1000073a:	4821      	ldr	r0, [pc, #132]	; (100007c0 <tsl2591_init+0xa4>)
1000073c:	f004 f936 	bl	100049ac <__wrap_puts>
10000740:	2000      	movs	r0, #0
10000742:	b005      	add	sp, #20
10000744:	bd30      	pop	{r4, r5, pc}
10000746:	2500      	movs	r5, #0
10000748:	220b      	movs	r2, #11
1000074a:	9500      	str	r5, [sp, #0]
1000074c:	2301      	movs	r3, #1
1000074e:	2129      	movs	r1, #41	; 0x29
10000750:	6820      	ldr	r0, [r4, #0]
10000752:	446a      	add	r2, sp
10000754:	f004 fc08 	bl	10004f68 <i2c_read_blocking>
10000758:	2801      	cmp	r0, #1
1000075a:	d1ee      	bne.n	1000073a <tsl2591_init+0x1e>
1000075c:	466b      	mov	r3, sp
1000075e:	7ad9      	ldrb	r1, [r3, #11]
10000760:	2950      	cmp	r1, #80	; 0x50
10000762:	d004      	beq.n	1000076e <tsl2591_init+0x52>
10000764:	4817      	ldr	r0, [pc, #92]	; (100007c4 <tsl2591_init+0xa8>)
10000766:	f004 f9ab 	bl	10004ac0 <__wrap_printf>
1000076a:	2000      	movs	r0, #0
1000076c:	e7e9      	b.n	10000742 <tsl2591_init+0x26>
1000076e:	23e8      	movs	r3, #232	; 0xe8
10000770:	466a      	mov	r2, sp
10000772:	009b      	lsls	r3, r3, #2
10000774:	8193      	strh	r3, [r2, #12]
10000776:	9500      	str	r5, [sp, #0]
10000778:	2302      	movs	r3, #2
1000077a:	2129      	movs	r1, #41	; 0x29
1000077c:	6820      	ldr	r0, [r4, #0]
1000077e:	aa03      	add	r2, sp, #12
10000780:	f004 fbe8 	bl	10004f54 <i2c_write_blocking>
10000784:	2802      	cmp	r0, #2
10000786:	d114      	bne.n	100007b2 <tsl2591_init+0x96>
10000788:	2000      	movs	r0, #0
1000078a:	f7ff ff2f 	bl	100005ec <tsl2591_set_gain>
1000078e:	2000      	movs	r0, #0
10000790:	f7ff ff7e 	bl	10000690 <tsl2591_set_integration_time>
10000794:	23a0      	movs	r3, #160	; 0xa0
10000796:	466a      	mov	r2, sp
10000798:	2129      	movs	r1, #41	; 0x29
1000079a:	8193      	strh	r3, [r2, #12]
1000079c:	6820      	ldr	r0, [r4, #0]
1000079e:	3b9e      	subs	r3, #158	; 0x9e
100007a0:	aa03      	add	r2, sp, #12
100007a2:	9500      	str	r5, [sp, #0]
100007a4:	f004 fbd6 	bl	10004f54 <i2c_write_blocking>
100007a8:	4807      	ldr	r0, [pc, #28]	; (100007c8 <tsl2591_init+0xac>)
100007aa:	f004 f8ff 	bl	100049ac <__wrap_puts>
100007ae:	2001      	movs	r0, #1
100007b0:	e7c7      	b.n	10000742 <tsl2591_init+0x26>
100007b2:	4806      	ldr	r0, [pc, #24]	; (100007cc <tsl2591_init+0xb0>)
100007b4:	f004 f8fa 	bl	100049ac <__wrap_puts>
100007b8:	2000      	movs	r0, #0
100007ba:	e7c2      	b.n	10000742 <tsl2591_init+0x26>
100007bc:	2000062c 	.word	0x2000062c
100007c0:	1000513c 	.word	0x1000513c
100007c4:	10005160 	.word	0x10005160
100007c8:	100051ac 	.word	0x100051ac
100007cc:	10005188 	.word	0x10005188

100007d0 <tsl2591_get_full_luminosity>:
100007d0:	23e8      	movs	r3, #232	; 0xe8
100007d2:	b530      	push	{r4, r5, lr}
100007d4:	b085      	sub	sp, #20
100007d6:	aa03      	add	r2, sp, #12
100007d8:	009b      	lsls	r3, r3, #2
100007da:	8013      	strh	r3, [r2, #0]
100007dc:	4b09      	ldr	r3, [pc, #36]	; (10000804 <tsl2591_get_full_luminosity+0x34>)
100007de:	0004      	movs	r4, r0
100007e0:	6818      	ldr	r0, [r3, #0]
100007e2:	2300      	movs	r3, #0
100007e4:	000d      	movs	r5, r1
100007e6:	9300      	str	r3, [sp, #0]
100007e8:	2129      	movs	r1, #41	; 0x29
100007ea:	3302      	adds	r3, #2
100007ec:	f004 fbb2 	bl	10004f54 <i2c_write_blocking>
100007f0:	0003      	movs	r3, r0
100007f2:	2000      	movs	r0, #0
100007f4:	2b02      	cmp	r3, #2
100007f6:	d103      	bne.n	10000800 <tsl2591_get_full_luminosity+0x30>
100007f8:	0029      	movs	r1, r5
100007fa:	0020      	movs	r0, r4
100007fc:	f7ff fe72 	bl	100004e4 <tsl2591_get_full_luminosity.part.0>
10000800:	b005      	add	sp, #20
10000802:	bd30      	pop	{r4, r5, pc}
10000804:	2000062c 	.word	0x2000062c

10000808 <tsl2591_calculate_lux>:
10000808:	4b32      	ldr	r3, [pc, #200]	; (100008d4 <tsl2591_calculate_lux+0xcc>)
1000080a:	b570      	push	{r4, r5, r6, lr}
1000080c:	0004      	movs	r4, r0
1000080e:	000d      	movs	r5, r1
10000810:	4298      	cmp	r0, r3
10000812:	d04d      	beq.n	100008b0 <tsl2591_calculate_lux+0xa8>
10000814:	4299      	cmp	r1, r3
10000816:	d04b      	beq.n	100008b0 <tsl2591_calculate_lux+0xa8>
10000818:	4b2f      	ldr	r3, [pc, #188]	; (100008d8 <tsl2591_calculate_lux+0xd0>)
1000081a:	7818      	ldrb	r0, [r3, #0]
1000081c:	3001      	adds	r0, #1
1000081e:	f001 ffb7 	bl	10002790 <__wrap___aeabi_i2d>
10000822:	2200      	movs	r2, #0
10000824:	4b2d      	ldr	r3, [pc, #180]	; (100008dc <tsl2591_calculate_lux+0xd4>)
10000826:	f001 ff44 	bl	100026b2 <__wrap___aeabi_dmul>
1000082a:	4b2d      	ldr	r3, [pc, #180]	; (100008e0 <tsl2591_calculate_lux+0xd8>)
1000082c:	2200      	movs	r2, #0
1000082e:	f001 ff22 	bl	10002676 <__wrap___aeabi_ddiv>
10000832:	f001 fff5 	bl	10002820 <__wrap___aeabi_d2f>
10000836:	4b2b      	ldr	r3, [pc, #172]	; (100008e4 <tsl2591_calculate_lux+0xdc>)
10000838:	1c06      	adds	r6, r0, #0
1000083a:	781b      	ldrb	r3, [r3, #0]
1000083c:	2b20      	cmp	r3, #32
1000083e:	d043      	beq.n	100008c8 <tsl2591_calculate_lux+0xc0>
10000840:	2b30      	cmp	r3, #48	; 0x30
10000842:	d03c      	beq.n	100008be <tsl2591_calculate_lux+0xb6>
10000844:	2b10      	cmp	r3, #16
10000846:	d035      	beq.n	100008b4 <tsl2591_calculate_lux+0xac>
10000848:	0020      	movs	r0, r4
1000084a:	f002 fb94 	bl	10002f76 <__wrap___aeabi_ui2f>
1000084e:	1c04      	adds	r4, r0, #0
10000850:	0028      	movs	r0, r5
10000852:	f002 fb90 	bl	10002f76 <__wrap___aeabi_ui2f>
10000856:	1c01      	adds	r1, r0, #0
10000858:	1c20      	adds	r0, r4, #0
1000085a:	f002 fb38 	bl	10002ece <__wrap___aeabi_fsub>
1000085e:	f002 fbb1 	bl	10002fc4 <__wrap___aeabi_f2d>
10000862:	0004      	movs	r4, r0
10000864:	000d      	movs	r5, r1
10000866:	1c30      	adds	r0, r6, #0
10000868:	491f      	ldr	r1, [pc, #124]	; (100008e8 <tsl2591_calculate_lux+0xe0>)
1000086a:	f002 fb36 	bl	10002eda <__wrap___aeabi_fdiv>
1000086e:	f002 fba9 	bl	10002fc4 <__wrap___aeabi_f2d>
10000872:	0002      	movs	r2, r0
10000874:	000b      	movs	r3, r1
10000876:	2000      	movs	r0, #0
10000878:	491c      	ldr	r1, [pc, #112]	; (100008ec <tsl2591_calculate_lux+0xe4>)
1000087a:	f001 fefc 	bl	10002676 <__wrap___aeabi_ddiv>
1000087e:	0002      	movs	r2, r0
10000880:	000b      	movs	r3, r1
10000882:	0020      	movs	r0, r4
10000884:	0029      	movs	r1, r5
10000886:	f001 ff14 	bl	100026b2 <__wrap___aeabi_dmul>
1000088a:	f001 ffc9 	bl	10002820 <__wrap___aeabi_d2f>
1000088e:	4918      	ldr	r1, [pc, #96]	; (100008f0 <tsl2591_calculate_lux+0xe8>)
10000890:	1c04      	adds	r4, r0, #0
10000892:	f002 fb6b 	bl	10002f6c <__wrap___aeabi_fcmpgt>
10000896:	2800      	cmp	r0, #0
10000898:	d108      	bne.n	100008ac <tsl2591_calculate_lux+0xa4>
1000089a:	2100      	movs	r1, #0
1000089c:	1c20      	adds	r0, r4, #0
1000089e:	f002 fb5f 	bl	10002f60 <__wrap___aeabi_fcmplt>
100008a2:	2800      	cmp	r0, #0
100008a4:	d000      	beq.n	100008a8 <tsl2591_calculate_lux+0xa0>
100008a6:	2400      	movs	r4, #0
100008a8:	1c20      	adds	r0, r4, #0
100008aa:	bd70      	pop	{r4, r5, r6, pc}
100008ac:	4c10      	ldr	r4, [pc, #64]	; (100008f0 <tsl2591_calculate_lux+0xe8>)
100008ae:	e7fb      	b.n	100008a8 <tsl2591_calculate_lux+0xa0>
100008b0:	4c10      	ldr	r4, [pc, #64]	; (100008f4 <tsl2591_calculate_lux+0xec>)
100008b2:	e7f9      	b.n	100008a8 <tsl2591_calculate_lux+0xa0>
100008b4:	4910      	ldr	r1, [pc, #64]	; (100008f8 <tsl2591_calculate_lux+0xf0>)
100008b6:	f002 fb24 	bl	10002f02 <__wrap___aeabi_fmul>
100008ba:	1c06      	adds	r6, r0, #0
100008bc:	e7c4      	b.n	10000848 <tsl2591_calculate_lux+0x40>
100008be:	490f      	ldr	r1, [pc, #60]	; (100008fc <tsl2591_calculate_lux+0xf4>)
100008c0:	f002 fb1f 	bl	10002f02 <__wrap___aeabi_fmul>
100008c4:	1c06      	adds	r6, r0, #0
100008c6:	e7bf      	b.n	10000848 <tsl2591_calculate_lux+0x40>
100008c8:	490d      	ldr	r1, [pc, #52]	; (10000900 <tsl2591_calculate_lux+0xf8>)
100008ca:	f002 fb1a 	bl	10002f02 <__wrap___aeabi_fmul>
100008ce:	1c06      	adds	r6, r0, #0
100008d0:	e7ba      	b.n	10000848 <tsl2591_calculate_lux+0x40>
100008d2:	46c0      	nop			; (mov r8, r8)
100008d4:	0000ffff 	.word	0x0000ffff
100008d8:	2000065d 	.word	0x2000065d
100008dc:	40590000 	.word	0x40590000
100008e0:	408f4000 	.word	0x408f4000
100008e4:	2000065c 	.word	0x2000065c
100008e8:	41a00000 	.word	0x41a00000
100008ec:	3ff00000 	.word	0x3ff00000
100008f0:	459c4000 	.word	0x459c4000
100008f4:	bf800000 	.word	0xbf800000
100008f8:	41c80000 	.word	0x41c80000
100008fc:	461a5000 	.word	0x461a5000
10000900:	43d60000 	.word	0x43d60000

10000904 <mcp9700_init>:
10000904:	b570      	push	{r4, r5, r6, lr}
10000906:	0005      	movs	r5, r0
10000908:	3d1a      	subs	r5, #26
1000090a:	0004      	movs	r4, r0
1000090c:	2d03      	cmp	r5, #3
1000090e:	d817      	bhi.n	10000940 <mcp9700_init+0x3c>
10000910:	f004 fb34 	bl	10004f7c <adc_init>
10000914:	211f      	movs	r1, #31
10000916:	0020      	movs	r0, r4
10000918:	f000 fa98 	bl	10000e4c <gpio_set_function>
1000091c:	2200      	movs	r2, #0
1000091e:	2100      	movs	r1, #0
10000920:	0020      	movs	r0, r4
10000922:	f000 faad 	bl	10000e80 <gpio_set_pulls>
10000926:	2100      	movs	r1, #0
10000928:	0020      	movs	r0, r4
1000092a:	f000 fac3 	bl	10000eb4 <gpio_set_input_enabled>
1000092e:	4b07      	ldr	r3, [pc, #28]	; (1000094c <mcp9700_init+0x48>)
10000930:	0022      	movs	r2, r4
10000932:	0029      	movs	r1, r5
10000934:	4806      	ldr	r0, [pc, #24]	; (10000950 <mcp9700_init+0x4c>)
10000936:	601d      	str	r5, [r3, #0]
10000938:	f004 f8c2 	bl	10004ac0 <__wrap_printf>
1000093c:	2001      	movs	r0, #1
1000093e:	bd70      	pop	{r4, r5, r6, pc}
10000940:	4804      	ldr	r0, [pc, #16]	; (10000954 <mcp9700_init+0x50>)
10000942:	f004 f833 	bl	100049ac <__wrap_puts>
10000946:	2000      	movs	r0, #0
10000948:	e7f9      	b.n	1000093e <mcp9700_init+0x3a>
1000094a:	46c0      	nop			; (mov r8, r8)
1000094c:	200005ec 	.word	0x200005ec
10000950:	10005210 	.word	0x10005210
10000954:	100051e0 	.word	0x100051e0

10000958 <mcp9700_read_temperature>:
10000958:	21e0      	movs	r1, #224	; 0xe0
1000095a:	4b12      	ldr	r3, [pc, #72]	; (100009a4 <mcp9700_read_temperature+0x4c>)
1000095c:	4a12      	ldr	r2, [pc, #72]	; (100009a8 <mcp9700_read_temperature+0x50>)
1000095e:	681b      	ldr	r3, [r3, #0]
10000960:	6810      	ldr	r0, [r2, #0]
10000962:	031b      	lsls	r3, r3, #12
10000964:	01c9      	lsls	r1, r1, #7
10000966:	4043      	eors	r3, r0
10000968:	400b      	ands	r3, r1
1000096a:	4910      	ldr	r1, [pc, #64]	; (100009ac <mcp9700_read_temperature+0x54>)
1000096c:	b510      	push	{r4, lr}
1000096e:	600b      	str	r3, [r1, #0]
10000970:	2104      	movs	r1, #4
10000972:	4b0f      	ldr	r3, [pc, #60]	; (100009b0 <mcp9700_read_temperature+0x58>)
10000974:	6019      	str	r1, [r3, #0]
10000976:	31fc      	adds	r1, #252	; 0xfc
10000978:	6813      	ldr	r3, [r2, #0]
1000097a:	420b      	tst	r3, r1
1000097c:	d0fc      	beq.n	10000978 <mcp9700_read_temperature+0x20>
1000097e:	6850      	ldr	r0, [r2, #4]
10000980:	b280      	uxth	r0, r0
10000982:	f002 faf8 	bl	10002f76 <__wrap___aeabi_ui2f>
10000986:	490b      	ldr	r1, [pc, #44]	; (100009b4 <mcp9700_read_temperature+0x5c>)
10000988:	f002 fabb 	bl	10002f02 <__wrap___aeabi_fmul>
1000098c:	21e6      	movs	r1, #230	; 0xe6
1000098e:	0589      	lsls	r1, r1, #22
10000990:	f002 fab7 	bl	10002f02 <__wrap___aeabi_fmul>
10000994:	21fc      	movs	r1, #252	; 0xfc
10000996:	0589      	lsls	r1, r1, #22
10000998:	f002 fa99 	bl	10002ece <__wrap___aeabi_fsub>
1000099c:	4906      	ldr	r1, [pc, #24]	; (100009b8 <mcp9700_read_temperature+0x60>)
1000099e:	f002 fa9c 	bl	10002eda <__wrap___aeabi_fdiv>
100009a2:	bd10      	pop	{r4, pc}
100009a4:	200005ec 	.word	0x200005ec
100009a8:	4004c000 	.word	0x4004c000
100009ac:	4004d000 	.word	0x4004d000
100009b0:	4004e000 	.word	0x4004e000
100009b4:	40533333 	.word	0x40533333
100009b8:	3c23d70a 	.word	0x3c23d70a

100009bc <bme680_init>:
100009bc:	b570      	push	{r4, r5, r6, lr}
100009be:	250a      	movs	r5, #10
100009c0:	23d0      	movs	r3, #208	; 0xd0
100009c2:	4c3d      	ldr	r4, [pc, #244]	; (10000ab8 <bme680_init+0xfc>)
100009c4:	b0a0      	sub	sp, #128	; 0x80
100009c6:	6020      	str	r0, [r4, #0]
100009c8:	446d      	add	r5, sp
100009ca:	483c      	ldr	r0, [pc, #240]	; (10000abc <bme680_init+0x100>)
100009cc:	702b      	strb	r3, [r5, #0]
100009ce:	f003 ffed 	bl	100049ac <__wrap_puts>
100009d2:	2301      	movs	r3, #1
100009d4:	9300      	str	r3, [sp, #0]
100009d6:	002a      	movs	r2, r5
100009d8:	2177      	movs	r1, #119	; 0x77
100009da:	6820      	ldr	r0, [r4, #0]
100009dc:	f004 faba 	bl	10004f54 <i2c_write_blocking>
100009e0:	2801      	cmp	r0, #1
100009e2:	d10b      	bne.n	100009fc <bme680_init+0x40>
100009e4:	2600      	movs	r6, #0
100009e6:	2209      	movs	r2, #9
100009e8:	9600      	str	r6, [sp, #0]
100009ea:	2301      	movs	r3, #1
100009ec:	2177      	movs	r1, #119	; 0x77
100009ee:	6820      	ldr	r0, [r4, #0]
100009f0:	446a      	add	r2, sp
100009f2:	f004 fab9 	bl	10004f68 <i2c_read_blocking>
100009f6:	0005      	movs	r5, r0
100009f8:	2801      	cmp	r0, #1
100009fa:	d006      	beq.n	10000a0a <bme680_init+0x4e>
100009fc:	2177      	movs	r1, #119	; 0x77
100009fe:	4830      	ldr	r0, [pc, #192]	; (10000ac0 <bme680_init+0x104>)
10000a00:	f004 f85e 	bl	10004ac0 <__wrap_printf>
10000a04:	2000      	movs	r0, #0
10000a06:	b020      	add	sp, #128	; 0x80
10000a08:	bd70      	pop	{r4, r5, r6, pc}
10000a0a:	466b      	mov	r3, sp
10000a0c:	482d      	ldr	r0, [pc, #180]	; (10000ac4 <bme680_init+0x108>)
10000a0e:	7a59      	ldrb	r1, [r3, #9]
10000a10:	f004 f856 	bl	10004ac0 <__wrap_printf>
10000a14:	4b2c      	ldr	r3, [pc, #176]	; (10000ac8 <bme680_init+0x10c>)
10000a16:	aa03      	add	r2, sp, #12
10000a18:	8013      	strh	r3, [r2, #0]
10000a1a:	9600      	str	r6, [sp, #0]
10000a1c:	2302      	movs	r3, #2
10000a1e:	2177      	movs	r1, #119	; 0x77
10000a20:	6820      	ldr	r0, [r4, #0]
10000a22:	f004 fa97 	bl	10004f54 <i2c_write_blocking>
10000a26:	2802      	cmp	r0, #2
10000a28:	d004      	beq.n	10000a34 <bme680_init+0x78>
10000a2a:	4828      	ldr	r0, [pc, #160]	; (10000acc <bme680_init+0x110>)
10000a2c:	f003 ffbe 	bl	100049ac <__wrap_puts>
10000a30:	2000      	movs	r0, #0
10000a32:	e7e8      	b.n	10000a06 <bme680_init+0x4a>
10000a34:	200a      	movs	r0, #10
10000a36:	f000 ff8b 	bl	10001950 <sleep_ms>
10000a3a:	4b25      	ldr	r3, [pc, #148]	; (10000ad0 <bme680_init+0x114>)
10000a3c:	aa04      	add	r2, sp, #16
10000a3e:	8013      	strh	r3, [r2, #0]
10000a40:	9600      	str	r6, [sp, #0]
10000a42:	2302      	movs	r3, #2
10000a44:	2177      	movs	r1, #119	; 0x77
10000a46:	6820      	ldr	r0, [r4, #0]
10000a48:	f004 fa84 	bl	10004f54 <i2c_write_blocking>
10000a4c:	2802      	cmp	r0, #2
10000a4e:	d10f      	bne.n	10000a70 <bme680_init+0xb4>
10000a50:	4b20      	ldr	r3, [pc, #128]	; (10000ad4 <bme680_init+0x118>)
10000a52:	aa05      	add	r2, sp, #20
10000a54:	8013      	strh	r3, [r2, #0]
10000a56:	9600      	str	r6, [sp, #0]
10000a58:	2302      	movs	r3, #2
10000a5a:	2177      	movs	r1, #119	; 0x77
10000a5c:	6820      	ldr	r0, [r4, #0]
10000a5e:	f004 fa79 	bl	10004f54 <i2c_write_blocking>
10000a62:	2802      	cmp	r0, #2
10000a64:	d009      	beq.n	10000a7a <bme680_init+0xbe>
10000a66:	481c      	ldr	r0, [pc, #112]	; (10000ad8 <bme680_init+0x11c>)
10000a68:	f003 ffa0 	bl	100049ac <__wrap_puts>
10000a6c:	2000      	movs	r0, #0
10000a6e:	e7ca      	b.n	10000a06 <bme680_init+0x4a>
10000a70:	481a      	ldr	r0, [pc, #104]	; (10000adc <bme680_init+0x120>)
10000a72:	f003 ff9b 	bl	100049ac <__wrap_puts>
10000a76:	2000      	movs	r0, #0
10000a78:	e7c5      	b.n	10000a06 <bme680_init+0x4a>
10000a7a:	220b      	movs	r2, #11
10000a7c:	238a      	movs	r3, #138	; 0x8a
10000a7e:	446a      	add	r2, sp
10000a80:	7013      	strb	r3, [r2, #0]
10000a82:	9500      	str	r5, [sp, #0]
10000a84:	2177      	movs	r1, #119	; 0x77
10000a86:	6820      	ldr	r0, [r4, #0]
10000a88:	3b89      	subs	r3, #137	; 0x89
10000a8a:	f004 fa63 	bl	10004f54 <i2c_write_blocking>
10000a8e:	2801      	cmp	r0, #1
10000a90:	d108      	bne.n	10000aa4 <bme680_init+0xe8>
10000a92:	6820      	ldr	r0, [r4, #0]
10000a94:	2365      	movs	r3, #101	; 0x65
10000a96:	2177      	movs	r1, #119	; 0x77
10000a98:	9600      	str	r6, [sp, #0]
10000a9a:	aa06      	add	r2, sp, #24
10000a9c:	f004 fa64 	bl	10004f68 <i2c_read_blocking>
10000aa0:	2865      	cmp	r0, #101	; 0x65
10000aa2:	d004      	beq.n	10000aae <bme680_init+0xf2>
10000aa4:	480e      	ldr	r0, [pc, #56]	; (10000ae0 <bme680_init+0x124>)
10000aa6:	f003 ff81 	bl	100049ac <__wrap_puts>
10000aaa:	2000      	movs	r0, #0
10000aac:	e7ab      	b.n	10000a06 <bme680_init+0x4a>
10000aae:	480d      	ldr	r0, [pc, #52]	; (10000ae4 <bme680_init+0x128>)
10000ab0:	f003 ff7c 	bl	100049ac <__wrap_puts>
10000ab4:	2001      	movs	r0, #1
10000ab6:	e7a6      	b.n	10000a06 <bme680_init+0x4a>
10000ab8:	20000630 	.word	0x20000630
10000abc:	10005250 	.word	0x10005250
10000ac0:	10005268 	.word	0x10005268
10000ac4:	10005290 	.word	0x10005290
10000ac8:	ffffb6e0 	.word	0xffffb6e0
10000acc:	100052b4 	.word	0x100052b4
10000ad0:	00000272 	.word	0x00000272
10000ad4:	00002574 	.word	0x00002574
10000ad8:	100052f8 	.word	0x100052f8
10000adc:	100052cc 	.word	0x100052cc
10000ae0:	10005320 	.word	0x10005320
10000ae4:	10005340 	.word	0x10005340

10000ae8 <bme680_sample_fetch>:
10000ae8:	b5f0      	push	{r4, r5, r6, r7, lr}
10000aea:	46d6      	mov	lr, sl
10000aec:	464f      	mov	r7, r9
10000aee:	4646      	mov	r6, r8
10000af0:	b5c0      	push	{r6, r7, lr}
10000af2:	270e      	movs	r7, #14
10000af4:	2373      	movs	r3, #115	; 0x73
10000af6:	b086      	sub	sp, #24
10000af8:	446f      	add	r7, sp
10000afa:	703b      	strb	r3, [r7, #0]
10000afc:	4b38      	ldr	r3, [pc, #224]	; (10000be0 <bme680_sample_fetch+0xf8>)
10000afe:	aa04      	add	r2, sp, #16
10000b00:	8013      	strh	r3, [r2, #0]
10000b02:	2300      	movs	r3, #0
10000b04:	4d37      	ldr	r5, [pc, #220]	; (10000be4 <bme680_sample_fetch+0xfc>)
10000b06:	9300      	str	r3, [sp, #0]
10000b08:	4682      	mov	sl, r0
10000b0a:	2177      	movs	r1, #119	; 0x77
10000b0c:	6828      	ldr	r0, [r5, #0]
10000b0e:	3302      	adds	r3, #2
10000b10:	f004 fa20 	bl	10004f54 <i2c_write_blocking>
10000b14:	240a      	movs	r4, #10
10000b16:	2802      	cmp	r0, #2
10000b18:	d142      	bne.n	10000ba0 <bme680_sample_fetch+0xb8>
10000b1a:	2301      	movs	r3, #1
10000b1c:	4698      	mov	r8, r3
10000b1e:	2300      	movs	r3, #0
10000b20:	260d      	movs	r6, #13
10000b22:	4699      	mov	r9, r3
10000b24:	446e      	add	r6, sp
10000b26:	2032      	movs	r0, #50	; 0x32
10000b28:	f000 ff12 	bl	10001950 <sleep_ms>
10000b2c:	4643      	mov	r3, r8
10000b2e:	9300      	str	r3, [sp, #0]
10000b30:	003a      	movs	r2, r7
10000b32:	2301      	movs	r3, #1
10000b34:	2177      	movs	r1, #119	; 0x77
10000b36:	6828      	ldr	r0, [r5, #0]
10000b38:	f004 fa0c 	bl	10004f54 <i2c_write_blocking>
10000b3c:	2801      	cmp	r0, #1
10000b3e:	d134      	bne.n	10000baa <bme680_sample_fetch+0xc2>
10000b40:	464b      	mov	r3, r9
10000b42:	9300      	str	r3, [sp, #0]
10000b44:	0032      	movs	r2, r6
10000b46:	2301      	movs	r3, #1
10000b48:	2177      	movs	r1, #119	; 0x77
10000b4a:	6828      	ldr	r0, [r5, #0]
10000b4c:	f004 fa0c 	bl	10004f68 <i2c_read_blocking>
10000b50:	2801      	cmp	r0, #1
10000b52:	d12a      	bne.n	10000baa <bme680_sample_fetch+0xc2>
10000b54:	7833      	ldrb	r3, [r6, #0]
10000b56:	2b7f      	cmp	r3, #127	; 0x7f
10000b58:	d802      	bhi.n	10000b60 <bme680_sample_fetch+0x78>
10000b5a:	3c01      	subs	r4, #1
10000b5c:	2c00      	cmp	r4, #0
10000b5e:	d1e2      	bne.n	10000b26 <bme680_sample_fetch+0x3e>
10000b60:	220f      	movs	r2, #15
10000b62:	2325      	movs	r3, #37	; 0x25
10000b64:	446a      	add	r2, sp
10000b66:	7013      	strb	r3, [r2, #0]
10000b68:	3b24      	subs	r3, #36	; 0x24
10000b6a:	9300      	str	r3, [sp, #0]
10000b6c:	2177      	movs	r1, #119	; 0x77
10000b6e:	6828      	ldr	r0, [r5, #0]
10000b70:	f004 f9f0 	bl	10004f54 <i2c_write_blocking>
10000b74:	2801      	cmp	r0, #1
10000b76:	d109      	bne.n	10000b8c <bme680_sample_fetch+0xa4>
10000b78:	2300      	movs	r3, #0
10000b7a:	6828      	ldr	r0, [r5, #0]
10000b7c:	2177      	movs	r1, #119	; 0x77
10000b7e:	9300      	str	r3, [sp, #0]
10000b80:	aa05      	add	r2, sp, #20
10000b82:	3302      	adds	r3, #2
10000b84:	f004 f9f0 	bl	10004f68 <i2c_read_blocking>
10000b88:	2802      	cmp	r0, #2
10000b8a:	d013      	beq.n	10000bb4 <bme680_sample_fetch+0xcc>
10000b8c:	4816      	ldr	r0, [pc, #88]	; (10000be8 <bme680_sample_fetch+0x100>)
10000b8e:	f003 ff0d 	bl	100049ac <__wrap_puts>
10000b92:	2000      	movs	r0, #0
10000b94:	b006      	add	sp, #24
10000b96:	bce0      	pop	{r5, r6, r7}
10000b98:	46ba      	mov	sl, r7
10000b9a:	46b1      	mov	r9, r6
10000b9c:	46a8      	mov	r8, r5
10000b9e:	bdf0      	pop	{r4, r5, r6, r7, pc}
10000ba0:	4812      	ldr	r0, [pc, #72]	; (10000bec <bme680_sample_fetch+0x104>)
10000ba2:	f003 ff03 	bl	100049ac <__wrap_puts>
10000ba6:	2000      	movs	r0, #0
10000ba8:	e7f4      	b.n	10000b94 <bme680_sample_fetch+0xac>
10000baa:	4811      	ldr	r0, [pc, #68]	; (10000bf0 <bme680_sample_fetch+0x108>)
10000bac:	f003 fefe 	bl	100049ac <__wrap_puts>
10000bb0:	2000      	movs	r0, #0
10000bb2:	e7ef      	b.n	10000b94 <bme680_sample_fetch+0xac>
10000bb4:	466b      	mov	r3, sp
10000bb6:	8a98      	ldrh	r0, [r3, #20]
10000bb8:	ba40      	rev16	r0, r0
10000bba:	b280      	uxth	r0, r0
10000bbc:	f002 f9db 	bl	10002f76 <__wrap___aeabi_ui2f>
10000bc0:	21ea      	movs	r1, #234	; 0xea
10000bc2:	0589      	lsls	r1, r1, #22
10000bc4:	f002 f99d 	bl	10002f02 <__wrap___aeabi_fmul>
10000bc8:	4653      	mov	r3, sl
10000bca:	6018      	str	r0, [r3, #0]
10000bcc:	f002 f9fa 	bl	10002fc4 <__wrap___aeabi_f2d>
10000bd0:	0002      	movs	r2, r0
10000bd2:	000b      	movs	r3, r1
10000bd4:	4807      	ldr	r0, [pc, #28]	; (10000bf4 <bme680_sample_fetch+0x10c>)
10000bd6:	f003 ff73 	bl	10004ac0 <__wrap_printf>
10000bda:	2001      	movs	r0, #1
10000bdc:	e7da      	b.n	10000b94 <bme680_sample_fetch+0xac>
10000bde:	46c0      	nop			; (mov r8, r8)
10000be0:	00002574 	.word	0x00002574
10000be4:	20000630 	.word	0x20000630
10000be8:	10005390 	.word	0x10005390
10000bec:	10005360 	.word	0x10005360
10000bf0:	1000537c 	.word	0x1000537c
10000bf4:	100053b0 	.word	0x100053b0

10000bf8 <uart_protocol_init>:
10000bf8:	b5f8      	push	{r3, r4, r5, r6, r7, lr}
10000bfa:	0015      	movs	r5, r2
10000bfc:	001e      	movs	r6, r3
10000bfe:	000c      	movs	r4, r1
10000c00:	4f0b      	ldr	r7, [pc, #44]	; (10000c30 <uart_protocol_init+0x38>)
10000c02:	6038      	str	r0, [r7, #0]
10000c04:	f000 ff92 	bl	10001b2c <uart_init>
10000c08:	0028      	movs	r0, r5
10000c0a:	2102      	movs	r1, #2
10000c0c:	f000 f91e 	bl	10000e4c <gpio_set_function>
10000c10:	0030      	movs	r0, r6
10000c12:	2102      	movs	r1, #2
10000c14:	f000 f91a 	bl	10000e4c <gpio_set_function>
10000c18:	6838      	ldr	r0, [r7, #0]
10000c1a:	2101      	movs	r1, #1
10000c1c:	f001 f814 	bl	10001c48 <uart_set_fifo_enabled>
10000c20:	0033      	movs	r3, r6
10000c22:	002a      	movs	r2, r5
10000c24:	0021      	movs	r1, r4
10000c26:	4803      	ldr	r0, [pc, #12]	; (10000c34 <uart_protocol_init+0x3c>)
10000c28:	f003 ff4a 	bl	10004ac0 <__wrap_printf>
10000c2c:	2001      	movs	r0, #1
10000c2e:	bdf8      	pop	{r3, r4, r5, r6, r7, pc}
10000c30:	20000654 	.word	0x20000654
10000c34:	100053c4 	.word	0x100053c4

10000c38 <uart_protocol_send_light_data>:
10000c38:	b5f0      	push	{r4, r5, r6, r7, lr}
10000c3a:	8841      	ldrh	r1, [r0, #2]
10000c3c:	b08b      	sub	sp, #44	; 0x2c
10000c3e:	aa01      	add	r2, sp, #4
10000c40:	ba49      	rev16	r1, r1
10000c42:	8091      	strh	r1, [r2, #4]
10000c44:	8881      	ldrh	r1, [r0, #4]
10000c46:	7803      	ldrb	r3, [r0, #0]
10000c48:	ba49      	rev16	r1, r1
10000c4a:	80d1      	strh	r1, [r2, #6]
10000c4c:	88c1      	ldrh	r1, [r0, #6]
10000c4e:	70d3      	strb	r3, [r2, #3]
10000c50:	ba49      	rev16	r1, r1
10000c52:	8111      	strh	r1, [r2, #8]
10000c54:	220e      	movs	r2, #14
10000c56:	2660      	movs	r6, #96	; 0x60
10000c58:	6881      	ldr	r1, [r0, #8]
10000c5a:	446a      	add	r2, sp
10000c5c:	0c08      	lsrs	r0, r1, #16
10000c5e:	8011      	strh	r1, [r2, #0]
10000c60:	8050      	strh	r0, [r2, #2]
10000c62:	9802      	ldr	r0, [sp, #8]
10000c64:	9a03      	ldr	r2, [sp, #12]
10000c66:	4276      	negs	r6, r6
10000c68:	4042      	eors	r2, r0
10000c6a:	0e10      	lsrs	r0, r2, #24
10000c6c:	4043      	eors	r3, r0
10000c6e:	0208      	lsls	r0, r1, #8
10000c70:	0e00      	lsrs	r0, r0, #24
10000c72:	4043      	eors	r3, r0
10000c74:	0410      	lsls	r0, r2, #16
10000c76:	4053      	eors	r3, r2
10000c78:	0e00      	lsrs	r0, r0, #24
10000c7a:	0212      	lsls	r2, r2, #8
10000c7c:	0e12      	lsrs	r2, r2, #24
10000c7e:	4043      	eors	r3, r0
10000c80:	4053      	eors	r3, r2
10000c82:	405e      	eors	r6, r3
10000c84:	4b30      	ldr	r3, [pc, #192]	; (10000d48 <uart_protocol_send_light_data+0x110>)
10000c86:	4a31      	ldr	r2, [pc, #196]	; (10000d4c <uart_protocol_send_light_data+0x114>)
10000c88:	681b      	ldr	r3, [r3, #0]
10000c8a:	0e09      	lsrs	r1, r1, #24
10000c8c:	189a      	adds	r2, r3, r2
10000c8e:	404e      	eors	r6, r1
10000c90:	4251      	negs	r1, r2
10000c92:	414a      	adcs	r2, r1
10000c94:	492e      	ldr	r1, [pc, #184]	; (10000d50 <uart_protocol_send_light_data+0x118>)
10000c96:	0052      	lsls	r2, r2, #1
10000c98:	5e55      	ldrsh	r5, [r2, r1]
10000c9a:	b2f6      	uxtb	r6, r6
10000c9c:	2daa      	cmp	r5, #170	; 0xaa
10000c9e:	d04b      	beq.n	10000d38 <uart_protocol_send_light_data+0x100>
10000ca0:	2120      	movs	r1, #32
10000ca2:	699a      	ldr	r2, [r3, #24]
10000ca4:	4211      	tst	r1, r2
10000ca6:	d1fc      	bne.n	10000ca2 <uart_protocol_send_light_data+0x6a>
10000ca8:	22aa      	movs	r2, #170	; 0xaa
10000caa:	601a      	str	r2, [r3, #0]
10000cac:	2d01      	cmp	r5, #1
10000cae:	d03c      	beq.n	10000d2a <uart_protocol_send_light_data+0xf2>
10000cb0:	2120      	movs	r1, #32
10000cb2:	699a      	ldr	r2, [r3, #24]
10000cb4:	4211      	tst	r1, r2
10000cb6:	d1fc      	bne.n	10000cb2 <uart_protocol_send_light_data+0x7a>
10000cb8:	2201      	movs	r2, #1
10000cba:	601a      	str	r2, [r3, #0]
10000cbc:	2d0b      	cmp	r5, #11
10000cbe:	d02d      	beq.n	10000d1c <uart_protocol_send_light_data+0xe4>
10000cc0:	2120      	movs	r1, #32
10000cc2:	699a      	ldr	r2, [r3, #24]
10000cc4:	4211      	tst	r1, r2
10000cc6:	d1fc      	bne.n	10000cc2 <uart_protocol_send_light_data+0x8a>
10000cc8:	220b      	movs	r2, #11
10000cca:	601a      	str	r2, [r3, #0]
10000ccc:	466a      	mov	r2, sp
10000cce:	1dd0      	adds	r0, r2, #7
10000cd0:	220d      	movs	r2, #13
10000cd2:	2712      	movs	r7, #18
10000cd4:	2120      	movs	r1, #32
10000cd6:	4694      	mov	ip, r2
10000cd8:	446f      	add	r7, sp
10000cda:	7804      	ldrb	r4, [r0, #0]
10000cdc:	42a5      	cmp	r5, r4
10000cde:	d010      	beq.n	10000d02 <uart_protocol_send_light_data+0xca>
10000ce0:	699a      	ldr	r2, [r3, #24]
10000ce2:	4211      	tst	r1, r2
10000ce4:	d1fc      	bne.n	10000ce0 <uart_protocol_send_light_data+0xa8>
10000ce6:	3001      	adds	r0, #1
10000ce8:	601c      	str	r4, [r3, #0]
10000cea:	4287      	cmp	r7, r0
10000cec:	d1f5      	bne.n	10000cda <uart_protocol_send_light_data+0xa2>
10000cee:	42b5      	cmp	r5, r6
10000cf0:	d00d      	beq.n	10000d0e <uart_protocol_send_light_data+0xd6>
10000cf2:	2120      	movs	r1, #32
10000cf4:	699a      	ldr	r2, [r3, #24]
10000cf6:	4211      	tst	r1, r2
10000cf8:	d1fc      	bne.n	10000cf4 <uart_protocol_send_light_data+0xbc>
10000cfa:	2001      	movs	r0, #1
10000cfc:	601e      	str	r6, [r3, #0]
10000cfe:	b00b      	add	sp, #44	; 0x2c
10000d00:	bdf0      	pop	{r4, r5, r6, r7, pc}
10000d02:	699a      	ldr	r2, [r3, #24]
10000d04:	4211      	tst	r1, r2
10000d06:	d1fc      	bne.n	10000d02 <uart_protocol_send_light_data+0xca>
10000d08:	4662      	mov	r2, ip
10000d0a:	601a      	str	r2, [r3, #0]
10000d0c:	e7e8      	b.n	10000ce0 <uart_protocol_send_light_data+0xa8>
10000d0e:	2120      	movs	r1, #32
10000d10:	699a      	ldr	r2, [r3, #24]
10000d12:	4211      	tst	r1, r2
10000d14:	d1fc      	bne.n	10000d10 <uart_protocol_send_light_data+0xd8>
10000d16:	220d      	movs	r2, #13
10000d18:	601a      	str	r2, [r3, #0]
10000d1a:	e7ea      	b.n	10000cf2 <uart_protocol_send_light_data+0xba>
10000d1c:	2120      	movs	r1, #32
10000d1e:	699a      	ldr	r2, [r3, #24]
10000d20:	4211      	tst	r1, r2
10000d22:	d1fc      	bne.n	10000d1e <uart_protocol_send_light_data+0xe6>
10000d24:	220d      	movs	r2, #13
10000d26:	601a      	str	r2, [r3, #0]
10000d28:	e7ca      	b.n	10000cc0 <uart_protocol_send_light_data+0x88>
10000d2a:	2120      	movs	r1, #32
10000d2c:	699a      	ldr	r2, [r3, #24]
10000d2e:	4211      	tst	r1, r2
10000d30:	d1fc      	bne.n	10000d2c <uart_protocol_send_light_data+0xf4>
10000d32:	220d      	movs	r2, #13
10000d34:	601a      	str	r2, [r3, #0]
10000d36:	e7bb      	b.n	10000cb0 <uart_protocol_send_light_data+0x78>
10000d38:	2120      	movs	r1, #32
10000d3a:	699a      	ldr	r2, [r3, #24]
10000d3c:	4211      	tst	r1, r2
10000d3e:	d1fc      	bne.n	10000d3a <uart_protocol_send_light_data+0x102>
10000d40:	220d      	movs	r2, #13
10000d42:	601a      	str	r2, [r3, #0]
10000d44:	e7ac      	b.n	10000ca0 <uart_protocol_send_light_data+0x68>
10000d46:	46c0      	nop			; (mov r8, r8)
10000d48:	20000654 	.word	0x20000654
10000d4c:	bffc8000 	.word	0xbffc8000
10000d50:	20000650 	.word	0x20000650

10000d54 <uart_protocol_send_bme680_data>:
10000d54:	b5f0      	push	{r4, r5, r6, r7, lr}
10000d56:	b08b      	sub	sp, #44	; 0x2c
10000d58:	466b      	mov	r3, sp
10000d5a:	ac01      	add	r4, sp, #4
10000d5c:	0001      	movs	r1, r0
10000d5e:	2208      	movs	r2, #8
10000d60:	1dd8      	adds	r0, r3, #7
10000d62:	f002 f9a1 	bl	100030a8 <__wrap___aeabi_memcpy>
10000d66:	7821      	ldrb	r1, [r4, #0]
10000d68:	78e5      	ldrb	r5, [r4, #3]
10000d6a:	7aa3      	ldrb	r3, [r4, #10]
10000d6c:	404d      	eors	r5, r1
10000d6e:	405d      	eors	r5, r3
10000d70:	7923      	ldrb	r3, [r4, #4]
10000d72:	4a33      	ldr	r2, [pc, #204]	; (10000e40 <uart_protocol_send_bme680_data+0xec>)
10000d74:	405d      	eors	r5, r3
10000d76:	7963      	ldrb	r3, [r4, #5]
10000d78:	405d      	eors	r5, r3
10000d7a:	79a3      	ldrb	r3, [r4, #6]
10000d7c:	405d      	eors	r5, r3
10000d7e:	79e3      	ldrb	r3, [r4, #7]
10000d80:	405d      	eors	r5, r3
10000d82:	7a23      	ldrb	r3, [r4, #8]
10000d84:	405d      	eors	r5, r3
10000d86:	7a63      	ldrb	r3, [r4, #9]
10000d88:	405d      	eors	r5, r3
10000d8a:	2309      	movs	r3, #9
10000d8c:	405d      	eors	r5, r3
10000d8e:	4b2d      	ldr	r3, [pc, #180]	; (10000e44 <uart_protocol_send_bme680_data+0xf0>)
10000d90:	681b      	ldr	r3, [r3, #0]
10000d92:	189a      	adds	r2, r3, r2
10000d94:	4250      	negs	r0, r2
10000d96:	4142      	adcs	r2, r0
10000d98:	482b      	ldr	r0, [pc, #172]	; (10000e48 <uart_protocol_send_bme680_data+0xf4>)
10000d9a:	0052      	lsls	r2, r2, #1
10000d9c:	5e16      	ldrsh	r6, [r2, r0]
10000d9e:	428e      	cmp	r6, r1
10000da0:	d047      	beq.n	10000e32 <uart_protocol_send_bme680_data+0xde>
10000da2:	2020      	movs	r0, #32
10000da4:	699a      	ldr	r2, [r3, #24]
10000da6:	4210      	tst	r0, r2
10000da8:	d1fc      	bne.n	10000da4 <uart_protocol_send_bme680_data+0x50>
10000daa:	6019      	str	r1, [r3, #0]
10000dac:	2e01      	cmp	r6, #1
10000dae:	d039      	beq.n	10000e24 <uart_protocol_send_bme680_data+0xd0>
10000db0:	2120      	movs	r1, #32
10000db2:	699a      	ldr	r2, [r3, #24]
10000db4:	4211      	tst	r1, r2
10000db6:	d1fc      	bne.n	10000db2 <uart_protocol_send_bme680_data+0x5e>
10000db8:	2201      	movs	r2, #1
10000dba:	601a      	str	r2, [r3, #0]
10000dbc:	2e08      	cmp	r6, #8
10000dbe:	d02a      	beq.n	10000e16 <uart_protocol_send_bme680_data+0xc2>
10000dc0:	2120      	movs	r1, #32
10000dc2:	699a      	ldr	r2, [r3, #24]
10000dc4:	4211      	tst	r1, r2
10000dc6:	d1fc      	bne.n	10000dc2 <uart_protocol_send_bme680_data+0x6e>
10000dc8:	2208      	movs	r2, #8
10000dca:	601a      	str	r2, [r3, #0]
10000dcc:	3205      	adds	r2, #5
10000dce:	0020      	movs	r0, r4
10000dd0:	2120      	movs	r1, #32
10000dd2:	4694      	mov	ip, r2
10000dd4:	af03      	add	r7, sp, #12
10000dd6:	78c4      	ldrb	r4, [r0, #3]
10000dd8:	42a6      	cmp	r6, r4
10000dda:	d00f      	beq.n	10000dfc <uart_protocol_send_bme680_data+0xa8>
10000ddc:	699a      	ldr	r2, [r3, #24]
10000dde:	4211      	tst	r1, r2
10000de0:	d1fc      	bne.n	10000ddc <uart_protocol_send_bme680_data+0x88>
10000de2:	3001      	adds	r0, #1
10000de4:	601c      	str	r4, [r3, #0]
10000de6:	42b8      	cmp	r0, r7
10000de8:	d1f5      	bne.n	10000dd6 <uart_protocol_send_bme680_data+0x82>
10000dea:	42ae      	cmp	r6, r5
10000dec:	d00c      	beq.n	10000e08 <uart_protocol_send_bme680_data+0xb4>
10000dee:	2120      	movs	r1, #32
10000df0:	699a      	ldr	r2, [r3, #24]
10000df2:	4211      	tst	r1, r2
10000df4:	d1fc      	bne.n	10000df0 <uart_protocol_send_bme680_data+0x9c>
10000df6:	601d      	str	r5, [r3, #0]
10000df8:	b00b      	add	sp, #44	; 0x2c
10000dfa:	bdf0      	pop	{r4, r5, r6, r7, pc}
10000dfc:	699a      	ldr	r2, [r3, #24]
10000dfe:	4211      	tst	r1, r2
10000e00:	d1fc      	bne.n	10000dfc <uart_protocol_send_bme680_data+0xa8>
10000e02:	4662      	mov	r2, ip
10000e04:	601a      	str	r2, [r3, #0]
10000e06:	e7e9      	b.n	10000ddc <uart_protocol_send_bme680_data+0x88>
10000e08:	2120      	movs	r1, #32
10000e0a:	699a      	ldr	r2, [r3, #24]
10000e0c:	4211      	tst	r1, r2
10000e0e:	d1fc      	bne.n	10000e0a <uart_protocol_send_bme680_data+0xb6>
10000e10:	220d      	movs	r2, #13
10000e12:	601a      	str	r2, [r3, #0]
10000e14:	e7eb      	b.n	10000dee <uart_protocol_send_bme680_data+0x9a>
10000e16:	2120      	movs	r1, #32
10000e18:	699a      	ldr	r2, [r3, #24]
10000e1a:	4211      	tst	r1, r2
10000e1c:	d1fc      	bne.n	10000e18 <uart_protocol_send_bme680_data+0xc4>
10000e1e:	220d      	movs	r2, #13
10000e20:	601a      	str	r2, [r3, #0]
10000e22:	e7cd      	b.n	10000dc0 <uart_protocol_send_bme680_data+0x6c>
10000e24:	2120      	movs	r1, #32
10000e26:	699a      	ldr	r2, [r3, #24]
10000e28:	4211      	tst	r1, r2
10000e2a:	d1fc      	bne.n	10000e26 <uart_protocol_send_bme680_data+0xd2>
10000e2c:	220d      	movs	r2, #13
10000e2e:	601a      	str	r2, [r3, #0]
10000e30:	e7be      	b.n	10000db0 <uart_protocol_send_bme680_data+0x5c>
10000e32:	2020      	movs	r0, #32
10000e34:	699a      	ldr	r2, [r3, #24]
10000e36:	4210      	tst	r0, r2
10000e38:	d1fc      	bne.n	10000e34 <uart_protocol_send_bme680_data+0xe0>
10000e3a:	220d      	movs	r2, #13
10000e3c:	601a      	str	r2, [r3, #0]
10000e3e:	e7b0      	b.n	10000da2 <uart_protocol_send_bme680_data+0x4e>
10000e40:	bffc8000 	.word	0xbffc8000
10000e44:	20000654 	.word	0x20000654
10000e48:	20000650 	.word	0x20000650

10000e4c <gpio_set_function>:
10000e4c:	b510      	push	{r4, lr}
10000e4e:	2440      	movs	r4, #64	; 0x40
10000e50:	4a08      	ldr	r2, [pc, #32]	; (10000e74 <gpio_set_function+0x28>)
10000e52:	0083      	lsls	r3, r0, #2
10000e54:	189a      	adds	r2, r3, r2
10000e56:	6812      	ldr	r2, [r2, #0]
10000e58:	00c0      	lsls	r0, r0, #3
10000e5a:	4054      	eors	r4, r2
10000e5c:	22c0      	movs	r2, #192	; 0xc0
10000e5e:	4022      	ands	r2, r4
10000e60:	4c05      	ldr	r4, [pc, #20]	; (10000e78 <gpio_set_function+0x2c>)
10000e62:	46a4      	mov	ip, r4
10000e64:	4463      	add	r3, ip
10000e66:	601a      	str	r2, [r3, #0]
10000e68:	4b04      	ldr	r3, [pc, #16]	; (10000e7c <gpio_set_function+0x30>)
10000e6a:	469c      	mov	ip, r3
10000e6c:	4460      	add	r0, ip
10000e6e:	6041      	str	r1, [r0, #4]
10000e70:	bd10      	pop	{r4, pc}
10000e72:	46c0      	nop			; (mov r8, r8)
10000e74:	4001c004 	.word	0x4001c004
10000e78:	4001d004 	.word	0x4001d004
10000e7c:	40014000 	.word	0x40014000

10000e80 <gpio_set_pulls>:
10000e80:	4b0b      	ldr	r3, [pc, #44]	; (10000eb0 <gpio_set_pulls+0x30>)
10000e82:	0080      	lsls	r0, r0, #2
10000e84:	469c      	mov	ip, r3
10000e86:	4460      	add	r0, ip
10000e88:	2900      	cmp	r1, #0
10000e8a:	d10e      	bne.n	10000eaa <gpio_set_pulls+0x2a>
10000e8c:	2300      	movs	r3, #0
10000e8e:	3104      	adds	r1, #4
10000e90:	2a00      	cmp	r2, #0
10000e92:	d100      	bne.n	10000e96 <gpio_set_pulls+0x16>
10000e94:	0019      	movs	r1, r3
10000e96:	2280      	movs	r2, #128	; 0x80
10000e98:	6803      	ldr	r3, [r0, #0]
10000e9a:	0152      	lsls	r2, r2, #5
10000e9c:	4059      	eors	r1, r3
10000e9e:	4694      	mov	ip, r2
10000ea0:	230c      	movs	r3, #12
10000ea2:	4460      	add	r0, ip
10000ea4:	400b      	ands	r3, r1
10000ea6:	6003      	str	r3, [r0, #0]
10000ea8:	4770      	bx	lr
10000eaa:	210c      	movs	r1, #12
10000eac:	2308      	movs	r3, #8
10000eae:	e7ef      	b.n	10000e90 <gpio_set_pulls+0x10>
10000eb0:	4001c004 	.word	0x4001c004

10000eb4 <gpio_set_input_enabled>:
10000eb4:	0080      	lsls	r0, r0, #2
10000eb6:	2900      	cmp	r1, #0
10000eb8:	d005      	beq.n	10000ec6 <gpio_set_input_enabled+0x12>
10000eba:	4b06      	ldr	r3, [pc, #24]	; (10000ed4 <gpio_set_input_enabled+0x20>)
10000ebc:	469c      	mov	ip, r3
10000ebe:	2340      	movs	r3, #64	; 0x40
10000ec0:	4460      	add	r0, ip
10000ec2:	6003      	str	r3, [r0, #0]
10000ec4:	4770      	bx	lr
10000ec6:	4b04      	ldr	r3, [pc, #16]	; (10000ed8 <gpio_set_input_enabled+0x24>)
10000ec8:	469c      	mov	ip, r3
10000eca:	2340      	movs	r3, #64	; 0x40
10000ecc:	4460      	add	r0, ip
10000ece:	6003      	str	r3, [r0, #0]
10000ed0:	e7f8      	b.n	10000ec4 <gpio_set_input_enabled+0x10>
10000ed2:	46c0      	nop			; (mov r8, r8)
10000ed4:	4001e004 	.word	0x4001e004
10000ed8:	4001f004 	.word	0x4001f004

10000edc <gpio_init>:
10000edc:	2301      	movs	r3, #1
10000ede:	22d0      	movs	r2, #208	; 0xd0
10000ee0:	4083      	lsls	r3, r0
10000ee2:	2140      	movs	r1, #64	; 0x40
10000ee4:	0612      	lsls	r2, r2, #24
10000ee6:	6293      	str	r3, [r2, #40]	; 0x28
10000ee8:	6193      	str	r3, [r2, #24]
10000eea:	4a09      	ldr	r2, [pc, #36]	; (10000f10 <gpio_init+0x34>)
10000eec:	0083      	lsls	r3, r0, #2
10000eee:	189a      	adds	r2, r3, r2
10000ef0:	6812      	ldr	r2, [r2, #0]
10000ef2:	00c0      	lsls	r0, r0, #3
10000ef4:	4051      	eors	r1, r2
10000ef6:	22c0      	movs	r2, #192	; 0xc0
10000ef8:	400a      	ands	r2, r1
10000efa:	4906      	ldr	r1, [pc, #24]	; (10000f14 <gpio_init+0x38>)
10000efc:	468c      	mov	ip, r1
10000efe:	4463      	add	r3, ip
10000f00:	601a      	str	r2, [r3, #0]
10000f02:	4b05      	ldr	r3, [pc, #20]	; (10000f18 <gpio_init+0x3c>)
10000f04:	469c      	mov	ip, r3
10000f06:	2305      	movs	r3, #5
10000f08:	4460      	add	r0, ip
10000f0a:	6043      	str	r3, [r0, #4]
10000f0c:	4770      	bx	lr
10000f0e:	46c0      	nop			; (mov r8, r8)
10000f10:	4001c004 	.word	0x4001c004
10000f14:	4001d004 	.word	0x4001d004
10000f18:	40014000 	.word	0x40014000

10000f1c <panic>:
10000f1c:	b40f      	push	{r0, r1, r2, r3}
10000f1e:	b500      	push	{lr}
10000f20:	4808      	ldr	r0, [pc, #32]	; (10000f44 <panic+0x28>)
10000f22:	b083      	sub	sp, #12
10000f24:	f003 fd42 	bl	100049ac <__wrap_puts>
10000f28:	9b04      	ldr	r3, [sp, #16]
10000f2a:	2b00      	cmp	r3, #0
10000f2c:	d007      	beq.n	10000f3e <panic+0x22>
10000f2e:	a905      	add	r1, sp, #20
10000f30:	0018      	movs	r0, r3
10000f32:	9101      	str	r1, [sp, #4]
10000f34:	f003 fb88 	bl	10004648 <weak_raw_vprintf>
10000f38:	4803      	ldr	r0, [pc, #12]	; (10000f48 <panic+0x2c>)
10000f3a:	f003 fd37 	bl	100049ac <__wrap_puts>
10000f3e:	2001      	movs	r0, #1
10000f40:	f003 fb9a 	bl	10004678 <_exit>
10000f44:	10005404 	.word	0x10005404
10000f48:	100053c0 	.word	0x100053c0

10000f4c <hw_claim_or_assert>:
10000f4c:	b570      	push	{r4, r5, r6, lr}
10000f4e:	f3ef 8c10 	mrs	ip, PRIMASK
10000f52:	b672      	cpsid	i
10000f54:	4d0d      	ldr	r5, [pc, #52]	; (10000f8c <hw_claim_or_assert+0x40>)
10000f56:	682b      	ldr	r3, [r5, #0]
10000f58:	2b00      	cmp	r3, #0
10000f5a:	d0fc      	beq.n	10000f56 <hw_claim_or_assert+0xa>
10000f5c:	f3bf 8f5f 	dmb	sy
10000f60:	2407      	movs	r4, #7
10000f62:	08cb      	lsrs	r3, r1, #3
10000f64:	18c6      	adds	r6, r0, r3
10000f66:	5cc0      	ldrb	r0, [r0, r3]
10000f68:	2301      	movs	r3, #1
10000f6a:	400c      	ands	r4, r1
10000f6c:	40a3      	lsls	r3, r4
10000f6e:	001c      	movs	r4, r3
10000f70:	4004      	ands	r4, r0
10000f72:	4203      	tst	r3, r0
10000f74:	d107      	bne.n	10000f86 <hw_claim_or_assert+0x3a>
10000f76:	4303      	orrs	r3, r0
10000f78:	7033      	strb	r3, [r6, #0]
10000f7a:	f3bf 8f5f 	dmb	sy
10000f7e:	602c      	str	r4, [r5, #0]
10000f80:	f38c 8810 	msr	PRIMASK, ip
10000f84:	bd70      	pop	{r4, r5, r6, pc}
10000f86:	0010      	movs	r0, r2
10000f88:	f7ff ffc8 	bl	10000f1c <panic>
10000f8c:	d000012c 	.word	0xd000012c

10000f90 <next_striped_spin_lock_num>:
10000f90:	4a04      	ldr	r2, [pc, #16]	; (10000fa4 <next_striped_spin_lock_num+0x14>)
10000f92:	7810      	ldrb	r0, [r2, #0]
10000f94:	1c43      	adds	r3, r0, #1
10000f96:	b2db      	uxtb	r3, r3
10000f98:	2b17      	cmp	r3, #23
10000f9a:	d900      	bls.n	10000f9e <next_striped_spin_lock_num+0xe>
10000f9c:	2310      	movs	r3, #16
10000f9e:	7013      	strb	r3, [r2, #0]
10000fa0:	4770      	bx	lr
10000fa2:	46c0      	nop			; (mov r8, r8)
10000fa4:	20000198 	.word	0x20000198

10000fa8 <spin_locks_reset>:
10000fa8:	2100      	movs	r1, #0
10000faa:	4b04      	ldr	r3, [pc, #16]	; (10000fbc <spin_locks_reset+0x14>)
10000fac:	4a04      	ldr	r2, [pc, #16]	; (10000fc0 <spin_locks_reset+0x18>)
10000fae:	f3bf 8f5f 	dmb	sy
10000fb2:	c302      	stmia	r3!, {r1}
10000fb4:	4293      	cmp	r3, r2
10000fb6:	d1fa      	bne.n	10000fae <spin_locks_reset+0x6>
10000fb8:	4770      	bx	lr
10000fba:	46c0      	nop			; (mov r8, r8)
10000fbc:	d0000100 	.word	0xd0000100
10000fc0:	d0000180 	.word	0xd0000180

10000fc4 <runtime_init_per_core_irq_priorities>:
10000fc4:	4b05      	ldr	r3, [pc, #20]	; (10000fdc <runtime_init_per_core_irq_priorities+0x18>)
10000fc6:	4a06      	ldr	r2, [pc, #24]	; (10000fe0 <runtime_init_per_core_irq_priorities+0x1c>)
10000fc8:	6013      	str	r3, [r2, #0]
10000fca:	4a06      	ldr	r2, [pc, #24]	; (10000fe4 <runtime_init_per_core_irq_priorities+0x20>)
10000fcc:	6013      	str	r3, [r2, #0]
10000fce:	6053      	str	r3, [r2, #4]
10000fd0:	6093      	str	r3, [r2, #8]
10000fd2:	60d3      	str	r3, [r2, #12]
10000fd4:	6113      	str	r3, [r2, #16]
10000fd6:	6153      	str	r3, [r2, #20]
10000fd8:	6193      	str	r3, [r2, #24]
10000fda:	4770      	bx	lr
10000fdc:	80808080 	.word	0x80808080
10000fe0:	e000e400 	.word	0xe000e400
10000fe4:	e000e404 	.word	0xe000e404

10000fe8 <irq_set_enabled>:
10000fe8:	231f      	movs	r3, #31
10000fea:	4018      	ands	r0, r3
10000fec:	3b1e      	subs	r3, #30
10000fee:	4083      	lsls	r3, r0
10000ff0:	2900      	cmp	r1, #0
10000ff2:	d005      	beq.n	10001000 <irq_set_enabled+0x18>
10000ff4:	21c0      	movs	r1, #192	; 0xc0
10000ff6:	4a04      	ldr	r2, [pc, #16]	; (10001008 <irq_set_enabled+0x20>)
10000ff8:	0049      	lsls	r1, r1, #1
10000ffa:	5053      	str	r3, [r2, r1]
10000ffc:	6013      	str	r3, [r2, #0]
10000ffe:	4770      	bx	lr
10001000:	2280      	movs	r2, #128	; 0x80
10001002:	4901      	ldr	r1, [pc, #4]	; (10001008 <irq_set_enabled+0x20>)
10001004:	508b      	str	r3, [r1, r2]
10001006:	e7fa      	b.n	10000ffe <irq_set_enabled+0x16>
10001008:	e000e100 	.word	0xe000e100

1000100c <irq_set_exclusive_handler>:
1000100c:	b570      	push	{r4, r5, r6, lr}
1000100e:	000d      	movs	r5, r1
10001010:	f3ef 8610 	mrs	r6, PRIMASK
10001014:	b672      	cpsid	i
10001016:	4a0f      	ldr	r2, [pc, #60]	; (10001054 <irq_set_exclusive_handler+0x48>)
10001018:	6813      	ldr	r3, [r2, #0]
1000101a:	2b00      	cmp	r3, #0
1000101c:	d0fc      	beq.n	10001018 <irq_set_exclusive_handler+0xc>
1000101e:	f3bf 8f5f 	dmb	sy
10001022:	4b0d      	ldr	r3, [pc, #52]	; (10001058 <irq_set_exclusive_handler+0x4c>)
10001024:	3010      	adds	r0, #16
10001026:	689b      	ldr	r3, [r3, #8]
10001028:	0084      	lsls	r4, r0, #2
1000102a:	591b      	ldr	r3, [r3, r4]
1000102c:	4a0b      	ldr	r2, [pc, #44]	; (1000105c <irq_set_exclusive_handler+0x50>)
1000102e:	4293      	cmp	r3, r2
10001030:	d003      	beq.n	1000103a <irq_set_exclusive_handler+0x2e>
10001032:	429d      	cmp	r5, r3
10001034:	d001      	beq.n	1000103a <irq_set_exclusive_handler+0x2e>
10001036:	f000 ffcb 	bl	10001fd0 <hard_assertion_failure>
1000103a:	4b07      	ldr	r3, [pc, #28]	; (10001058 <irq_set_exclusive_handler+0x4c>)
1000103c:	689b      	ldr	r3, [r3, #8]
1000103e:	511d      	str	r5, [r3, r4]
10001040:	f3bf 8f5f 	dmb	sy
10001044:	f3bf 8f5f 	dmb	sy
10001048:	2200      	movs	r2, #0
1000104a:	4b02      	ldr	r3, [pc, #8]	; (10001054 <irq_set_exclusive_handler+0x48>)
1000104c:	601a      	str	r2, [r3, #0]
1000104e:	f386 8810 	msr	PRIMASK, r6
10001052:	bd70      	pop	{r4, r5, r6, pc}
10001054:	d0000124 	.word	0xd0000124
10001058:	e000ed00 	.word	0xe000ed00
1000105c:	100001cd 	.word	0x100001cd

10001060 <irq_remove_handler>:
10001060:	b5f0      	push	{r4, r5, r6, r7, lr}
10001062:	46de      	mov	lr, fp
10001064:	4657      	mov	r7, sl
10001066:	464e      	mov	r6, r9
10001068:	4645      	mov	r5, r8
1000106a:	b5e0      	push	{r5, r6, r7, lr}
1000106c:	000c      	movs	r4, r1
1000106e:	b083      	sub	sp, #12
10001070:	f3ef 8910 	mrs	r9, PRIMASK
10001074:	b672      	cpsid	i
10001076:	4a5f      	ldr	r2, [pc, #380]	; (100011f4 <irq_remove_handler+0x194>)
10001078:	6813      	ldr	r3, [r2, #0]
1000107a:	2b00      	cmp	r3, #0
1000107c:	d0fc      	beq.n	10001078 <irq_remove_handler+0x18>
1000107e:	f3bf 8f5f 	dmb	sy
10001082:	4b5d      	ldr	r3, [pc, #372]	; (100011f8 <irq_remove_handler+0x198>)
10001084:	689a      	ldr	r2, [r3, #8]
10001086:	0003      	movs	r3, r0
10001088:	3310      	adds	r3, #16
1000108a:	009f      	lsls	r7, r3, #2
1000108c:	59d5      	ldr	r5, [r2, r7]
1000108e:	4a5b      	ldr	r2, [pc, #364]	; (100011fc <irq_remove_handler+0x19c>)
10001090:	4690      	mov	r8, r2
10001092:	4295      	cmp	r5, r2
10001094:	d03d      	beq.n	10001112 <irq_remove_handler+0xb2>
10001096:	42a5      	cmp	r5, r4
10001098:	d04e      	beq.n	10001138 <irq_remove_handler+0xd8>
1000109a:	4e59      	ldr	r6, [pc, #356]	; (10001200 <irq_remove_handler+0x1a0>)
1000109c:	1baa      	subs	r2, r5, r6
1000109e:	2a2f      	cmp	r2, #47	; 0x2f
100010a0:	d837      	bhi.n	10001112 <irq_remove_handler+0xb2>
100010a2:	4a58      	ldr	r2, [pc, #352]	; (10001204 <irq_remove_handler+0x1a4>)
100010a4:	4693      	mov	fp, r2
100010a6:	6812      	ldr	r2, [r2, #0]
100010a8:	4694      	mov	ip, r2
100010aa:	2201      	movs	r2, #1
100010ac:	4661      	mov	r1, ip
100010ae:	4692      	mov	sl, r2
100010b0:	4082      	lsls	r2, r0
100010b2:	4011      	ands	r1, r2
100010b4:	221f      	movs	r2, #31
100010b6:	4010      	ands	r0, r2
100010b8:	4652      	mov	r2, sl
100010ba:	4082      	lsls	r2, r0
100010bc:	4692      	mov	sl, r2
100010be:	9101      	str	r1, [sp, #4]
100010c0:	2280      	movs	r2, #128	; 0x80
100010c2:	4651      	mov	r1, sl
100010c4:	4658      	mov	r0, fp
100010c6:	5081      	str	r1, [r0, r2]
100010c8:	f3bf 8f5f 	dmb	sy
100010cc:	f3ef 8205 	mrs	r2, IPSR
100010d0:	4693      	mov	fp, r2
100010d2:	2a00      	cmp	r2, #0
100010d4:	d132      	bne.n	1000113c <irq_remove_handler+0xdc>
100010d6:	2301      	movs	r3, #1
100010d8:	002a      	movs	r2, r5
100010da:	439a      	bics	r2, r3
100010dc:	6890      	ldr	r0, [r2, #8]
100010de:	4284      	cmp	r4, r0
100010e0:	d108      	bne.n	100010f4 <irq_remove_handler+0x94>
100010e2:	e07c      	b.n	100011de <irq_remove_handler+0x17e>
100010e4:	004b      	lsls	r3, r1, #1
100010e6:	185b      	adds	r3, r3, r1
100010e8:	009b      	lsls	r3, r3, #2
100010ea:	18f3      	adds	r3, r6, r3
100010ec:	6898      	ldr	r0, [r3, #8]
100010ee:	4284      	cmp	r4, r0
100010f0:	d02e      	beq.n	10001150 <irq_remove_handler+0xf0>
100010f2:	001a      	movs	r2, r3
100010f4:	2106      	movs	r1, #6
100010f6:	5651      	ldrsb	r1, [r2, r1]
100010f8:	2900      	cmp	r1, #0
100010fa:	daf3      	bge.n	100010e4 <irq_remove_handler+0x84>
100010fc:	4284      	cmp	r4, r0
100010fe:	d04d      	beq.n	1000119c <irq_remove_handler+0x13c>
10001100:	9b01      	ldr	r3, [sp, #4]
10001102:	2b00      	cmp	r3, #0
10001104:	d01f      	beq.n	10001146 <irq_remove_handler+0xe6>
10001106:	22c0      	movs	r2, #192	; 0xc0
10001108:	4651      	mov	r1, sl
1000110a:	4b3e      	ldr	r3, [pc, #248]	; (10001204 <irq_remove_handler+0x1a4>)
1000110c:	0052      	lsls	r2, r2, #1
1000110e:	5099      	str	r1, [r3, r2]
10001110:	6019      	str	r1, [r3, #0]
10001112:	4b39      	ldr	r3, [pc, #228]	; (100011f8 <irq_remove_handler+0x198>)
10001114:	689b      	ldr	r3, [r3, #8]
10001116:	51dd      	str	r5, [r3, r7]
10001118:	f3bf 8f5f 	dmb	sy
1000111c:	f3bf 8f5f 	dmb	sy
10001120:	2200      	movs	r2, #0
10001122:	4b34      	ldr	r3, [pc, #208]	; (100011f4 <irq_remove_handler+0x194>)
10001124:	601a      	str	r2, [r3, #0]
10001126:	f389 8810 	msr	PRIMASK, r9
1000112a:	b003      	add	sp, #12
1000112c:	bcf0      	pop	{r4, r5, r6, r7}
1000112e:	46bb      	mov	fp, r7
10001130:	46b2      	mov	sl, r6
10001132:	46a9      	mov	r9, r5
10001134:	46a0      	mov	r8, r4
10001136:	bdf0      	pop	{r4, r5, r6, r7, pc}
10001138:	0015      	movs	r5, r2
1000113a:	e7ea      	b.n	10001112 <irq_remove_handler+0xb2>
1000113c:	4293      	cmp	r3, r2
1000113e:	d0ca      	beq.n	100010d6 <irq_remove_handler+0x76>
10001140:	f000 ff46 	bl	10001fd0 <hard_assertion_failure>
10001144:	e7c7      	b.n	100010d6 <irq_remove_handler+0x76>
10001146:	2380      	movs	r3, #128	; 0x80
10001148:	4651      	mov	r1, sl
1000114a:	4a2e      	ldr	r2, [pc, #184]	; (10001204 <irq_remove_handler+0x1a4>)
1000114c:	50d1      	str	r1, [r2, r3]
1000114e:	e7e0      	b.n	10001112 <irq_remove_handler+0xb2>
10001150:	2106      	movs	r1, #6
10001152:	5659      	ldrsb	r1, [r3, r1]
10001154:	2900      	cmp	r1, #0
10001156:	db22      	blt.n	1000119e <irq_remove_handler+0x13e>
10001158:	004a      	lsls	r2, r1, #1
1000115a:	1850      	adds	r0, r2, r1
1000115c:	0080      	lsls	r0, r0, #2
1000115e:	1834      	adds	r4, r6, r0
10001160:	4680      	mov	r8, r0
10001162:	68a0      	ldr	r0, [r4, #8]
10001164:	6098      	str	r0, [r3, #8]
10001166:	79e0      	ldrb	r0, [r4, #7]
10001168:	71d8      	strb	r0, [r3, #7]
1000116a:	2006      	movs	r0, #6
1000116c:	5620      	ldrsb	r0, [r4, r0]
1000116e:	7198      	strb	r0, [r3, #6]
10001170:	2800      	cmp	r0, #0
10001172:	db25      	blt.n	100011c0 <irq_remove_handler+0x160>
10001174:	88a4      	ldrh	r4, [r4, #4]
10001176:	1af0      	subs	r0, r6, r3
10001178:	0564      	lsls	r4, r4, #21
1000117a:	1524      	asrs	r4, r4, #20
1000117c:	4444      	add	r4, r8
1000117e:	1900      	adds	r0, r0, r4
10001180:	24e0      	movs	r4, #224	; 0xe0
10001182:	0500      	lsls	r0, r0, #20
10001184:	0d40      	lsrs	r0, r0, #21
10001186:	0224      	lsls	r4, r4, #8
10001188:	4320      	orrs	r0, r4
1000118a:	8098      	strh	r0, [r3, #4]
1000118c:	1852      	adds	r2, r2, r1
1000118e:	4b1e      	ldr	r3, [pc, #120]	; (10001208 <irq_remove_handler+0x1a8>)
10001190:	0092      	lsls	r2, r2, #2
10001192:	18b6      	adds	r6, r6, r2
10001194:	781a      	ldrb	r2, [r3, #0]
10001196:	7019      	strb	r1, [r3, #0]
10001198:	71b2      	strb	r2, [r6, #6]
1000119a:	e7b1      	b.n	10001100 <irq_remove_handler+0xa0>
1000119c:	0013      	movs	r3, r2
1000119e:	4659      	mov	r1, fp
100011a0:	2900      	cmp	r1, #0
100011a2:	d10f      	bne.n	100011c4 <irq_remove_handler+0x164>
100011a4:	31ff      	adds	r1, #255	; 0xff
100011a6:	7191      	strb	r1, [r2, #6]
100011a8:	4918      	ldr	r1, [pc, #96]	; (1000120c <irq_remove_handler+0x1ac>)
100011aa:	8091      	strh	r1, [r2, #4]
100011ac:	4916      	ldr	r1, [pc, #88]	; (10001208 <irq_remove_handler+0x1a8>)
100011ae:	780a      	ldrb	r2, [r1, #0]
100011b0:	719a      	strb	r2, [r3, #6]
100011b2:	4a17      	ldr	r2, [pc, #92]	; (10001210 <irq_remove_handler+0x1b0>)
100011b4:	1b9b      	subs	r3, r3, r6
100011b6:	415b      	adcs	r3, r3
100011b8:	435a      	muls	r2, r3
100011ba:	0d12      	lsrs	r2, r2, #20
100011bc:	700a      	strb	r2, [r1, #0]
100011be:	e79f      	b.n	10001100 <irq_remove_handler+0xa0>
100011c0:	4814      	ldr	r0, [pc, #80]	; (10001214 <irq_remove_handler+0x1b4>)
100011c2:	e7e2      	b.n	1000118a <irq_remove_handler+0x12a>
100011c4:	4a14      	ldr	r2, [pc, #80]	; (10001218 <irq_remove_handler+0x1b8>)
100011c6:	4915      	ldr	r1, [pc, #84]	; (1000121c <irq_remove_handler+0x1bc>)
100011c8:	1ad2      	subs	r2, r2, r3
100011ca:	3a08      	subs	r2, #8
100011cc:	0250      	lsls	r0, r2, #9
100011ce:	0d40      	lsrs	r0, r0, #21
100011d0:	4301      	orrs	r1, r0
100011d2:	8099      	strh	r1, [r3, #4]
100011d4:	4912      	ldr	r1, [pc, #72]	; (10001220 <irq_remove_handler+0x1c0>)
100011d6:	0852      	lsrs	r2, r2, #1
100011d8:	430a      	orrs	r2, r1
100011da:	80da      	strh	r2, [r3, #6]
100011dc:	e790      	b.n	10001100 <irq_remove_handler+0xa0>
100011de:	2106      	movs	r1, #6
100011e0:	5651      	ldrsb	r1, [r2, r1]
100011e2:	0013      	movs	r3, r2
100011e4:	2900      	cmp	r1, #0
100011e6:	dab7      	bge.n	10001158 <irq_remove_handler+0xf8>
100011e8:	465a      	mov	r2, fp
100011ea:	2a00      	cmp	r2, #0
100011ec:	d1ea      	bne.n	100011c4 <irq_remove_handler+0x164>
100011ee:	4645      	mov	r5, r8
100011f0:	e7dc      	b.n	100011ac <irq_remove_handler+0x14c>
100011f2:	46c0      	nop			; (mov r8, r8)
100011f4:	d0000124 	.word	0xd0000124
100011f8:	e000ed00 	.word	0xe000ed00
100011fc:	100001cd 	.word	0x100001cd
10001200:	2000019c 	.word	0x2000019c
10001204:	e000e100 	.word	0xe000e100
10001208:	2000065e 	.word	0x2000065e
1000120c:	ffffbd01 	.word	0xffffbd01
10001210:	0000aaaa 	.word	0x0000aaaa
10001214:	0000bd01 	.word	0x0000bd01
10001218:	200001d6 	.word	0x200001d6
1000121c:	fffff000 	.word	0xfffff000
10001220:	fffff800 	.word	0xfffff800

10001224 <irq_add_tail_to_free_list>:
10001224:	b570      	push	{r4, r5, r6, lr}
10001226:	2401      	movs	r4, #1
10001228:	4304      	orrs	r4, r0
1000122a:	f3ef 8105 	mrs	r1, IPSR
1000122e:	f3ef 8c10 	mrs	ip, PRIMASK
10001232:	b672      	cpsid	i
10001234:	4a21      	ldr	r2, [pc, #132]	; (100012bc <irq_add_tail_to_free_list+0x98>)
10001236:	6813      	ldr	r3, [r2, #0]
10001238:	2b00      	cmp	r3, #0
1000123a:	d0fc      	beq.n	10001236 <irq_add_tail_to_free_list+0x12>
1000123c:	f3bf 8f5f 	dmb	sy
10001240:	4b1f      	ldr	r3, [pc, #124]	; (100012c0 <irq_add_tail_to_free_list+0x9c>)
10001242:	0005      	movs	r5, r0
10001244:	4a1f      	ldr	r2, [pc, #124]	; (100012c4 <irq_add_tail_to_free_list+0xa0>)
10001246:	1aed      	subs	r5, r5, r3
10001248:	416d      	adcs	r5, r5
1000124a:	436a      	muls	r2, r5
1000124c:	0d12      	lsrs	r2, r2, #20
1000124e:	4d1e      	ldr	r5, [pc, #120]	; (100012c8 <irq_add_tail_to_free_list+0xa4>)
10001250:	0089      	lsls	r1, r1, #2
10001252:	68ae      	ldr	r6, [r5, #8]
10001254:	b252      	sxtb	r2, r2
10001256:	5876      	ldr	r6, [r6, r1]
10001258:	42a6      	cmp	r6, r4
1000125a:	d01c      	beq.n	10001296 <irq_add_tail_to_free_list+0x72>
1000125c:	2106      	movs	r1, #6
1000125e:	5659      	ldrsb	r1, [r3, r1]
10001260:	4291      	cmp	r1, r2
10001262:	d01c      	beq.n	1000129e <irq_add_tail_to_free_list+0x7a>
10001264:	2112      	movs	r1, #18
10001266:	5659      	ldrsb	r1, [r3, r1]
10001268:	4291      	cmp	r1, r2
1000126a:	d022      	beq.n	100012b2 <irq_add_tail_to_free_list+0x8e>
1000126c:	211e      	movs	r1, #30
1000126e:	5659      	ldrsb	r1, [r3, r1]
10001270:	4291      	cmp	r1, r2
10001272:	d020      	beq.n	100012b6 <irq_add_tail_to_free_list+0x92>
10001274:	212a      	movs	r1, #42	; 0x2a
10001276:	5659      	ldrsb	r1, [r3, r1]
10001278:	2403      	movs	r4, #3
1000127a:	4291      	cmp	r1, r2
1000127c:	d010      	beq.n	100012a0 <irq_add_tail_to_free_list+0x7c>
1000127e:	4b13      	ldr	r3, [pc, #76]	; (100012cc <irq_add_tail_to_free_list+0xa8>)
10001280:	7819      	ldrb	r1, [r3, #0]
10001282:	701a      	strb	r2, [r3, #0]
10001284:	7181      	strb	r1, [r0, #6]
10001286:	f3bf 8f5f 	dmb	sy
1000128a:	2200      	movs	r2, #0
1000128c:	4b0b      	ldr	r3, [pc, #44]	; (100012bc <irq_add_tail_to_free_list+0x98>)
1000128e:	601a      	str	r2, [r3, #0]
10001290:	f38c 8810 	msr	PRIMASK, ip
10001294:	bd70      	pop	{r4, r5, r6, pc}
10001296:	68ab      	ldr	r3, [r5, #8]
10001298:	4c0d      	ldr	r4, [pc, #52]	; (100012d0 <irq_add_tail_to_free_list+0xac>)
1000129a:	505c      	str	r4, [r3, r1]
1000129c:	e7ef      	b.n	1000127e <irq_add_tail_to_free_list+0x5a>
1000129e:	2400      	movs	r4, #0
100012a0:	0061      	lsls	r1, r4, #1
100012a2:	1909      	adds	r1, r1, r4
100012a4:	0089      	lsls	r1, r1, #2
100012a6:	185b      	adds	r3, r3, r1
100012a8:	21ff      	movs	r1, #255	; 0xff
100012aa:	7199      	strb	r1, [r3, #6]
100012ac:	4909      	ldr	r1, [pc, #36]	; (100012d4 <irq_add_tail_to_free_list+0xb0>)
100012ae:	8099      	strh	r1, [r3, #4]
100012b0:	e7e5      	b.n	1000127e <irq_add_tail_to_free_list+0x5a>
100012b2:	2401      	movs	r4, #1
100012b4:	e7f4      	b.n	100012a0 <irq_add_tail_to_free_list+0x7c>
100012b6:	2402      	movs	r4, #2
100012b8:	e7f2      	b.n	100012a0 <irq_add_tail_to_free_list+0x7c>
100012ba:	46c0      	nop			; (mov r8, r8)
100012bc:	d0000124 	.word	0xd0000124
100012c0:	2000019c 	.word	0x2000019c
100012c4:	0000aaaa 	.word	0x0000aaaa
100012c8:	e000ed00 	.word	0xe000ed00
100012cc:	2000065e 	.word	0x2000065e
100012d0:	100001cd 	.word	0x100001cd
100012d4:	ffffbd01 	.word	0xffffbd01

100012d8 <lock_init>:
100012d8:	4b02      	ldr	r3, [pc, #8]	; (100012e4 <lock_init+0xc>)
100012da:	469c      	mov	ip, r3
100012dc:	4461      	add	r1, ip
100012de:	0089      	lsls	r1, r1, #2
100012e0:	6001      	str	r1, [r0, #0]
100012e2:	4770      	bx	lr
100012e4:	34000040 	.word	0x34000040

100012e8 <runtime_init_mutex>:
100012e8:	b5f8      	push	{r3, r4, r5, r6, r7, lr}
100012ea:	4d13      	ldr	r5, [pc, #76]	; (10001338 <runtime_init_mutex+0x50>)
100012ec:	4e13      	ldr	r6, [pc, #76]	; (1000133c <runtime_init_mutex+0x54>)
100012ee:	002c      	movs	r4, r5
100012f0:	27ff      	movs	r7, #255	; 0xff
100012f2:	42b5      	cmp	r5, r6
100012f4:	d21e      	bcs.n	10001334 <runtime_init_mutex+0x4c>
100012f6:	6823      	ldr	r3, [r4, #0]
100012f8:	2b00      	cmp	r3, #0
100012fa:	d00f      	beq.n	1000131c <runtime_init_mutex+0x34>
100012fc:	f7ff fe48 	bl	10000f90 <next_striped_spin_lock_num>
10001300:	0001      	movs	r1, r0
10001302:	0028      	movs	r0, r5
10001304:	f7ff ffe8 	bl	100012d8 <lock_init>
10001308:	80a7      	strh	r7, [r4, #4]
1000130a:	f3bf 8f5f 	dmb	sy
1000130e:	3408      	adds	r4, #8
10001310:	42b4      	cmp	r4, r6
10001312:	d20f      	bcs.n	10001334 <runtime_init_mutex+0x4c>
10001314:	6823      	ldr	r3, [r4, #0]
10001316:	0025      	movs	r5, r4
10001318:	2b00      	cmp	r3, #0
1000131a:	d1ef      	bne.n	100012fc <runtime_init_mutex+0x14>
1000131c:	f7ff fe38 	bl	10000f90 <next_striped_spin_lock_num>
10001320:	0001      	movs	r1, r0
10001322:	0028      	movs	r0, r5
10001324:	f7ff ffd8 	bl	100012d8 <lock_init>
10001328:	7127      	strb	r7, [r4, #4]
1000132a:	f3bf 8f5f 	dmb	sy
1000132e:	3408      	adds	r4, #8
10001330:	42b4      	cmp	r4, r6
10001332:	d3ef      	bcc.n	10001314 <runtime_init_mutex+0x2c>
10001334:	bdf8      	pop	{r3, r4, r5, r6, r7, pc}
10001336:	46c0      	nop			; (mov r8, r8)
10001338:	20000248 	.word	0x20000248
1000133c:	20000250 	.word	0x20000250

10001340 <sleep_until_callback>:
10001340:	4b0a      	ldr	r3, [pc, #40]	; (1000136c <sleep_until_callback+0x2c>)
10001342:	6819      	ldr	r1, [r3, #0]
10001344:	f3ef 8010 	mrs	r0, PRIMASK
10001348:	b672      	cpsid	i
1000134a:	680a      	ldr	r2, [r1, #0]
1000134c:	2a00      	cmp	r2, #0
1000134e:	d0fc      	beq.n	1000134a <sleep_until_callback+0xa>
10001350:	f3bf 8f5f 	dmb	sy
10001354:	681b      	ldr	r3, [r3, #0]
10001356:	f3bf 8f5f 	dmb	sy
1000135a:	2200      	movs	r2, #0
1000135c:	601a      	str	r2, [r3, #0]
1000135e:	f380 8810 	msr	PRIMASK, r0
10001362:	bf40      	sev
10001364:	2000      	movs	r0, #0
10001366:	2100      	movs	r1, #0
10001368:	4770      	bx	lr
1000136a:	46c0      	nop			; (mov r8, r8)
1000136c:	2000064c 	.word	0x2000064c

10001370 <alarm_pool_irq_handler>:
10001370:	b5f0      	push	{r4, r5, r6, r7, lr}
10001372:	46de      	mov	lr, fp
10001374:	4657      	mov	r7, sl
10001376:	464e      	mov	r6, r9
10001378:	4645      	mov	r5, r8
1000137a:	b5e0      	push	{r5, r6, r7, lr}
1000137c:	b085      	sub	sp, #20
1000137e:	f3ef 8205 	mrs	r2, IPSR
10001382:	2303      	movs	r3, #3
10001384:	4013      	ands	r3, r2
10001386:	009a      	lsls	r2, r3, #2
10001388:	0011      	movs	r1, r2
1000138a:	9203      	str	r2, [sp, #12]
1000138c:	4ab6      	ldr	r2, [pc, #728]	; (10001668 <alarm_pool_irq_handler+0x2f8>)
1000138e:	5852      	ldr	r2, [r2, r1]
10001390:	4690      	mov	r8, r2
10001392:	2201      	movs	r2, #1
10001394:	409a      	lsls	r2, r3
10001396:	4691      	mov	r9, r2
10001398:	4bb4      	ldr	r3, [pc, #720]	; (1000166c <alarm_pool_irq_handler+0x2fc>)
1000139a:	601a      	str	r2, [r3, #0]
1000139c:	464b      	mov	r3, r9
1000139e:	48b4      	ldr	r0, [pc, #720]	; (10001670 <alarm_pool_irq_handler+0x300>)
100013a0:	6343      	str	r3, [r0, #52]	; 0x34
100013a2:	4643      	mov	r3, r8
100013a4:	2208      	movs	r2, #8
100013a6:	5e9b      	ldrsh	r3, [r3, r2]
100013a8:	469a      	mov	sl, r3
100013aa:	2b00      	cmp	r3, #0
100013ac:	da3d      	bge.n	1000142a <alarm_pool_irq_handler+0xba>
100013ae:	4643      	mov	r3, r8
100013b0:	889b      	ldrh	r3, [r3, #4]
100013b2:	b21b      	sxth	r3, r3
100013b4:	2b00      	cmp	r3, #0
100013b6:	db00      	blt.n	100013ba <alarm_pool_irq_handler+0x4a>
100013b8:	e0a1      	b.n	100014fe <alarm_pool_irq_handler+0x18e>
100013ba:	4643      	mov	r3, r8
100013bc:	799b      	ldrb	r3, [r3, #6]
100013be:	2b00      	cmp	r3, #0
100013c0:	d000      	beq.n	100013c4 <alarm_pool_irq_handler+0x54>
100013c2:	e0f3      	b.n	100015ac <alarm_pool_irq_handler+0x23c>
100013c4:	4643      	mov	r3, r8
100013c6:	2408      	movs	r4, #8
100013c8:	5f1c      	ldrsh	r4, [r3, r4]
100013ca:	2c00      	cmp	r4, #0
100013cc:	db23      	blt.n	10001416 <alarm_pool_irq_handler+0xa6>
100013ce:	4642      	mov	r2, r8
100013d0:	6952      	ldr	r2, [r2, #20]
100013d2:	0063      	lsls	r3, r4, #1
100013d4:	4694      	mov	ip, r2
100013d6:	191b      	adds	r3, r3, r4
100013d8:	00db      	lsls	r3, r3, #3
100013da:	4463      	add	r3, ip
100013dc:	689c      	ldr	r4, [r3, #8]
100013de:	68dd      	ldr	r5, [r3, #12]
100013e0:	1c63      	adds	r3, r4, #1
100013e2:	d100      	bne.n	100013e6 <alarm_pool_irq_handler+0x76>
100013e4:	e10f      	b.n	10001606 <alarm_pool_irq_handler+0x296>
100013e6:	48a2      	ldr	r0, [pc, #648]	; (10001670 <alarm_pool_irq_handler+0x300>)
100013e8:	9903      	ldr	r1, [sp, #12]
100013ea:	4684      	mov	ip, r0
100013ec:	4461      	add	r1, ip
100013ee:	6a82      	ldr	r2, [r0, #40]	; 0x28
100013f0:	690b      	ldr	r3, [r1, #16]
100013f2:	1aa6      	subs	r6, r4, r2
100013f4:	1a9b      	subs	r3, r3, r2
100013f6:	429e      	cmp	r6, r3
100013f8:	d315      	bcc.n	10001426 <alarm_pool_irq_handler+0xb6>
100013fa:	464a      	mov	r2, r9
100013fc:	6a03      	ldr	r3, [r0, #32]
100013fe:	421a      	tst	r2, r3
10001400:	d011      	beq.n	10001426 <alarm_pool_irq_handler+0xb6>
10001402:	489b      	ldr	r0, [pc, #620]	; (10001670 <alarm_pool_irq_handler+0x300>)
10001404:	f000 fb46 	bl	10001a94 <timer_time_us_64>
10001408:	1a24      	subs	r4, r4, r0
1000140a:	418d      	sbcs	r5, r1
1000140c:	2d00      	cmp	r5, #0
1000140e:	dc02      	bgt.n	10001416 <alarm_pool_irq_handler+0xa6>
10001410:	d1c4      	bne.n	1000139c <alarm_pool_irq_handler+0x2c>
10001412:	2c00      	cmp	r4, #0
10001414:	d0c2      	beq.n	1000139c <alarm_pool_irq_handler+0x2c>
10001416:	bf40      	sev
10001418:	b005      	add	sp, #20
1000141a:	bcf0      	pop	{r4, r5, r6, r7}
1000141c:	46bb      	mov	fp, r7
1000141e:	46b2      	mov	sl, r6
10001420:	46a9      	mov	r9, r5
10001422:	46a0      	mov	r8, r4
10001424:	bdf0      	pop	{r4, r5, r6, r7, pc}
10001426:	610c      	str	r4, [r1, #16]
10001428:	e7eb      	b.n	10001402 <alarm_pool_irq_handler+0x92>
1000142a:	4642      	mov	r2, r8
1000142c:	6952      	ldr	r2, [r2, #20]
1000142e:	005b      	lsls	r3, r3, #1
10001430:	4693      	mov	fp, r2
10001432:	4453      	add	r3, sl
10001434:	00db      	lsls	r3, r3, #3
10001436:	449b      	add	fp, r3
10001438:	465b      	mov	r3, fp
1000143a:	689e      	ldr	r6, [r3, #8]
1000143c:	68df      	ldr	r7, [r3, #12]
1000143e:	f000 fb29 	bl	10001a94 <timer_time_us_64>
10001442:	1b80      	subs	r0, r0, r6
10001444:	41b9      	sbcs	r1, r7
10001446:	2900      	cmp	r1, #0
10001448:	dbb1      	blt.n	100013ae <alarm_pool_irq_handler+0x3e>
1000144a:	2f00      	cmp	r7, #0
1000144c:	da00      	bge.n	10001450 <alarm_pool_irq_handler+0xe0>
1000144e:	e0e5      	b.n	1000161c <alarm_pool_irq_handler+0x2ac>
10001450:	465b      	mov	r3, fp
10001452:	4a88      	ldr	r2, [pc, #544]	; (10001674 <alarm_pool_irq_handler+0x304>)
10001454:	691b      	ldr	r3, [r3, #16]
10001456:	4293      	cmp	r3, r2
10001458:	d100      	bne.n	1000145c <alarm_pool_irq_handler+0xec>
1000145a:	e0d8      	b.n	1000160e <alarm_pool_irq_handler+0x29e>
1000145c:	4641      	mov	r1, r8
1000145e:	465a      	mov	r2, fp
10001460:	2008      	movs	r0, #8
10001462:	5e08      	ldrsh	r0, [r1, r0]
10001464:	8852      	ldrh	r2, [r2, #2]
10001466:	0400      	lsls	r0, r0, #16
10001468:	4310      	orrs	r0, r2
1000146a:	465a      	mov	r2, fp
1000146c:	6951      	ldr	r1, [r2, #20]
1000146e:	4798      	blx	r3
10001470:	0004      	movs	r4, r0
10001472:	000d      	movs	r5, r1
10001474:	0023      	movs	r3, r4
10001476:	432b      	orrs	r3, r5
10001478:	d100      	bne.n	1000147c <alarm_pool_irq_handler+0x10c>
1000147a:	e0cf      	b.n	1000161c <alarm_pool_irq_handler+0x2ac>
1000147c:	2d00      	cmp	r5, #0
1000147e:	db00      	blt.n	10001482 <alarm_pool_irq_handler+0x112>
10001480:	e0e8      	b.n	10001654 <alarm_pool_irq_handler+0x2e4>
10001482:	1b36      	subs	r6, r6, r4
10001484:	41af      	sbcs	r7, r5
10001486:	0034      	movs	r4, r6
10001488:	003d      	movs	r5, r7
1000148a:	465b      	mov	r3, fp
1000148c:	609c      	str	r4, [r3, #8]
1000148e:	60dd      	str	r5, [r3, #12]
10001490:	2100      	movs	r1, #0
10001492:	5e59      	ldrsh	r1, [r3, r1]
10001494:	2900      	cmp	r1, #0
10001496:	da00      	bge.n	1000149a <alarm_pool_irq_handler+0x12a>
10001498:	e789      	b.n	100013ae <alarm_pool_irq_handler+0x3e>
1000149a:	4643      	mov	r3, r8
1000149c:	695b      	ldr	r3, [r3, #20]
1000149e:	0022      	movs	r2, r4
100014a0:	469c      	mov	ip, r3
100014a2:	002b      	movs	r3, r5
100014a4:	0048      	lsls	r0, r1, #1
100014a6:	1840      	adds	r0, r0, r1
100014a8:	00c0      	lsls	r0, r0, #3
100014aa:	4460      	add	r0, ip
100014ac:	6886      	ldr	r6, [r0, #8]
100014ae:	68c7      	ldr	r7, [r0, #12]
100014b0:	1b92      	subs	r2, r2, r6
100014b2:	41bb      	sbcs	r3, r7
100014b4:	2b00      	cmp	r3, #0
100014b6:	da00      	bge.n	100014ba <alarm_pool_irq_handler+0x14a>
100014b8:	e779      	b.n	100013ae <alarm_pool_irq_handler+0x3e>
100014ba:	4643      	mov	r3, r8
100014bc:	4666      	mov	r6, ip
100014be:	0002      	movs	r2, r0
100014c0:	9400      	str	r4, [sp, #0]
100014c2:	9501      	str	r5, [sp, #4]
100014c4:	8119      	strh	r1, [r3, #8]
100014c6:	e00c      	b.n	100014e2 <alarm_pool_irq_handler+0x172>
100014c8:	007b      	lsls	r3, r7, #1
100014ca:	19db      	adds	r3, r3, r7
100014cc:	00db      	lsls	r3, r3, #3
100014ce:	18f3      	adds	r3, r6, r3
100014d0:	9800      	ldr	r0, [sp, #0]
100014d2:	9901      	ldr	r1, [sp, #4]
100014d4:	689c      	ldr	r4, [r3, #8]
100014d6:	68dd      	ldr	r5, [r3, #12]
100014d8:	1b00      	subs	r0, r0, r4
100014da:	41a9      	sbcs	r1, r5
100014dc:	2900      	cmp	r1, #0
100014de:	db04      	blt.n	100014ea <alarm_pool_irq_handler+0x17a>
100014e0:	001a      	movs	r2, r3
100014e2:	2300      	movs	r3, #0
100014e4:	5ed7      	ldrsh	r7, [r2, r3]
100014e6:	2f00      	cmp	r7, #0
100014e8:	daee      	bge.n	100014c8 <alarm_pool_irq_handler+0x158>
100014ea:	465b      	mov	r3, fp
100014ec:	801f      	strh	r7, [r3, #0]
100014ee:	4653      	mov	r3, sl
100014f0:	8013      	strh	r3, [r2, #0]
100014f2:	4643      	mov	r3, r8
100014f4:	889b      	ldrh	r3, [r3, #4]
100014f6:	b21b      	sxth	r3, r3
100014f8:	2b00      	cmp	r3, #0
100014fa:	da00      	bge.n	100014fe <alarm_pool_irq_handler+0x18e>
100014fc:	e75d      	b.n	100013ba <alarm_pool_irq_handler+0x4a>
100014fe:	4643      	mov	r3, r8
10001500:	691a      	ldr	r2, [r3, #16]
10001502:	f3ef 8110 	mrs	r1, PRIMASK
10001506:	b672      	cpsid	i
10001508:	6813      	ldr	r3, [r2, #0]
1000150a:	2b00      	cmp	r3, #0
1000150c:	d0fc      	beq.n	10001508 <alarm_pool_irq_handler+0x198>
1000150e:	f3bf 8f5f 	dmb	sy
10001512:	4643      	mov	r3, r8
10001514:	889b      	ldrh	r3, [r3, #4]
10001516:	4642      	mov	r2, r8
10001518:	b21b      	sxth	r3, r3
1000151a:	469a      	mov	sl, r3
1000151c:	2301      	movs	r3, #1
1000151e:	425b      	negs	r3, r3
10001520:	8093      	strh	r3, [r2, #4]
10001522:	6913      	ldr	r3, [r2, #16]
10001524:	f3bf 8f5f 	dmb	sy
10001528:	2200      	movs	r2, #0
1000152a:	601a      	str	r2, [r3, #0]
1000152c:	f381 8810 	msr	PRIMASK, r1
10001530:	4653      	mov	r3, sl
10001532:	2b00      	cmp	r3, #0
10001534:	da00      	bge.n	10001538 <alarm_pool_irq_handler+0x1c8>
10001536:	e740      	b.n	100013ba <alarm_pool_irq_handler+0x4a>
10001538:	4643      	mov	r3, r8
1000153a:	695b      	ldr	r3, [r3, #20]
1000153c:	469c      	mov	ip, r3
1000153e:	2308      	movs	r3, #8
10001540:	4443      	add	r3, r8
10001542:	469b      	mov	fp, r3
10001544:	4653      	mov	r3, sl
10001546:	005f      	lsls	r7, r3, #1
10001548:	4643      	mov	r3, r8
1000154a:	4457      	add	r7, sl
1000154c:	00ff      	lsls	r7, r7, #3
1000154e:	2208      	movs	r2, #8
10001550:	5e9a      	ldrsh	r2, [r3, r2]
10001552:	4467      	add	r7, ip
10001554:	465e      	mov	r6, fp
10001556:	68bc      	ldr	r4, [r7, #8]
10001558:	68fd      	ldr	r5, [r7, #12]
1000155a:	2a00      	cmp	r2, #0
1000155c:	db19      	blt.n	10001592 <alarm_pool_irq_handler+0x222>
1000155e:	003b      	movs	r3, r7
10001560:	9400      	str	r4, [sp, #0]
10001562:	9501      	str	r5, [sp, #4]
10001564:	4667      	mov	r7, ip
10001566:	469c      	mov	ip, r3
10001568:	e004      	b.n	10001574 <alarm_pool_irq_handler+0x204>
1000156a:	001e      	movs	r6, r3
1000156c:	2300      	movs	r3, #0
1000156e:	5ef2      	ldrsh	r2, [r6, r3]
10001570:	2a00      	cmp	r2, #0
10001572:	db0b      	blt.n	1000158c <alarm_pool_irq_handler+0x21c>
10001574:	9800      	ldr	r0, [sp, #0]
10001576:	9901      	ldr	r1, [sp, #4]
10001578:	0053      	lsls	r3, r2, #1
1000157a:	189b      	adds	r3, r3, r2
1000157c:	00db      	lsls	r3, r3, #3
1000157e:	18fb      	adds	r3, r7, r3
10001580:	689c      	ldr	r4, [r3, #8]
10001582:	68dd      	ldr	r5, [r3, #12]
10001584:	1b00      	subs	r0, r0, r4
10001586:	41a9      	sbcs	r1, r5
10001588:	2900      	cmp	r1, #0
1000158a:	daee      	bge.n	1000156a <alarm_pool_irq_handler+0x1fa>
1000158c:	4663      	mov	r3, ip
1000158e:	46bc      	mov	ip, r7
10001590:	001f      	movs	r7, r3
10001592:	4653      	mov	r3, sl
10001594:	8033      	strh	r3, [r6, #0]
10001596:	2100      	movs	r1, #0
10001598:	5e7b      	ldrsh	r3, [r7, r1]
1000159a:	803a      	strh	r2, [r7, #0]
1000159c:	469a      	mov	sl, r3
1000159e:	2b00      	cmp	r3, #0
100015a0:	dad0      	bge.n	10001544 <alarm_pool_irq_handler+0x1d4>
100015a2:	4643      	mov	r3, r8
100015a4:	799b      	ldrb	r3, [r3, #6]
100015a6:	2b00      	cmp	r3, #0
100015a8:	d100      	bne.n	100015ac <alarm_pool_irq_handler+0x23c>
100015aa:	e70b      	b.n	100013c4 <alarm_pool_irq_handler+0x54>
100015ac:	2300      	movs	r3, #0
100015ae:	4642      	mov	r2, r8
100015b0:	7193      	strb	r3, [r2, #6]
100015b2:	4643      	mov	r3, r8
100015b4:	4646      	mov	r6, r8
100015b6:	2108      	movs	r1, #8
100015b8:	5e59      	ldrsh	r1, [r3, r1]
100015ba:	3608      	adds	r6, #8
100015bc:	1c4b      	adds	r3, r1, #1
100015be:	d100      	bne.n	100015c2 <alarm_pool_irq_handler+0x252>
100015c0:	e729      	b.n	10001416 <alarm_pool_irq_handler+0xa6>
100015c2:	4647      	mov	r7, r8
100015c4:	468c      	mov	ip, r1
100015c6:	6955      	ldr	r5, [r2, #20]
100015c8:	e002      	b.n	100015d0 <alarm_pool_irq_handler+0x260>
100015ca:	0006      	movs	r6, r0
100015cc:	1c4b      	adds	r3, r1, #1
100015ce:	d017      	beq.n	10001600 <alarm_pool_irq_handler+0x290>
100015d0:	004b      	lsls	r3, r1, #1
100015d2:	185b      	adds	r3, r3, r1
100015d4:	00db      	lsls	r3, r3, #3
100015d6:	18e8      	adds	r0, r5, r3
100015d8:	000a      	movs	r2, r1
100015da:	5ee9      	ldrsh	r1, [r5, r3]
100015dc:	8843      	ldrh	r3, [r0, #2]
100015de:	b21b      	sxth	r3, r3
100015e0:	2b00      	cmp	r3, #0
100015e2:	daf2      	bge.n	100015ca <alarm_pool_irq_handler+0x25a>
100015e4:	2301      	movs	r3, #1
100015e6:	425b      	negs	r3, r3
100015e8:	17dc      	asrs	r4, r3, #31
100015ea:	6083      	str	r3, [r0, #8]
100015ec:	60c4      	str	r4, [r0, #12]
100015ee:	4562      	cmp	r2, ip
100015f0:	d0ec      	beq.n	100015cc <alarm_pool_irq_handler+0x25c>
100015f2:	8031      	strh	r1, [r6, #0]
100015f4:	893b      	ldrh	r3, [r7, #8]
100015f6:	4694      	mov	ip, r2
100015f8:	8003      	strh	r3, [r0, #0]
100015fa:	813a      	strh	r2, [r7, #8]
100015fc:	1c4b      	adds	r3, r1, #1
100015fe:	d1e7      	bne.n	100015d0 <alarm_pool_irq_handler+0x260>
10001600:	46b8      	mov	r8, r7
10001602:	4664      	mov	r4, ip
10001604:	e6e1      	b.n	100013ca <alarm_pool_irq_handler+0x5a>
10001606:	1c6b      	adds	r3, r5, #1
10001608:	d000      	beq.n	1000160c <alarm_pool_irq_handler+0x29c>
1000160a:	e6ec      	b.n	100013e6 <alarm_pool_irq_handler+0x76>
1000160c:	e6f9      	b.n	10001402 <alarm_pool_irq_handler+0x92>
1000160e:	465b      	mov	r3, fp
10001610:	695c      	ldr	r4, [r3, #20]
10001612:	0020      	movs	r0, r4
10001614:	6923      	ldr	r3, [r4, #16]
10001616:	4798      	blx	r3
10001618:	2800      	cmp	r0, #0
1000161a:	d121      	bne.n	10001660 <alarm_pool_irq_handler+0x2f0>
1000161c:	465b      	mov	r3, fp
1000161e:	4642      	mov	r2, r8
10001620:	881b      	ldrh	r3, [r3, #0]
10001622:	8113      	strh	r3, [r2, #8]
10001624:	6912      	ldr	r2, [r2, #16]
10001626:	f3ef 8310 	mrs	r3, PRIMASK
1000162a:	b672      	cpsid	i
1000162c:	6811      	ldr	r1, [r2, #0]
1000162e:	2900      	cmp	r1, #0
10001630:	d0fc      	beq.n	1000162c <alarm_pool_irq_handler+0x2bc>
10001632:	f3bf 8f5f 	dmb	sy
10001636:	4642      	mov	r2, r8
10001638:	4659      	mov	r1, fp
1000163a:	8852      	ldrh	r2, [r2, #2]
1000163c:	800a      	strh	r2, [r1, #0]
1000163e:	4642      	mov	r2, r8
10001640:	4651      	mov	r1, sl
10001642:	8051      	strh	r1, [r2, #2]
10001644:	6912      	ldr	r2, [r2, #16]
10001646:	f3bf 8f5f 	dmb	sy
1000164a:	2100      	movs	r1, #0
1000164c:	6011      	str	r1, [r2, #0]
1000164e:	f383 8810 	msr	PRIMASK, r3
10001652:	e6ac      	b.n	100013ae <alarm_pool_irq_handler+0x3e>
10001654:	4806      	ldr	r0, [pc, #24]	; (10001670 <alarm_pool_irq_handler+0x300>)
10001656:	f000 fa1d 	bl	10001a94 <timer_time_us_64>
1000165a:	1824      	adds	r4, r4, r0
1000165c:	414d      	adcs	r5, r1
1000165e:	e714      	b.n	1000148a <alarm_pool_irq_handler+0x11a>
10001660:	6865      	ldr	r5, [r4, #4]
10001662:	6824      	ldr	r4, [r4, #0]
10001664:	e706      	b.n	10001474 <alarm_pool_irq_handler+0x104>
10001666:	46c0      	nop			; (mov r8, r8)
10001668:	20000638 	.word	0x20000638
1000166c:	4005703c 	.word	0x4005703c
10001670:	40054000 	.word	0x40054000
10001674:	10001371 	.word	0x10001371

10001678 <runtime_init_default_alarm_pool>:
10001678:	b570      	push	{r4, r5, r6, lr}
1000167a:	4c2e      	ldr	r4, [pc, #184]	; (10001734 <runtime_init_default_alarm_pool+0xbc>)
1000167c:	6925      	ldr	r5, [r4, #16]
1000167e:	2d00      	cmp	r5, #0
10001680:	d004      	beq.n	1000168c <runtime_init_default_alarm_pool+0x14>
10001682:	210a      	movs	r1, #10
10001684:	482c      	ldr	r0, [pc, #176]	; (10001738 <runtime_init_default_alarm_pool+0xc0>)
10001686:	f7ff fe27 	bl	100012d8 <lock_init>
1000168a:	bd70      	pop	{r4, r5, r6, pc}
1000168c:	4e2b      	ldr	r6, [pc, #172]	; (1000173c <runtime_init_default_alarm_pool+0xc4>)
1000168e:	2103      	movs	r1, #3
10001690:	0030      	movs	r0, r6
10001692:	f000 f9f5 	bl	10001a80 <timer_hardware_alarm_claim>
10001696:	60e6      	str	r6, [r4, #12]
10001698:	f7ff fc7a 	bl	10000f90 <next_striped_spin_lock_num>
1000169c:	4b28      	ldr	r3, [pc, #160]	; (10001740 <runtime_init_default_alarm_pool+0xc8>)
1000169e:	2203      	movs	r2, #3
100016a0:	469c      	mov	ip, r3
100016a2:	23d0      	movs	r3, #208	; 0xd0
100016a4:	7022      	strb	r2, [r4, #0]
100016a6:	061b      	lsls	r3, r3, #24
100016a8:	681b      	ldr	r3, [r3, #0]
100016aa:	2101      	movs	r1, #1
100016ac:	7063      	strb	r3, [r4, #1]
100016ae:	4b25      	ldr	r3, [pc, #148]	; (10001744 <runtime_init_default_alarm_pool+0xcc>)
100016b0:	4460      	add	r0, ip
100016b2:	60a3      	str	r3, [r4, #8]
100016b4:	230f      	movs	r3, #15
100016b6:	0080      	lsls	r0, r0, #2
100016b8:	6120      	str	r0, [r4, #16]
100016ba:	2002      	movs	r0, #2
100016bc:	8063      	strh	r3, [r4, #2]
100016be:	6963      	ldr	r3, [r4, #20]
100016c0:	4249      	negs	r1, r1
100016c2:	80a1      	strh	r1, [r4, #4]
100016c4:	8019      	strh	r1, [r3, #0]
100016c6:	3102      	adds	r1, #2
100016c8:	8619      	strh	r1, [r3, #48]	; 0x30
100016ca:	3147      	adds	r1, #71	; 0x47
100016cc:	831d      	strh	r5, [r3, #24]
100016ce:	5258      	strh	r0, [r3, r1]
100016d0:	3118      	adds	r1, #24
100016d2:	525a      	strh	r2, [r3, r1]
100016d4:	3275      	adds	r2, #117	; 0x75
100016d6:	395c      	subs	r1, #92	; 0x5c
100016d8:	5299      	strh	r1, [r3, r2]
100016da:	3218      	adds	r2, #24
100016dc:	3101      	adds	r1, #1
100016de:	5299      	strh	r1, [r3, r2]
100016e0:	3218      	adds	r2, #24
100016e2:	3101      	adds	r1, #1
100016e4:	5299      	strh	r1, [r3, r2]
100016e6:	3218      	adds	r2, #24
100016e8:	3101      	adds	r1, #1
100016ea:	5299      	strh	r1, [r3, r2]
100016ec:	3508      	adds	r5, #8
100016ee:	3218      	adds	r2, #24
100016f0:	529d      	strh	r5, [r3, r2]
100016f2:	3102      	adds	r1, #2
100016f4:	3218      	adds	r2, #24
100016f6:	5299      	strh	r1, [r3, r2]
100016f8:	3218      	adds	r2, #24
100016fa:	3101      	adds	r1, #1
100016fc:	5299      	strh	r1, [r3, r2]
100016fe:	3218      	adds	r2, #24
10001700:	3101      	adds	r1, #1
10001702:	5299      	strh	r1, [r3, r2]
10001704:	3218      	adds	r2, #24
10001706:	3101      	adds	r1, #1
10001708:	5299      	strh	r1, [r3, r2]
1000170a:	3218      	adds	r2, #24
1000170c:	3101      	adds	r1, #1
1000170e:	5299      	strh	r1, [r3, r2]
10001710:	3218      	adds	r2, #24
10001712:	3101      	adds	r1, #1
10001714:	5299      	strh	r1, [r3, r2]
10001716:	4b0c      	ldr	r3, [pc, #48]	; (10001748 <runtime_init_default_alarm_pool+0xd0>)
10001718:	490c      	ldr	r1, [pc, #48]	; (1000174c <runtime_init_default_alarm_pool+0xd4>)
1000171a:	60dc      	str	r4, [r3, #12]
1000171c:	3001      	adds	r0, #1
1000171e:	6235      	str	r5, [r6, #32]
10001720:	f7ff fc74 	bl	1000100c <irq_set_exclusive_handler>
10001724:	2101      	movs	r1, #1
10001726:	2003      	movs	r0, #3
10001728:	f7ff fc5e 	bl	10000fe8 <irq_set_enabled>
1000172c:	4b08      	ldr	r3, [pc, #32]	; (10001750 <runtime_init_default_alarm_pool+0xd8>)
1000172e:	601d      	str	r5, [r3, #0]
10001730:	e7a7      	b.n	10001682 <runtime_init_default_alarm_pool+0xa>
10001732:	46c0      	nop			; (mov r8, r8)
10001734:	200001e4 	.word	0x200001e4
10001738:	2000064c 	.word	0x2000064c
1000173c:	40054000 	.word	0x40054000
10001740:	34000040 	.word	0x34000040
10001744:	0010ffff 	.word	0x0010ffff
10001748:	20000638 	.word	0x20000638
1000174c:	10001371 	.word	0x10001371
10001750:	40056038 	.word	0x40056038

10001754 <alarm_pool_add_alarm_at_force_in_context>:
10001754:	b570      	push	{r4, r5, r6, lr}
10001756:	46c6      	mov	lr, r8
10001758:	0001      	movs	r1, r0
1000175a:	b500      	push	{lr}
1000175c:	6904      	ldr	r4, [r0, #16]
1000175e:	f3ef 8c10 	mrs	ip, PRIMASK
10001762:	b672      	cpsid	i
10001764:	6820      	ldr	r0, [r4, #0]
10001766:	2800      	cmp	r0, #0
10001768:	d0fc      	beq.n	10001764 <alarm_pool_add_alarm_at_force_in_context+0x10>
1000176a:	f3bf 8f5f 	dmb	sy
1000176e:	2002      	movs	r0, #2
10001770:	5e0d      	ldrsh	r5, [r1, r0]
10001772:	6948      	ldr	r0, [r1, #20]
10001774:	006c      	lsls	r4, r5, #1
10001776:	4680      	mov	r8, r0
10001778:	1964      	adds	r4, r4, r5
1000177a:	00e4      	lsls	r4, r4, #3
1000177c:	4444      	add	r4, r8
1000177e:	2d00      	cmp	r5, #0
10001780:	db01      	blt.n	10001786 <alarm_pool_add_alarm_at_force_in_context+0x32>
10001782:	8820      	ldrh	r0, [r4, #0]
10001784:	8048      	strh	r0, [r1, #2]
10001786:	6908      	ldr	r0, [r1, #16]
10001788:	f3bf 8f5f 	dmb	sy
1000178c:	2600      	movs	r6, #0
1000178e:	6006      	str	r6, [r0, #0]
10001790:	f38c 8810 	msr	PRIMASK, ip
10001794:	2d00      	cmp	r5, #0
10001796:	db30      	blt.n	100017fa <alarm_pool_add_alarm_at_force_in_context+0xa6>
10001798:	60e3      	str	r3, [r4, #12]
1000179a:	8863      	ldrh	r3, [r4, #2]
1000179c:	9805      	ldr	r0, [sp, #20]
1000179e:	3301      	adds	r3, #1
100017a0:	6120      	str	r0, [r4, #16]
100017a2:	045b      	lsls	r3, r3, #17
100017a4:	9806      	ldr	r0, [sp, #24]
100017a6:	0c5b      	lsrs	r3, r3, #17
100017a8:	60a2      	str	r2, [r4, #8]
100017aa:	6160      	str	r0, [r4, #20]
100017ac:	1c1a      	adds	r2, r3, #0
100017ae:	2b00      	cmp	r3, #0
100017b0:	d021      	beq.n	100017f6 <alarm_pool_add_alarm_at_force_in_context+0xa2>
100017b2:	b290      	uxth	r0, r2
100017b4:	042b      	lsls	r3, r5, #16
100017b6:	8062      	strh	r2, [r4, #2]
100017b8:	4318      	orrs	r0, r3
100017ba:	690a      	ldr	r2, [r1, #16]
100017bc:	f3ef 8610 	mrs	r6, PRIMASK
100017c0:	b672      	cpsid	i
100017c2:	6813      	ldr	r3, [r2, #0]
100017c4:	2b00      	cmp	r3, #0
100017c6:	d0fc      	beq.n	100017c2 <alarm_pool_add_alarm_at_force_in_context+0x6e>
100017c8:	f3bf 8f5f 	dmb	sy
100017cc:	888b      	ldrh	r3, [r1, #4]
100017ce:	8023      	strh	r3, [r4, #0]
100017d0:	808d      	strh	r5, [r1, #4]
100017d2:	690b      	ldr	r3, [r1, #16]
100017d4:	f3bf 8f5f 	dmb	sy
100017d8:	2200      	movs	r2, #0
100017da:	601a      	str	r2, [r3, #0]
100017dc:	f386 8810 	msr	PRIMASK, r6
100017e0:	780b      	ldrb	r3, [r1, #0]
100017e2:	3201      	adds	r2, #1
100017e4:	409a      	lsls	r2, r3
100017e6:	68cb      	ldr	r3, [r1, #12]
100017e8:	4905      	ldr	r1, [pc, #20]	; (10001800 <alarm_pool_add_alarm_at_force_in_context+0xac>)
100017ea:	468c      	mov	ip, r1
100017ec:	4463      	add	r3, ip
100017ee:	601a      	str	r2, [r3, #0]
100017f0:	bc40      	pop	{r6}
100017f2:	46b0      	mov	r8, r6
100017f4:	bd70      	pop	{r4, r5, r6, pc}
100017f6:	2201      	movs	r2, #1
100017f8:	e7db      	b.n	100017b2 <alarm_pool_add_alarm_at_force_in_context+0x5e>
100017fa:	2001      	movs	r0, #1
100017fc:	4240      	negs	r0, r0
100017fe:	e7f7      	b.n	100017f0 <alarm_pool_add_alarm_at_force_in_context+0x9c>
10001800:	0000203c 	.word	0x0000203c

10001804 <alarm_pool_cancel_alarm>:
10001804:	b510      	push	{r4, lr}
10001806:	8943      	ldrh	r3, [r0, #10]
10001808:	140a      	asrs	r2, r1, #16
1000180a:	4293      	cmp	r3, r2
1000180c:	dd33      	ble.n	10001876 <alarm_pool_cancel_alarm+0x72>
1000180e:	0053      	lsls	r3, r2, #1
10001810:	189b      	adds	r3, r3, r2
10001812:	6942      	ldr	r2, [r0, #20]
10001814:	00db      	lsls	r3, r3, #3
10001816:	4694      	mov	ip, r2
10001818:	6904      	ldr	r4, [r0, #16]
1000181a:	4463      	add	r3, ip
1000181c:	f3ef 8c10 	mrs	ip, PRIMASK
10001820:	b672      	cpsid	i
10001822:	6822      	ldr	r2, [r4, #0]
10001824:	2a00      	cmp	r2, #0
10001826:	d0fc      	beq.n	10001822 <alarm_pool_cancel_alarm+0x1e>
10001828:	f3bf 8f5f 	dmb	sy
1000182c:	885a      	ldrh	r2, [r3, #2]
1000182e:	0409      	lsls	r1, r1, #16
10001830:	b294      	uxth	r4, r2
10001832:	0c09      	lsrs	r1, r1, #16
10001834:	428a      	cmp	r2, r1
10001836:	d008      	beq.n	1000184a <alarm_pool_cancel_alarm+0x46>
10001838:	6903      	ldr	r3, [r0, #16]
1000183a:	f3bf 8f5f 	dmb	sy
1000183e:	2200      	movs	r2, #0
10001840:	601a      	str	r2, [r3, #0]
10001842:	f38c 8810 	msr	PRIMASK, ip
10001846:	2000      	movs	r0, #0
10001848:	bd10      	pop	{r4, pc}
1000184a:	2280      	movs	r2, #128	; 0x80
1000184c:	0212      	lsls	r2, r2, #8
1000184e:	4314      	orrs	r4, r2
10001850:	805c      	strh	r4, [r3, #2]
10001852:	2301      	movs	r3, #1
10001854:	6902      	ldr	r2, [r0, #16]
10001856:	7183      	strb	r3, [r0, #6]
10001858:	f3bf 8f5f 	dmb	sy
1000185c:	2100      	movs	r1, #0
1000185e:	6011      	str	r1, [r2, #0]
10001860:	f38c 8810 	msr	PRIMASK, ip
10001864:	4905      	ldr	r1, [pc, #20]	; (1000187c <alarm_pool_cancel_alarm+0x78>)
10001866:	7802      	ldrb	r2, [r0, #0]
10001868:	468c      	mov	ip, r1
1000186a:	4093      	lsls	r3, r2
1000186c:	68c2      	ldr	r2, [r0, #12]
1000186e:	2001      	movs	r0, #1
10001870:	4462      	add	r2, ip
10001872:	6013      	str	r3, [r2, #0]
10001874:	e7e8      	b.n	10001848 <alarm_pool_cancel_alarm+0x44>
10001876:	2000      	movs	r0, #0
10001878:	e7e6      	b.n	10001848 <alarm_pool_cancel_alarm+0x44>
1000187a:	46c0      	nop			; (mov r8, r8)
1000187c:	0000203c 	.word	0x0000203c

10001880 <sleep_until>:
10001880:	b5f0      	push	{r4, r5, r6, r7, lr}
10001882:	0004      	movs	r4, r0
10001884:	000d      	movs	r5, r1
10001886:	2606      	movs	r6, #6
10001888:	4276      	negs	r6, r6
1000188a:	17f7      	asrs	r7, r6, #31
1000188c:	46c6      	mov	lr, r8
1000188e:	1936      	adds	r6, r6, r4
10001890:	416f      	adcs	r7, r5
10001892:	b500      	push	{lr}
10001894:	b082      	sub	sp, #8
10001896:	428f      	cmp	r7, r1
10001898:	d814      	bhi.n	100018c4 <sleep_until+0x44>
1000189a:	d011      	beq.n	100018c0 <sleep_until+0x40>
1000189c:	f000 f902 	bl	10001aa4 <time_us_64>
100018a0:	0032      	movs	r2, r6
100018a2:	003b      	movs	r3, r7
100018a4:	1a12      	subs	r2, r2, r0
100018a6:	418b      	sbcs	r3, r1
100018a8:	2b00      	cmp	r3, #0
100018aa:	dc15      	bgt.n	100018d8 <sleep_until+0x58>
100018ac:	2b00      	cmp	r3, #0
100018ae:	d044      	beq.n	1000193a <sleep_until+0xba>
100018b0:	0020      	movs	r0, r4
100018b2:	0029      	movs	r1, r5
100018b4:	f000 f92a 	bl	10001b0c <busy_wait_until>
100018b8:	b002      	add	sp, #8
100018ba:	bc80      	pop	{r7}
100018bc:	46b8      	mov	r8, r7
100018be:	bdf0      	pop	{r4, r5, r6, r7, pc}
100018c0:	4286      	cmp	r6, r0
100018c2:	d9eb      	bls.n	1000189c <sleep_until+0x1c>
100018c4:	2600      	movs	r6, #0
100018c6:	2700      	movs	r7, #0
100018c8:	f000 f8ec 	bl	10001aa4 <time_us_64>
100018cc:	0032      	movs	r2, r6
100018ce:	003b      	movs	r3, r7
100018d0:	1a12      	subs	r2, r2, r0
100018d2:	418b      	sbcs	r3, r1
100018d4:	2b00      	cmp	r3, #0
100018d6:	dde9      	ble.n	100018ac <sleep_until+0x2c>
100018d8:	f000 f8e4 	bl	10001aa4 <time_us_64>
100018dc:	0032      	movs	r2, r6
100018de:	003b      	movs	r3, r7
100018e0:	1a12      	subs	r2, r2, r0
100018e2:	418b      	sbcs	r3, r1
100018e4:	2b00      	cmp	r3, #0
100018e6:	db0a      	blt.n	100018fe <sleep_until+0x7e>
100018e8:	2300      	movs	r3, #0
100018ea:	9301      	str	r3, [sp, #4]
100018ec:	4b14      	ldr	r3, [pc, #80]	; (10001940 <sleep_until+0xc0>)
100018ee:	0032      	movs	r2, r6
100018f0:	9300      	str	r3, [sp, #0]
100018f2:	4814      	ldr	r0, [pc, #80]	; (10001944 <sleep_until+0xc4>)
100018f4:	003b      	movs	r3, r7
100018f6:	f7ff ff2d 	bl	10001754 <alarm_pool_add_alarm_at_force_in_context>
100018fa:	2800      	cmp	r0, #0
100018fc:	dbd8      	blt.n	100018b0 <sleep_until+0x30>
100018fe:	46b0      	mov	r8, r6
10001900:	2600      	movs	r6, #0
10001902:	46bc      	mov	ip, r7
10001904:	4a10      	ldr	r2, [pc, #64]	; (10001948 <sleep_until+0xc8>)
10001906:	4f11      	ldr	r7, [pc, #68]	; (1000194c <sleep_until+0xcc>)
10001908:	6a7b      	ldr	r3, [r7, #36]	; 0x24
1000190a:	459c      	cmp	ip, r3
1000190c:	d804      	bhi.n	10001918 <sleep_until+0x98>
1000190e:	6ab9      	ldr	r1, [r7, #40]	; 0x28
10001910:	4588      	cmp	r8, r1
10001912:	d9cd      	bls.n	100018b0 <sleep_until+0x30>
10001914:	459c      	cmp	ip, r3
10001916:	d1cb      	bne.n	100018b0 <sleep_until+0x30>
10001918:	6811      	ldr	r1, [r2, #0]
1000191a:	f3ef 8010 	mrs	r0, PRIMASK
1000191e:	b672      	cpsid	i
10001920:	680b      	ldr	r3, [r1, #0]
10001922:	2b00      	cmp	r3, #0
10001924:	d0fc      	beq.n	10001920 <sleep_until+0xa0>
10001926:	f3bf 8f5f 	dmb	sy
1000192a:	6813      	ldr	r3, [r2, #0]
1000192c:	f3bf 8f5f 	dmb	sy
10001930:	601e      	str	r6, [r3, #0]
10001932:	f380 8810 	msr	PRIMASK, r0
10001936:	bf20      	wfe
10001938:	e7e6      	b.n	10001908 <sleep_until+0x88>
1000193a:	2a00      	cmp	r2, #0
1000193c:	d0b8      	beq.n	100018b0 <sleep_until+0x30>
1000193e:	e7cb      	b.n	100018d8 <sleep_until+0x58>
10001940:	10001341 	.word	0x10001341
10001944:	200001e4 	.word	0x200001e4
10001948:	2000064c 	.word	0x2000064c
1000194c:	40054000 	.word	0x40054000

10001950 <sleep_ms>:
10001950:	b570      	push	{r4, r5, r6, lr}
10001952:	0006      	movs	r6, r0
10001954:	f000 f8a6 	bl	10001aa4 <time_us_64>
10001958:	22fa      	movs	r2, #250	; 0xfa
1000195a:	0004      	movs	r4, r0
1000195c:	000d      	movs	r5, r1
1000195e:	2300      	movs	r3, #0
10001960:	0030      	movs	r0, r6
10001962:	2100      	movs	r1, #0
10001964:	0092      	lsls	r2, r2, #2
10001966:	f001 fa95 	bl	10002e94 <__wrap___aeabi_lmul>
1000196a:	1900      	adds	r0, r0, r4
1000196c:	4169      	adcs	r1, r5
1000196e:	2900      	cmp	r1, #0
10001970:	db02      	blt.n	10001978 <sleep_ms+0x28>
10001972:	f7ff ff85 	bl	10001880 <sleep_until>
10001976:	bd70      	pop	{r4, r5, r6, pc}
10001978:	2001      	movs	r0, #1
1000197a:	4901      	ldr	r1, [pc, #4]	; (10001980 <sleep_ms+0x30>)
1000197c:	4240      	negs	r0, r0
1000197e:	e7f8      	b.n	10001972 <sleep_ms+0x22>
10001980:	7fffffff 	.word	0x7fffffff

10001984 <best_effort_wfe_or_timeout>:
10001984:	b5f0      	push	{r4, r5, r6, r7, lr}
10001986:	46ce      	mov	lr, r9
10001988:	4647      	mov	r7, r8
1000198a:	b580      	push	{r7, lr}
1000198c:	0004      	movs	r4, r0
1000198e:	000d      	movs	r5, r1
10001990:	b083      	sub	sp, #12
10001992:	f3ef 8705 	mrs	r7, IPSR
10001996:	2f00      	cmp	r7, #0
10001998:	d00d      	beq.n	100019b6 <best_effort_wfe_or_timeout+0x32>
1000199a:	4a36      	ldr	r2, [pc, #216]	; (10001a74 <best_effort_wfe_or_timeout+0xf0>)
1000199c:	2000      	movs	r0, #0
1000199e:	6a53      	ldr	r3, [r2, #36]	; 0x24
100019a0:	428b      	cmp	r3, r1
100019a2:	d303      	bcc.n	100019ac <best_effort_wfe_or_timeout+0x28>
100019a4:	6a92      	ldr	r2, [r2, #40]	; 0x28
100019a6:	3001      	adds	r0, #1
100019a8:	42a2      	cmp	r2, r4
100019aa:	d350      	bcc.n	10001a4e <best_effort_wfe_or_timeout+0xca>
100019ac:	b003      	add	sp, #12
100019ae:	bcc0      	pop	{r6, r7}
100019b0:	46b9      	mov	r9, r7
100019b2:	46b0      	mov	r8, r6
100019b4:	bdf0      	pop	{r4, r5, r6, r7, pc}
100019b6:	4b30      	ldr	r3, [pc, #192]	; (10001a78 <best_effort_wfe_or_timeout+0xf4>)
100019b8:	4698      	mov	r8, r3
100019ba:	68db      	ldr	r3, [r3, #12]
100019bc:	4699      	mov	r9, r3
100019be:	4643      	mov	r3, r8
100019c0:	4648      	mov	r0, r9
100019c2:	781e      	ldrb	r6, [r3, #0]
100019c4:	f000 f866 	bl	10001a94 <timer_time_us_64>
100019c8:	000b      	movs	r3, r1
100019ca:	4649      	mov	r1, r9
100019cc:	0002      	movs	r2, r0
100019ce:	3604      	adds	r6, #4
100019d0:	00b6      	lsls	r6, r6, #2
100019d2:	5871      	ldr	r1, [r6, r1]
100019d4:	0020      	movs	r0, r4
100019d6:	1a8e      	subs	r6, r1, r2
100019d8:	0029      	movs	r1, r5
100019da:	1a80      	subs	r0, r0, r2
100019dc:	4199      	sbcs	r1, r3
100019de:	428f      	cmp	r7, r1
100019e0:	dc11      	bgt.n	10001a06 <best_effort_wfe_or_timeout+0x82>
100019e2:	d00e      	beq.n	10001a02 <best_effort_wfe_or_timeout+0x7e>
100019e4:	bf20      	wfe
100019e6:	4a23      	ldr	r2, [pc, #140]	; (10001a74 <best_effort_wfe_or_timeout+0xf0>)
100019e8:	2000      	movs	r0, #0
100019ea:	6a53      	ldr	r3, [r2, #36]	; 0x24
100019ec:	42ab      	cmp	r3, r5
100019ee:	d3dd      	bcc.n	100019ac <best_effort_wfe_or_timeout+0x28>
100019f0:	6a92      	ldr	r2, [r2, #40]	; 0x28
100019f2:	3001      	adds	r0, #1
100019f4:	42a2      	cmp	r2, r4
100019f6:	d2d9      	bcs.n	100019ac <best_effort_wfe_or_timeout+0x28>
100019f8:	1ae8      	subs	r0, r5, r3
100019fa:	1e42      	subs	r2, r0, #1
100019fc:	4190      	sbcs	r0, r2
100019fe:	b2c0      	uxtb	r0, r0
10001a00:	e7d4      	b.n	100019ac <best_effort_wfe_or_timeout+0x28>
10001a02:	4286      	cmp	r6, r0
10001a04:	d9ee      	bls.n	100019e4 <best_effort_wfe_or_timeout+0x60>
10001a06:	f000 f84d 	bl	10001aa4 <time_us_64>
10001a0a:	0022      	movs	r2, r4
10001a0c:	002b      	movs	r3, r5
10001a0e:	1a12      	subs	r2, r2, r0
10001a10:	418b      	sbcs	r3, r1
10001a12:	2b00      	cmp	r3, #0
10001a14:	db20      	blt.n	10001a58 <best_effort_wfe_or_timeout+0xd4>
10001a16:	2300      	movs	r3, #0
10001a18:	9301      	str	r3, [sp, #4]
10001a1a:	4b18      	ldr	r3, [pc, #96]	; (10001a7c <best_effort_wfe_or_timeout+0xf8>)
10001a1c:	0022      	movs	r2, r4
10001a1e:	9300      	str	r3, [sp, #0]
10001a20:	4640      	mov	r0, r8
10001a22:	002b      	movs	r3, r5
10001a24:	f7ff fe96 	bl	10001754 <alarm_pool_add_alarm_at_force_in_context>
10001a28:	1e01      	subs	r1, r0, #0
10001a2a:	dd15      	ble.n	10001a58 <best_effort_wfe_or_timeout+0xd4>
10001a2c:	4b11      	ldr	r3, [pc, #68]	; (10001a74 <best_effort_wfe_or_timeout+0xf0>)
10001a2e:	002e      	movs	r6, r5
10001a30:	6a5a      	ldr	r2, [r3, #36]	; 0x24
10001a32:	4295      	cmp	r5, r2
10001a34:	d81c      	bhi.n	10001a70 <best_effort_wfe_or_timeout+0xec>
10001a36:	6a9b      	ldr	r3, [r3, #40]	; 0x28
10001a38:	42a3      	cmp	r3, r4
10001a3a:	d317      	bcc.n	10001a6c <best_effort_wfe_or_timeout+0xe8>
10001a3c:	4640      	mov	r0, r8
10001a3e:	f7ff fee1 	bl	10001804 <alarm_pool_cancel_alarm>
10001a42:	4a0c      	ldr	r2, [pc, #48]	; (10001a74 <best_effort_wfe_or_timeout+0xf0>)
10001a44:	2000      	movs	r0, #0
10001a46:	6a53      	ldr	r3, [r2, #36]	; 0x24
10001a48:	429e      	cmp	r6, r3
10001a4a:	d8af      	bhi.n	100019ac <best_effort_wfe_or_timeout+0x28>
10001a4c:	e7d0      	b.n	100019f0 <best_effort_wfe_or_timeout+0x6c>
10001a4e:	1a58      	subs	r0, r3, r1
10001a50:	1e42      	subs	r2, r0, #1
10001a52:	4190      	sbcs	r0, r2
10001a54:	b2c0      	uxtb	r0, r0
10001a56:	e7a9      	b.n	100019ac <best_effort_wfe_or_timeout+0x28>
10001a58:	4a06      	ldr	r2, [pc, #24]	; (10001a74 <best_effort_wfe_or_timeout+0xf0>)
10001a5a:	2000      	movs	r0, #0
10001a5c:	6a53      	ldr	r3, [r2, #36]	; 0x24
10001a5e:	42ab      	cmp	r3, r5
10001a60:	d3a4      	bcc.n	100019ac <best_effort_wfe_or_timeout+0x28>
10001a62:	6a92      	ldr	r2, [r2, #40]	; 0x28
10001a64:	2001      	movs	r0, #1
10001a66:	42a2      	cmp	r2, r4
10001a68:	d2a0      	bcs.n	100019ac <best_effort_wfe_or_timeout+0x28>
10001a6a:	e7c5      	b.n	100019f8 <best_effort_wfe_or_timeout+0x74>
10001a6c:	4295      	cmp	r5, r2
10001a6e:	d1e5      	bne.n	10001a3c <best_effort_wfe_or_timeout+0xb8>
10001a70:	bf20      	wfe
10001a72:	e7e3      	b.n	10001a3c <best_effort_wfe_or_timeout+0xb8>
10001a74:	40054000 	.word	0x40054000
10001a78:	200001e4 	.word	0x200001e4
10001a7c:	10001341 	.word	0x10001341

10001a80 <timer_hardware_alarm_claim>:
10001a80:	b510      	push	{r4, lr}
10001a82:	4a02      	ldr	r2, [pc, #8]	; (10001a8c <timer_hardware_alarm_claim+0xc>)
10001a84:	4802      	ldr	r0, [pc, #8]	; (10001a90 <timer_hardware_alarm_claim+0x10>)
10001a86:	f7ff fa61 	bl	10000f4c <hw_claim_or_assert>
10001a8a:	bd10      	pop	{r4, pc}
10001a8c:	10005414 	.word	0x10005414
10001a90:	200005f8 	.word	0x200005f8

10001a94 <timer_time_us_64>:
10001a94:	0003      	movs	r3, r0
10001a96:	6a41      	ldr	r1, [r0, #36]	; 0x24
10001a98:	000a      	movs	r2, r1
10001a9a:	6a98      	ldr	r0, [r3, #40]	; 0x28
10001a9c:	6a59      	ldr	r1, [r3, #36]	; 0x24
10001a9e:	428a      	cmp	r2, r1
10001aa0:	d1fa      	bne.n	10001a98 <timer_time_us_64+0x4>
10001aa2:	4770      	bx	lr

10001aa4 <time_us_64>:
10001aa4:	4b03      	ldr	r3, [pc, #12]	; (10001ab4 <time_us_64+0x10>)
10001aa6:	6a59      	ldr	r1, [r3, #36]	; 0x24
10001aa8:	000a      	movs	r2, r1
10001aaa:	6a98      	ldr	r0, [r3, #40]	; 0x28
10001aac:	6a59      	ldr	r1, [r3, #36]	; 0x24
10001aae:	4291      	cmp	r1, r2
10001ab0:	d1fa      	bne.n	10001aa8 <time_us_64+0x4>
10001ab2:	4770      	bx	lr
10001ab4:	40054000 	.word	0x40054000

10001ab8 <busy_wait_us>:
10001ab8:	b570      	push	{r4, r5, r6, lr}
10001aba:	0004      	movs	r4, r0
10001abc:	000d      	movs	r5, r1
10001abe:	4a12      	ldr	r2, [pc, #72]	; (10001b08 <busy_wait_us+0x50>)
10001ac0:	6a53      	ldr	r3, [r2, #36]	; 0x24
10001ac2:	0019      	movs	r1, r3
10001ac4:	6a96      	ldr	r6, [r2, #40]	; 0x28
10001ac6:	6a53      	ldr	r3, [r2, #36]	; 0x24
10001ac8:	428b      	cmp	r3, r1
10001aca:	d1fa      	bne.n	10001ac2 <busy_wait_us+0xa>
10001acc:	0030      	movs	r0, r6
10001ace:	0019      	movs	r1, r3
10001ad0:	1824      	adds	r4, r4, r0
10001ad2:	414d      	adcs	r5, r1
10001ad4:	42ab      	cmp	r3, r5
10001ad6:	d811      	bhi.n	10001afc <busy_wait_us+0x44>
10001ad8:	d00e      	beq.n	10001af8 <busy_wait_us+0x40>
10001ada:	002b      	movs	r3, r5
10001adc:	490a      	ldr	r1, [pc, #40]	; (10001b08 <busy_wait_us+0x50>)
10001ade:	6a4a      	ldr	r2, [r1, #36]	; 0x24
10001ae0:	429a      	cmp	r2, r3
10001ae2:	d3fc      	bcc.n	10001ade <busy_wait_us+0x26>
10001ae4:	d107      	bne.n	10001af6 <busy_wait_us+0x3e>
10001ae6:	4a08      	ldr	r2, [pc, #32]	; (10001b08 <busy_wait_us+0x50>)
10001ae8:	e002      	b.n	10001af0 <busy_wait_us+0x38>
10001aea:	6a51      	ldr	r1, [r2, #36]	; 0x24
10001aec:	4299      	cmp	r1, r3
10001aee:	d102      	bne.n	10001af6 <busy_wait_us+0x3e>
10001af0:	6a91      	ldr	r1, [r2, #40]	; 0x28
10001af2:	42a1      	cmp	r1, r4
10001af4:	d3f9      	bcc.n	10001aea <busy_wait_us+0x32>
10001af6:	bd70      	pop	{r4, r5, r6, pc}
10001af8:	42a6      	cmp	r6, r4
10001afa:	d9ee      	bls.n	10001ada <busy_wait_us+0x22>
10001afc:	2301      	movs	r3, #1
10001afe:	2401      	movs	r4, #1
10001b00:	4264      	negs	r4, r4
10001b02:	17e5      	asrs	r5, r4, #31
10001b04:	425b      	negs	r3, r3
10001b06:	e7e9      	b.n	10001adc <busy_wait_us+0x24>
10001b08:	40054000 	.word	0x40054000

10001b0c <busy_wait_until>:
10001b0c:	4a06      	ldr	r2, [pc, #24]	; (10001b28 <busy_wait_until+0x1c>)
10001b0e:	6a53      	ldr	r3, [r2, #36]	; 0x24
10001b10:	4299      	cmp	r1, r3
10001b12:	d8fc      	bhi.n	10001b0e <busy_wait_until+0x2>
10001b14:	d107      	bne.n	10001b26 <busy_wait_until+0x1a>
10001b16:	4b04      	ldr	r3, [pc, #16]	; (10001b28 <busy_wait_until+0x1c>)
10001b18:	e002      	b.n	10001b20 <busy_wait_until+0x14>
10001b1a:	6a5a      	ldr	r2, [r3, #36]	; 0x24
10001b1c:	4291      	cmp	r1, r2
10001b1e:	d102      	bne.n	10001b26 <busy_wait_until+0x1a>
10001b20:	6a9a      	ldr	r2, [r3, #40]	; 0x28
10001b22:	4282      	cmp	r2, r0
10001b24:	d3f9      	bcc.n	10001b1a <busy_wait_until+0xe>
10001b26:	4770      	bx	lr
10001b28:	40054000 	.word	0x40054000

10001b2c <uart_init>:
10001b2c:	b5f8      	push	{r3, r4, r5, r6, r7, lr}
10001b2e:	0004      	movs	r4, r0
10001b30:	2006      	movs	r0, #6
10001b32:	000d      	movs	r5, r1
10001b34:	f000 f9a6 	bl	10001e84 <clock_get_hz>
10001b38:	2800      	cmp	r0, #0
10001b3a:	d042      	beq.n	10001bc2 <uart_init+0x96>
10001b3c:	4b36      	ldr	r3, [pc, #216]	; (10001c18 <uart_init+0xec>)
10001b3e:	4937      	ldr	r1, [pc, #220]	; (10001c1c <uart_init+0xf0>)
10001b40:	18e2      	adds	r2, r4, r3
10001b42:	4253      	negs	r3, r2
10001b44:	415a      	adcs	r2, r3
10001b46:	2380      	movs	r3, #128	; 0x80
10001b48:	03db      	lsls	r3, r3, #15
10001b4a:	469c      	mov	ip, r3
10001b4c:	0592      	lsls	r2, r2, #22
10001b4e:	4b34      	ldr	r3, [pc, #208]	; (10001c20 <uart_init+0xf4>)
10001b50:	4462      	add	r2, ip
10001b52:	601a      	str	r2, [r3, #0]
10001b54:	4b33      	ldr	r3, [pc, #204]	; (10001c24 <uart_init+0xf8>)
10001b56:	601a      	str	r2, [r3, #0]
10001b58:	0010      	movs	r0, r2
10001b5a:	680b      	ldr	r3, [r1, #0]
10001b5c:	4398      	bics	r0, r3
10001b5e:	d1fb      	bne.n	10001b58 <uart_init+0x2c>
10001b60:	4b2d      	ldr	r3, [pc, #180]	; (10001c18 <uart_init+0xec>)
10001b62:	2180      	movs	r1, #128	; 0x80
10001b64:	18e3      	adds	r3, r4, r3
10001b66:	425a      	negs	r2, r3
10001b68:	4153      	adcs	r3, r2
10001b6a:	4a2f      	ldr	r2, [pc, #188]	; (10001c28 <uart_init+0xfc>)
10001b6c:	005b      	lsls	r3, r3, #1
10001b6e:	0049      	lsls	r1, r1, #1
10001b70:	5299      	strh	r1, [r3, r2]
10001b72:	2006      	movs	r0, #6
10001b74:	f000 f986 	bl	10001e84 <clock_get_hz>
10001b78:	0029      	movs	r1, r5
10001b7a:	00c0      	lsls	r0, r0, #3
10001b7c:	f000 fb2e 	bl	100021dc <__wrap___aeabi_uidiv>
10001b80:	3001      	adds	r0, #1
10001b82:	09c3      	lsrs	r3, r0, #7
10001b84:	d11e      	bne.n	10001bc4 <uart_init+0x98>
10001b86:	2740      	movs	r7, #64	; 0x40
10001b88:	2201      	movs	r2, #1
10001b8a:	6262      	str	r2, [r4, #36]	; 0x24
10001b8c:	62a3      	str	r3, [r4, #40]	; 0x28
10001b8e:	6b26      	ldr	r6, [r4, #48]	; 0x30
10001b90:	07f3      	lsls	r3, r6, #31
10001b92:	d422      	bmi.n	10001bda <uart_init+0xae>
10001b94:	6ae3      	ldr	r3, [r4, #44]	; 0x2c
10001b96:	4b25      	ldr	r3, [pc, #148]	; (10001c2c <uart_init+0x100>)
10001b98:	2006      	movs	r0, #6
10001b9a:	18e5      	adds	r5, r4, r3
10001b9c:	2300      	movs	r3, #0
10001b9e:	602b      	str	r3, [r5, #0]
10001ba0:	6326      	str	r6, [r4, #48]	; 0x30
10001ba2:	f000 f96f 	bl	10001e84 <clock_get_hz>
10001ba6:	0039      	movs	r1, r7
10001ba8:	0080      	lsls	r0, r0, #2
10001baa:	f000 fb17 	bl	100021dc <__wrap___aeabi_uidiv>
10001bae:	2270      	movs	r2, #112	; 0x70
10001bb0:	6ae3      	ldr	r3, [r4, #44]	; 0x2c
10001bb2:	405a      	eors	r2, r3
10001bb4:	237e      	movs	r3, #126	; 0x7e
10001bb6:	4013      	ands	r3, r2
10001bb8:	602b      	str	r3, [r5, #0]
10001bba:	4b1d      	ldr	r3, [pc, #116]	; (10001c30 <uart_init+0x104>)
10001bbc:	6323      	str	r3, [r4, #48]	; 0x30
10001bbe:	2303      	movs	r3, #3
10001bc0:	64a3      	str	r3, [r4, #72]	; 0x48
10001bc2:	bdf8      	pop	{r3, r4, r5, r6, r7, pc}
10001bc4:	4a1b      	ldr	r2, [pc, #108]	; (10001c34 <uart_init+0x108>)
10001bc6:	4293      	cmp	r3, r2
10001bc8:	d91e      	bls.n	10001c08 <uart_init+0xdc>
10001bca:	2300      	movs	r3, #0
10001bcc:	4a1a      	ldr	r2, [pc, #104]	; (10001c38 <uart_init+0x10c>)
10001bce:	4f1b      	ldr	r7, [pc, #108]	; (10001c3c <uart_init+0x110>)
10001bd0:	6262      	str	r2, [r4, #36]	; 0x24
10001bd2:	62a3      	str	r3, [r4, #40]	; 0x28
10001bd4:	6b26      	ldr	r6, [r4, #48]	; 0x30
10001bd6:	07f3      	lsls	r3, r6, #31
10001bd8:	d5dc      	bpl.n	10001b94 <uart_init+0x68>
10001bda:	4b19      	ldr	r3, [pc, #100]	; (10001c40 <uart_init+0x114>)
10001bdc:	4a14      	ldr	r2, [pc, #80]	; (10001c30 <uart_init+0x104>)
10001bde:	18e3      	adds	r3, r4, r3
10001be0:	601a      	str	r2, [r3, #0]
10001be2:	6a65      	ldr	r5, [r4, #36]	; 0x24
10001be4:	6aa2      	ldr	r2, [r4, #40]	; 0x28
10001be6:	2006      	movs	r0, #6
10001be8:	01ad      	lsls	r5, r5, #6
10001bea:	18ad      	adds	r5, r5, r2
10001bec:	f000 f94a 	bl	10001e84 <clock_get_hz>
10001bf0:	4914      	ldr	r1, [pc, #80]	; (10001c44 <uart_init+0x118>)
10001bf2:	f000 faf3 	bl	100021dc <__wrap___aeabi_uidiv>
10001bf6:	02ad      	lsls	r5, r5, #10
10001bf8:	0001      	movs	r1, r0
10001bfa:	0028      	movs	r0, r5
10001bfc:	f000 faee 	bl	100021dc <__wrap___aeabi_uidiv>
10001c00:	2100      	movs	r1, #0
10001c02:	f7ff ff59 	bl	10001ab8 <busy_wait_us>
10001c06:	e7c5      	b.n	10001b94 <uart_init+0x68>
10001c08:	0640      	lsls	r0, r0, #25
10001c0a:	0e80      	lsrs	r0, r0, #26
10001c0c:	019f      	lsls	r7, r3, #6
10001c0e:	001a      	movs	r2, r3
10001c10:	183f      	adds	r7, r7, r0
10001c12:	0003      	movs	r3, r0
10001c14:	e7b9      	b.n	10001b8a <uart_init+0x5e>
10001c16:	46c0      	nop			; (mov r8, r8)
10001c18:	bffc8000 	.word	0xbffc8000
10001c1c:	4000c008 	.word	0x4000c008
10001c20:	4000e000 	.word	0x4000e000
10001c24:	4000f000 	.word	0x4000f000
10001c28:	20000650 	.word	0x20000650
10001c2c:	0000102c 	.word	0x0000102c
10001c30:	00000301 	.word	0x00000301
10001c34:	0000fffe 	.word	0x0000fffe
10001c38:	0000ffff 	.word	0x0000ffff
10001c3c:	003fffc0 	.word	0x003fffc0
10001c40:	00003030 	.word	0x00003030
10001c44:	00000e4e 	.word	0x00000e4e

10001c48 <uart_set_fifo_enabled>:
10001c48:	b5f8      	push	{r3, r4, r5, r6, r7, lr}
10001c4a:	1e4b      	subs	r3, r1, #1
10001c4c:	4199      	sbcs	r1, r3
10001c4e:	6b06      	ldr	r6, [r0, #48]	; 0x30
10001c50:	0005      	movs	r5, r0
10001c52:	010c      	lsls	r4, r1, #4
10001c54:	07f3      	lsls	r3, r6, #31
10001c56:	d408      	bmi.n	10001c6a <uart_set_fifo_enabled+0x22>
10001c58:	2310      	movs	r3, #16
10001c5a:	6ae9      	ldr	r1, [r5, #44]	; 0x2c
10001c5c:	404c      	eors	r4, r1
10001c5e:	401c      	ands	r4, r3
10001c60:	4b0d      	ldr	r3, [pc, #52]	; (10001c98 <uart_set_fifo_enabled+0x50>)
10001c62:	18eb      	adds	r3, r5, r3
10001c64:	601c      	str	r4, [r3, #0]
10001c66:	632e      	str	r6, [r5, #48]	; 0x30
10001c68:	bdf8      	pop	{r3, r4, r5, r6, r7, pc}
10001c6a:	4b0c      	ldr	r3, [pc, #48]	; (10001c9c <uart_set_fifo_enabled+0x54>)
10001c6c:	4a0c      	ldr	r2, [pc, #48]	; (10001ca0 <uart_set_fifo_enabled+0x58>)
10001c6e:	18c3      	adds	r3, r0, r3
10001c70:	601a      	str	r2, [r3, #0]
10001c72:	6a47      	ldr	r7, [r0, #36]	; 0x24
10001c74:	6a82      	ldr	r2, [r0, #40]	; 0x28
10001c76:	01bf      	lsls	r7, r7, #6
10001c78:	2006      	movs	r0, #6
10001c7a:	18bf      	adds	r7, r7, r2
10001c7c:	f000 f902 	bl	10001e84 <clock_get_hz>
10001c80:	4908      	ldr	r1, [pc, #32]	; (10001ca4 <uart_set_fifo_enabled+0x5c>)
10001c82:	f000 faab 	bl	100021dc <__wrap___aeabi_uidiv>
10001c86:	02bf      	lsls	r7, r7, #10
10001c88:	0001      	movs	r1, r0
10001c8a:	0038      	movs	r0, r7
10001c8c:	f000 faa6 	bl	100021dc <__wrap___aeabi_uidiv>
10001c90:	2100      	movs	r1, #0
10001c92:	f7ff ff11 	bl	10001ab8 <busy_wait_us>
10001c96:	e7df      	b.n	10001c58 <uart_set_fifo_enabled+0x10>
10001c98:	0000102c 	.word	0x0000102c
10001c9c:	00003030 	.word	0x00003030
10001ca0:	00000301 	.word	0x00000301
10001ca4:	00000e4e 	.word	0x00000e4e

10001ca8 <clock_configure_int_divider>:
10001ca8:	b5f8      	push	{r3, r4, r5, r6, r7, lr}
10001caa:	46de      	mov	lr, fp
10001cac:	464e      	mov	r6, r9
10001cae:	4657      	mov	r7, sl
10001cb0:	4645      	mov	r5, r8
10001cb2:	b5e0      	push	{r5, r6, r7, lr}
10001cb4:	468b      	mov	fp, r1
10001cb6:	0005      	movs	r5, r0
10001cb8:	990a      	ldr	r1, [sp, #40]	; 0x28
10001cba:	0018      	movs	r0, r3
10001cbc:	0016      	movs	r6, r2
10001cbe:	f000 fa8d 	bl	100021dc <__wrap___aeabi_uidiv>
10001cc2:	9b0a      	ldr	r3, [sp, #40]	; 0x28
10001cc4:	006c      	lsls	r4, r5, #1
10001cc6:	021f      	lsls	r7, r3, #8
10001cc8:	4b32      	ldr	r3, [pc, #200]	; (10001d94 <clock_configure_int_divider+0xec>)
10001cca:	1964      	adds	r4, r4, r5
10001ccc:	469c      	mov	ip, r3
10001cce:	00a4      	lsls	r4, r4, #2
10001cd0:	4464      	add	r4, ip
10001cd2:	6863      	ldr	r3, [r4, #4]
10001cd4:	4681      	mov	r9, r0
10001cd6:	429f      	cmp	r7, r3
10001cd8:	d900      	bls.n	10001cdc <clock_configure_int_divider+0x34>
10001cda:	6067      	str	r7, [r4, #4]
10001cdc:	1f2b      	subs	r3, r5, #4
10001cde:	b2db      	uxtb	r3, r3
10001ce0:	4698      	mov	r8, r3
10001ce2:	2b01      	cmp	r3, #1
10001ce4:	d930      	bls.n	10001d48 <clock_configure_int_divider+0xa0>
10001ce6:	23c0      	movs	r3, #192	; 0xc0
10001ce8:	2280      	movs	r2, #128	; 0x80
10001cea:	019b      	lsls	r3, r3, #6
10001cec:	18e3      	adds	r3, r4, r3
10001cee:	0112      	lsls	r2, r2, #4
10001cf0:	601a      	str	r2, [r3, #0]
10001cf2:	4b29      	ldr	r3, [pc, #164]	; (10001d98 <clock_configure_int_divider+0xf0>)
10001cf4:	00ad      	lsls	r5, r5, #2
10001cf6:	5959      	ldr	r1, [r3, r5]
10001cf8:	469a      	mov	sl, r3
10001cfa:	2900      	cmp	r1, #0
10001cfc:	d11b      	bne.n	10001d36 <clock_configure_int_divider+0x8e>
10001cfe:	6822      	ldr	r2, [r4, #0]
10001d00:	0176      	lsls	r6, r6, #5
10001d02:	4072      	eors	r2, r6
10001d04:	26e0      	movs	r6, #224	; 0xe0
10001d06:	2380      	movs	r3, #128	; 0x80
10001d08:	4016      	ands	r6, r2
10001d0a:	4642      	mov	r2, r8
10001d0c:	015b      	lsls	r3, r3, #5
10001d0e:	18e3      	adds	r3, r4, r3
10001d10:	601e      	str	r6, [r3, #0]
10001d12:	2a01      	cmp	r2, #1
10001d14:	d930      	bls.n	10001d78 <clock_configure_int_divider+0xd0>
10001d16:	2380      	movs	r3, #128	; 0x80
10001d18:	2280      	movs	r2, #128	; 0x80
10001d1a:	019b      	lsls	r3, r3, #6
10001d1c:	18e3      	adds	r3, r4, r3
10001d1e:	0112      	lsls	r2, r2, #4
10001d20:	601a      	str	r2, [r3, #0]
10001d22:	4653      	mov	r3, sl
10001d24:	464a      	mov	r2, r9
10001d26:	6067      	str	r7, [r4, #4]
10001d28:	515a      	str	r2, [r3, r5]
10001d2a:	bcf0      	pop	{r4, r5, r6, r7}
10001d2c:	46bb      	mov	fp, r7
10001d2e:	46b2      	mov	sl, r6
10001d30:	46a9      	mov	r9, r5
10001d32:	46a0      	mov	r8, r4
10001d34:	bdf8      	pop	{r3, r4, r5, r6, r7, pc}
10001d36:	6958      	ldr	r0, [r3, #20]
10001d38:	f000 fa50 	bl	100021dc <__wrap___aeabi_uidiv>
10001d3c:	1c43      	adds	r3, r0, #1
10001d3e:	0058      	lsls	r0, r3, #1
10001d40:	18c0      	adds	r0, r0, r3
10001d42:	3803      	subs	r0, #3
10001d44:	d2fd      	bcs.n	10001d42 <clock_configure_int_divider+0x9a>
10001d46:	e7da      	b.n	10001cfe <clock_configure_int_divider+0x56>
10001d48:	465b      	mov	r3, fp
10001d4a:	2b01      	cmp	r3, #1
10001d4c:	d1cb      	bne.n	10001ce6 <clock_configure_int_divider+0x3e>
10001d4e:	23c0      	movs	r3, #192	; 0xc0
10001d50:	2203      	movs	r2, #3
10001d52:	019b      	lsls	r3, r3, #6
10001d54:	18e3      	adds	r3, r4, r3
10001d56:	601a      	str	r2, [r3, #0]
10001d58:	3a02      	subs	r2, #2
10001d5a:	68a3      	ldr	r3, [r4, #8]
10001d5c:	421a      	tst	r2, r3
10001d5e:	d0fc      	beq.n	10001d5a <clock_configure_int_divider+0xb2>
10001d60:	23e0      	movs	r3, #224	; 0xe0
10001d62:	6822      	ldr	r2, [r4, #0]
10001d64:	0176      	lsls	r6, r6, #5
10001d66:	4056      	eors	r6, r2
10001d68:	401e      	ands	r6, r3
10001d6a:	2380      	movs	r3, #128	; 0x80
10001d6c:	4a0a      	ldr	r2, [pc, #40]	; (10001d98 <clock_configure_int_divider+0xf0>)
10001d6e:	015b      	lsls	r3, r3, #5
10001d70:	4692      	mov	sl, r2
10001d72:	18e3      	adds	r3, r4, r3
10001d74:	601e      	str	r6, [r3, #0]
10001d76:	00ad      	lsls	r5, r5, #2
10001d78:	465a      	mov	r2, fp
10001d7a:	6821      	ldr	r1, [r4, #0]
10001d7c:	4051      	eors	r1, r2
10001d7e:	2203      	movs	r2, #3
10001d80:	400a      	ands	r2, r1
10001d82:	601a      	str	r2, [r3, #0]
10001d84:	2201      	movs	r2, #1
10001d86:	465b      	mov	r3, fp
10001d88:	409a      	lsls	r2, r3
10001d8a:	68a3      	ldr	r3, [r4, #8]
10001d8c:	421a      	tst	r2, r3
10001d8e:	d0fc      	beq.n	10001d8a <clock_configure_int_divider+0xe2>
10001d90:	e7c1      	b.n	10001d16 <clock_configure_int_divider+0x6e>
10001d92:	46c0      	nop			; (mov r8, r8)
10001d94:	40008000 	.word	0x40008000
10001d98:	200005fc 	.word	0x200005fc

10001d9c <clock_configure_undivided>:
10001d9c:	b5f0      	push	{r4, r5, r6, r7, lr}
10001d9e:	4646      	mov	r6, r8
10001da0:	464f      	mov	r7, r9
10001da2:	46d6      	mov	lr, sl
10001da4:	b5c0      	push	{r6, r7, lr}
10001da6:	001f      	movs	r7, r3
10001da8:	4b34      	ldr	r3, [pc, #208]	; (10001e7c <clock_configure_undivided+0xe0>)
10001daa:	0044      	lsls	r4, r0, #1
10001dac:	469c      	mov	ip, r3
10001dae:	1824      	adds	r4, r4, r0
10001db0:	00a4      	lsls	r4, r4, #2
10001db2:	4464      	add	r4, ip
10001db4:	6863      	ldr	r3, [r4, #4]
10001db6:	4688      	mov	r8, r1
10001db8:	0016      	movs	r6, r2
10001dba:	2bff      	cmp	r3, #255	; 0xff
10001dbc:	d802      	bhi.n	10001dc4 <clock_configure_undivided+0x28>
10001dbe:	2380      	movs	r3, #128	; 0x80
10001dc0:	005b      	lsls	r3, r3, #1
10001dc2:	6063      	str	r3, [r4, #4]
10001dc4:	1f03      	subs	r3, r0, #4
10001dc6:	b2db      	uxtb	r3, r3
10001dc8:	469a      	mov	sl, r3
10001dca:	2b01      	cmp	r3, #1
10001dcc:	d930      	bls.n	10001e30 <clock_configure_undivided+0x94>
10001dce:	23c0      	movs	r3, #192	; 0xc0
10001dd0:	2280      	movs	r2, #128	; 0x80
10001dd2:	019b      	lsls	r3, r3, #6
10001dd4:	18e3      	adds	r3, r4, r3
10001dd6:	0112      	lsls	r2, r2, #4
10001dd8:	601a      	str	r2, [r3, #0]
10001dda:	4b29      	ldr	r3, [pc, #164]	; (10001e80 <clock_configure_undivided+0xe4>)
10001ddc:	0085      	lsls	r5, r0, #2
10001dde:	5959      	ldr	r1, [r3, r5]
10001de0:	4699      	mov	r9, r3
10001de2:	2900      	cmp	r1, #0
10001de4:	d11b      	bne.n	10001e1e <clock_configure_undivided+0x82>
10001de6:	6822      	ldr	r2, [r4, #0]
10001de8:	0176      	lsls	r6, r6, #5
10001dea:	4072      	eors	r2, r6
10001dec:	26e0      	movs	r6, #224	; 0xe0
10001dee:	2380      	movs	r3, #128	; 0x80
10001df0:	4016      	ands	r6, r2
10001df2:	4652      	mov	r2, sl
10001df4:	015b      	lsls	r3, r3, #5
10001df6:	18e3      	adds	r3, r4, r3
10001df8:	601e      	str	r6, [r3, #0]
10001dfa:	2a01      	cmp	r2, #1
10001dfc:	d930      	bls.n	10001e60 <clock_configure_undivided+0xc4>
10001dfe:	2380      	movs	r3, #128	; 0x80
10001e00:	2280      	movs	r2, #128	; 0x80
10001e02:	019b      	lsls	r3, r3, #6
10001e04:	18e3      	adds	r3, r4, r3
10001e06:	0112      	lsls	r2, r2, #4
10001e08:	601a      	str	r2, [r3, #0]
10001e0a:	2380      	movs	r3, #128	; 0x80
10001e0c:	005b      	lsls	r3, r3, #1
10001e0e:	6063      	str	r3, [r4, #4]
10001e10:	464b      	mov	r3, r9
10001e12:	515f      	str	r7, [r3, r5]
10001e14:	bce0      	pop	{r5, r6, r7}
10001e16:	46ba      	mov	sl, r7
10001e18:	46b1      	mov	r9, r6
10001e1a:	46a8      	mov	r8, r5
10001e1c:	bdf0      	pop	{r4, r5, r6, r7, pc}
10001e1e:	6958      	ldr	r0, [r3, #20]
10001e20:	f000 f9dc 	bl	100021dc <__wrap___aeabi_uidiv>
10001e24:	1c43      	adds	r3, r0, #1
10001e26:	0058      	lsls	r0, r3, #1
10001e28:	18c0      	adds	r0, r0, r3
10001e2a:	3803      	subs	r0, #3
10001e2c:	d2fd      	bcs.n	10001e2a <clock_configure_undivided+0x8e>
10001e2e:	e7da      	b.n	10001de6 <clock_configure_undivided+0x4a>
10001e30:	4643      	mov	r3, r8
10001e32:	2b01      	cmp	r3, #1
10001e34:	d1cb      	bne.n	10001dce <clock_configure_undivided+0x32>
10001e36:	23c0      	movs	r3, #192	; 0xc0
10001e38:	2203      	movs	r2, #3
10001e3a:	019b      	lsls	r3, r3, #6
10001e3c:	18e3      	adds	r3, r4, r3
10001e3e:	601a      	str	r2, [r3, #0]
10001e40:	3a02      	subs	r2, #2
10001e42:	68a3      	ldr	r3, [r4, #8]
10001e44:	421a      	tst	r2, r3
10001e46:	d0fc      	beq.n	10001e42 <clock_configure_undivided+0xa6>
10001e48:	23e0      	movs	r3, #224	; 0xe0
10001e4a:	6822      	ldr	r2, [r4, #0]
10001e4c:	0176      	lsls	r6, r6, #5
10001e4e:	4056      	eors	r6, r2
10001e50:	401e      	ands	r6, r3
10001e52:	2380      	movs	r3, #128	; 0x80
10001e54:	4a0a      	ldr	r2, [pc, #40]	; (10001e80 <clock_configure_undivided+0xe4>)
10001e56:	015b      	lsls	r3, r3, #5
10001e58:	4691      	mov	r9, r2
10001e5a:	18e3      	adds	r3, r4, r3
10001e5c:	601e      	str	r6, [r3, #0]
10001e5e:	0085      	lsls	r5, r0, #2
10001e60:	4642      	mov	r2, r8
10001e62:	6821      	ldr	r1, [r4, #0]
10001e64:	4051      	eors	r1, r2
10001e66:	2203      	movs	r2, #3
10001e68:	400a      	ands	r2, r1
10001e6a:	601a      	str	r2, [r3, #0]
10001e6c:	2301      	movs	r3, #1
10001e6e:	4642      	mov	r2, r8
10001e70:	4093      	lsls	r3, r2
10001e72:	68a2      	ldr	r2, [r4, #8]
10001e74:	4213      	tst	r3, r2
10001e76:	d0fc      	beq.n	10001e72 <clock_configure_undivided+0xd6>
10001e78:	e7c1      	b.n	10001dfe <clock_configure_undivided+0x62>
10001e7a:	46c0      	nop			; (mov r8, r8)
10001e7c:	40008000 	.word	0x40008000
10001e80:	200005fc 	.word	0x200005fc

10001e84 <clock_get_hz>:
10001e84:	4b01      	ldr	r3, [pc, #4]	; (10001e8c <clock_get_hz+0x8>)
10001e86:	0080      	lsls	r0, r0, #2
10001e88:	58c0      	ldr	r0, [r0, r3]
10001e8a:	4770      	bx	lr
10001e8c:	200005fc 	.word	0x200005fc

10001e90 <pll_init>:
10001e90:	b5f8      	push	{r3, r4, r5, r6, r7, lr}
10001e92:	0004      	movs	r4, r0
10001e94:	4820      	ldr	r0, [pc, #128]	; (10001f18 <pll_init+0x88>)
10001e96:	001d      	movs	r5, r3
10001e98:	0017      	movs	r7, r2
10001e9a:	000e      	movs	r6, r1
10001e9c:	f000 f99e 	bl	100021dc <__wrap___aeabi_uidiv>
10001ea0:	0001      	movs	r1, r0
10001ea2:	0038      	movs	r0, r7
10001ea4:	f000 f99a 	bl	100021dc <__wrap___aeabi_uidiv>
10001ea8:	9b06      	ldr	r3, [sp, #24]
10001eaa:	0429      	lsls	r1, r5, #16
10001eac:	031b      	lsls	r3, r3, #12
10001eae:	4319      	orrs	r1, r3
10001eb0:	6823      	ldr	r3, [r4, #0]
10001eb2:	2b00      	cmp	r3, #0
10001eb4:	db1e      	blt.n	10001ef4 <pll_init+0x64>
10001eb6:	4b19      	ldr	r3, [pc, #100]	; (10001f1c <pll_init+0x8c>)
10001eb8:	4d19      	ldr	r5, [pc, #100]	; (10001f20 <pll_init+0x90>)
10001eba:	18e2      	adds	r2, r4, r3
10001ebc:	4253      	negs	r3, r2
10001ebe:	415a      	adcs	r2, r3
10001ec0:	2380      	movs	r3, #128	; 0x80
10001ec2:	015b      	lsls	r3, r3, #5
10001ec4:	469c      	mov	ip, r3
10001ec6:	0312      	lsls	r2, r2, #12
10001ec8:	4b16      	ldr	r3, [pc, #88]	; (10001f24 <pll_init+0x94>)
10001eca:	4462      	add	r2, ip
10001ecc:	601a      	str	r2, [r3, #0]
10001ece:	4b16      	ldr	r3, [pc, #88]	; (10001f28 <pll_init+0x98>)
10001ed0:	601a      	str	r2, [r3, #0]
10001ed2:	0017      	movs	r7, r2
10001ed4:	682b      	ldr	r3, [r5, #0]
10001ed6:	439f      	bics	r7, r3
10001ed8:	d1fb      	bne.n	10001ed2 <pll_init+0x42>
10001eda:	4b14      	ldr	r3, [pc, #80]	; (10001f2c <pll_init+0x9c>)
10001edc:	6026      	str	r6, [r4, #0]
10001ede:	18e2      	adds	r2, r4, r3
10001ee0:	2321      	movs	r3, #33	; 0x21
10001ee2:	60a0      	str	r0, [r4, #8]
10001ee4:	6013      	str	r3, [r2, #0]
10001ee6:	6823      	ldr	r3, [r4, #0]
10001ee8:	2b00      	cmp	r3, #0
10001eea:	dafc      	bge.n	10001ee6 <pll_init+0x56>
10001eec:	2308      	movs	r3, #8
10001eee:	60e1      	str	r1, [r4, #12]
10001ef0:	6013      	str	r3, [r2, #0]
10001ef2:	bdf8      	pop	{r3, r4, r5, r6, r7, pc}
10001ef4:	233f      	movs	r3, #63	; 0x3f
10001ef6:	6822      	ldr	r2, [r4, #0]
10001ef8:	4013      	ands	r3, r2
10001efa:	42b3      	cmp	r3, r6
10001efc:	d1db      	bne.n	10001eb6 <pll_init+0x26>
10001efe:	68a3      	ldr	r3, [r4, #8]
10001f00:	051b      	lsls	r3, r3, #20
10001f02:	0d1b      	lsrs	r3, r3, #20
10001f04:	4283      	cmp	r3, r0
10001f06:	d1d6      	bne.n	10001eb6 <pll_init+0x26>
10001f08:	22ee      	movs	r2, #238	; 0xee
10001f0a:	68e3      	ldr	r3, [r4, #12]
10001f0c:	02d2      	lsls	r2, r2, #11
10001f0e:	4013      	ands	r3, r2
10001f10:	428b      	cmp	r3, r1
10001f12:	d1d0      	bne.n	10001eb6 <pll_init+0x26>
10001f14:	e7ed      	b.n	10001ef2 <pll_init+0x62>
10001f16:	46c0      	nop			; (mov r8, r8)
10001f18:	00b71b00 	.word	0x00b71b00
10001f1c:	bffd4000 	.word	0xbffd4000
10001f20:	4000c008 	.word	0x4000c008
10001f24:	4000e000 	.word	0x4000e000
10001f28:	4000f000 	.word	0x4000f000
10001f2c:	00003004 	.word	0x00003004

10001f30 <tick_start>:
10001f30:	2380      	movs	r3, #128	; 0x80
10001f32:	4a02      	ldr	r2, [pc, #8]	; (10001f3c <tick_start+0xc>)
10001f34:	009b      	lsls	r3, r3, #2
10001f36:	430b      	orrs	r3, r1
10001f38:	62d3      	str	r3, [r2, #44]	; 0x2c
10001f3a:	4770      	bx	lr
10001f3c:	40058000 	.word	0x40058000

10001f40 <rom_func_lookup>:
10001f40:	2314      	movs	r3, #20
10001f42:	b510      	push	{r4, lr}
10001f44:	0001      	movs	r1, r0
10001f46:	8818      	ldrh	r0, [r3, #0]
10001f48:	3304      	adds	r3, #4
10001f4a:	881b      	ldrh	r3, [r3, #0]
10001f4c:	4798      	blx	r3
10001f4e:	bd10      	pop	{r4, pc}

10001f50 <rom_data_lookup>:
10001f50:	2316      	movs	r3, #22
10001f52:	b510      	push	{r4, lr}
10001f54:	0001      	movs	r1, r0
10001f56:	8818      	ldrh	r0, [r3, #0]
10001f58:	3302      	adds	r3, #2
10001f5a:	881b      	ldrh	r3, [r3, #0]
10001f5c:	4798      	blx	r3
10001f5e:	bd10      	pop	{r4, pc}

10001f60 <rom_funcs_lookup>:
10001f60:	b5f8      	push	{r3, r4, r5, r6, r7, lr}
10001f62:	4647      	mov	r7, r8
10001f64:	46ce      	mov	lr, r9
10001f66:	b580      	push	{r7, lr}
10001f68:	1e0f      	subs	r7, r1, #0
10001f6a:	d019      	beq.n	10001fa0 <rom_funcs_lookup+0x40>
10001f6c:	2314      	movs	r3, #20
10001f6e:	4699      	mov	r9, r3
10001f70:	3304      	adds	r3, #4
10001f72:	0004      	movs	r4, r0
10001f74:	2500      	movs	r5, #0
10001f76:	2601      	movs	r6, #1
10001f78:	4698      	mov	r8, r3
10001f7a:	464b      	mov	r3, r9
10001f7c:	8818      	ldrh	r0, [r3, #0]
10001f7e:	4643      	mov	r3, r8
10001f80:	6821      	ldr	r1, [r4, #0]
10001f82:	881b      	ldrh	r3, [r3, #0]
10001f84:	4798      	blx	r3
10001f86:	c401      	stmia	r4!, {r0}
10001f88:	1e43      	subs	r3, r0, #1
10001f8a:	4198      	sbcs	r0, r3
10001f8c:	3501      	adds	r5, #1
10001f8e:	4240      	negs	r0, r0
10001f90:	4006      	ands	r6, r0
10001f92:	42af      	cmp	r7, r5
10001f94:	d1f1      	bne.n	10001f7a <rom_funcs_lookup+0x1a>
10001f96:	0030      	movs	r0, r6
10001f98:	bcc0      	pop	{r6, r7}
10001f9a:	46b9      	mov	r9, r7
10001f9c:	46b0      	mov	r8, r6
10001f9e:	bdf8      	pop	{r3, r4, r5, r6, r7, pc}
10001fa0:	2601      	movs	r6, #1
10001fa2:	e7f8      	b.n	10001f96 <rom_funcs_lookup+0x36>

10001fa4 <xosc_init>:
10001fa4:	23aa      	movs	r3, #170	; 0xaa
10001fa6:	4a06      	ldr	r2, [pc, #24]	; (10001fc0 <xosc_init+0x1c>)
10001fa8:	011b      	lsls	r3, r3, #4
10001faa:	6013      	str	r3, [r2, #0]
10001fac:	238d      	movs	r3, #141	; 0x8d
10001fae:	005b      	lsls	r3, r3, #1
10001fb0:	60d3      	str	r3, [r2, #12]
10001fb2:	4904      	ldr	r1, [pc, #16]	; (10001fc4 <xosc_init+0x20>)
10001fb4:	4b04      	ldr	r3, [pc, #16]	; (10001fc8 <xosc_init+0x24>)
10001fb6:	6019      	str	r1, [r3, #0]
10001fb8:	6853      	ldr	r3, [r2, #4]
10001fba:	2b00      	cmp	r3, #0
10001fbc:	dafc      	bge.n	10001fb8 <xosc_init+0x14>
10001fbe:	4770      	bx	lr
10001fc0:	40024000 	.word	0x40024000
10001fc4:	00fab000 	.word	0x00fab000
10001fc8:	40026000 	.word	0x40026000

10001fcc <first_per_core_initializer>:
10001fcc:	4770      	bx	lr
10001fce:	46c0      	nop			; (mov r8, r8)

10001fd0 <hard_assertion_failure>:
10001fd0:	b510      	push	{r4, lr}
10001fd2:	4801      	ldr	r0, [pc, #4]	; (10001fd8 <hard_assertion_failure+0x8>)
10001fd4:	f7fe ffa2 	bl	10000f1c <panic>
10001fd8:	10005438 	.word	0x10005438

10001fdc <runtime_run_initializers>:
10001fdc:	b570      	push	{r4, r5, r6, lr}
10001fde:	4d07      	ldr	r5, [pc, #28]	; (10001ffc <runtime_run_initializers+0x20>)
10001fe0:	4e07      	ldr	r6, [pc, #28]	; (10002000 <runtime_run_initializers+0x24>)
10001fe2:	42b5      	cmp	r5, r6
10001fe4:	d209      	bcs.n	10001ffa <runtime_run_initializers+0x1e>
10001fe6:	2400      	movs	r4, #0
10001fe8:	3e01      	subs	r6, #1
10001fea:	1b76      	subs	r6, r6, r5
10001fec:	08b6      	lsrs	r6, r6, #2
10001fee:	cd08      	ldmia	r5!, {r3}
10001ff0:	4798      	blx	r3
10001ff2:	0023      	movs	r3, r4
10001ff4:	3401      	adds	r4, #1
10001ff6:	42b3      	cmp	r3, r6
10001ff8:	d1f9      	bne.n	10001fee <runtime_run_initializers+0x12>
10001ffa:	bd70      	pop	{r4, r5, r6, pc}
10001ffc:	10005058 	.word	0x10005058
10002000:	10005094 	.word	0x10005094

10002004 <runtime_init_early_resets>:
10002004:	4b05      	ldr	r3, [pc, #20]	; (1000201c <runtime_init_early_resets+0x18>)
10002006:	4a06      	ldr	r2, [pc, #24]	; (10002020 <runtime_init_early_resets+0x1c>)
10002008:	4906      	ldr	r1, [pc, #24]	; (10002024 <runtime_init_early_resets+0x20>)
1000200a:	601a      	str	r2, [r3, #0]
1000200c:	4a06      	ldr	r2, [pc, #24]	; (10002028 <runtime_init_early_resets+0x24>)
1000200e:	4b07      	ldr	r3, [pc, #28]	; (1000202c <runtime_init_early_resets+0x28>)
10002010:	601a      	str	r2, [r3, #0]
10002012:	0010      	movs	r0, r2
10002014:	680b      	ldr	r3, [r1, #0]
10002016:	4398      	bics	r0, r3
10002018:	d1fb      	bne.n	10002012 <runtime_init_early_resets+0xe>
1000201a:	4770      	bx	lr
1000201c:	4000e000 	.word	0x4000e000
10002020:	fefbcdbf 	.word	0xfefbcdbf
10002024:	4000c008 	.word	0x4000c008
10002028:	003c7ffe 	.word	0x003c7ffe
1000202c:	4000f000 	.word	0x4000f000

10002030 <runtime_init_usb_power_down>:
10002030:	4b04      	ldr	r3, [pc, #16]	; (10002044 <runtime_init_usb_power_down+0x14>)
10002032:	6cdb      	ldr	r3, [r3, #76]	; 0x4c
10002034:	2b00      	cmp	r3, #0
10002036:	d103      	bne.n	10002040 <runtime_init_usb_power_down+0x10>
10002038:	2280      	movs	r2, #128	; 0x80
1000203a:	4b03      	ldr	r3, [pc, #12]	; (10002048 <runtime_init_usb_power_down+0x18>)
1000203c:	02d2      	lsls	r2, r2, #11
1000203e:	601a      	str	r2, [r3, #0]
10002040:	4770      	bx	lr
10002042:	46c0      	nop			; (mov r8, r8)
10002044:	50110000 	.word	0x50110000
10002048:	5011204c 	.word	0x5011204c

1000204c <runtime_init_post_clock_resets>:
1000204c:	4a04      	ldr	r2, [pc, #16]	; (10002060 <runtime_init_post_clock_resets+0x14>)
1000204e:	4b05      	ldr	r3, [pc, #20]	; (10002064 <runtime_init_post_clock_resets+0x18>)
10002050:	601a      	str	r2, [r3, #0]
10002052:	4a05      	ldr	r2, [pc, #20]	; (10002068 <runtime_init_post_clock_resets+0x1c>)
10002054:	6813      	ldr	r3, [r2, #0]
10002056:	01db      	lsls	r3, r3, #7
10002058:	3380      	adds	r3, #128	; 0x80
1000205a:	d1fb      	bne.n	10002054 <runtime_init_post_clock_resets+0x8>
1000205c:	4770      	bx	lr
1000205e:	46c0      	nop			; (mov r8, r8)
10002060:	01ffffff 	.word	0x01ffffff
10002064:	4000f000 	.word	0x4000f000
10002068:	4000c008 	.word	0x4000c008

1000206c <runtime_init_rp2040_gpio_ie_disable>:
1000206c:	2240      	movs	r2, #64	; 0x40
1000206e:	4b03      	ldr	r3, [pc, #12]	; (1000207c <runtime_init_rp2040_gpio_ie_disable+0x10>)
10002070:	679a      	str	r2, [r3, #120]	; 0x78
10002072:	675a      	str	r2, [r3, #116]	; 0x74
10002074:	671a      	str	r2, [r3, #112]	; 0x70
10002076:	66da      	str	r2, [r3, #108]	; 0x6c
10002078:	4770      	bx	lr
1000207a:	46c0      	nop			; (mov r8, r8)
1000207c:	4001f000 	.word	0x4001f000

10002080 <runtime_init_spin_locks_reset>:
10002080:	b510      	push	{r4, lr}
10002082:	f7fe ff91 	bl	10000fa8 <spin_locks_reset>
10002086:	bd10      	pop	{r4, pc}

10002088 <runtime_init_install_ram_vector_table>:
10002088:	b570      	push	{r4, r5, r6, lr}
1000208a:	4d04      	ldr	r5, [pc, #16]	; (1000209c <runtime_init_install_ram_vector_table+0x14>)
1000208c:	4c04      	ldr	r4, [pc, #16]	; (100020a0 <runtime_init_install_ram_vector_table+0x18>)
1000208e:	0028      	movs	r0, r5
10002090:	22c0      	movs	r2, #192	; 0xc0
10002092:	68a1      	ldr	r1, [r4, #8]
10002094:	f001 f808 	bl	100030a8 <__wrap___aeabi_memcpy>
10002098:	60a5      	str	r5, [r4, #8]
1000209a:	bd70      	pop	{r4, r5, r6, pc}
1000209c:	20000000 	.word	0x20000000
100020a0:	e000ed00 	.word	0xe000ed00

100020a4 <runtime_init_clocks>:
100020a4:	2300      	movs	r3, #0
100020a6:	b510      	push	{r4, lr}
100020a8:	4c29      	ldr	r4, [pc, #164]	; (10002150 <runtime_init_clocks+0xac>)
100020aa:	b082      	sub	sp, #8
100020ac:	67a3      	str	r3, [r4, #120]	; 0x78
100020ae:	f7ff ff79 	bl	10001fa4 <xosc_init>
100020b2:	2201      	movs	r2, #1
100020b4:	4b27      	ldr	r3, [pc, #156]	; (10002154 <runtime_init_clocks+0xb0>)
100020b6:	601a      	str	r2, [r3, #0]
100020b8:	6c63      	ldr	r3, [r4, #68]	; 0x44
100020ba:	2b01      	cmp	r3, #1
100020bc:	d1fc      	bne.n	100020b8 <runtime_init_clocks+0x14>
100020be:	2203      	movs	r2, #3
100020c0:	4b25      	ldr	r3, [pc, #148]	; (10002158 <runtime_init_clocks+0xb4>)
100020c2:	601a      	str	r2, [r3, #0]
100020c4:	4a22      	ldr	r2, [pc, #136]	; (10002150 <runtime_init_clocks+0xac>)
100020c6:	6b93      	ldr	r3, [r2, #56]	; 0x38
100020c8:	2b01      	cmp	r3, #1
100020ca:	d1fc      	bne.n	100020c6 <runtime_init_clocks+0x22>
100020cc:	3301      	adds	r3, #1
100020ce:	9300      	str	r3, [sp, #0]
100020d0:	2101      	movs	r1, #1
100020d2:	4a22      	ldr	r2, [pc, #136]	; (1000215c <runtime_init_clocks+0xb8>)
100020d4:	4822      	ldr	r0, [pc, #136]	; (10002160 <runtime_init_clocks+0xbc>)
100020d6:	3304      	adds	r3, #4
100020d8:	f7ff feda 	bl	10001e90 <pll_init>
100020dc:	2305      	movs	r3, #5
100020de:	2101      	movs	r1, #1
100020e0:	9300      	str	r3, [sp, #0]
100020e2:	4a20      	ldr	r2, [pc, #128]	; (10002164 <runtime_init_clocks+0xc0>)
100020e4:	4820      	ldr	r0, [pc, #128]	; (10002168 <runtime_init_clocks+0xc4>)
100020e6:	f7ff fed3 	bl	10001e90 <pll_init>
100020ea:	2200      	movs	r2, #0
100020ec:	2102      	movs	r1, #2
100020ee:	2004      	movs	r0, #4
100020f0:	4b1e      	ldr	r3, [pc, #120]	; (1000216c <runtime_init_clocks+0xc8>)
100020f2:	f7ff fe53 	bl	10001d9c <clock_configure_undivided>
100020f6:	2200      	movs	r2, #0
100020f8:	2101      	movs	r1, #1
100020fa:	2005      	movs	r0, #5
100020fc:	4b1c      	ldr	r3, [pc, #112]	; (10002170 <runtime_init_clocks+0xcc>)
100020fe:	f7ff fe4d 	bl	10001d9c <clock_configure_undivided>
10002102:	2200      	movs	r2, #0
10002104:	2100      	movs	r1, #0
10002106:	2007      	movs	r0, #7
10002108:	4b1a      	ldr	r3, [pc, #104]	; (10002174 <runtime_init_clocks+0xd0>)
1000210a:	f7ff fe47 	bl	10001d9c <clock_configure_undivided>
1000210e:	2200      	movs	r2, #0
10002110:	2100      	movs	r1, #0
10002112:	2008      	movs	r0, #8
10002114:	4b17      	ldr	r3, [pc, #92]	; (10002174 <runtime_init_clocks+0xd0>)
10002116:	f7ff fe41 	bl	10001d9c <clock_configure_undivided>
1000211a:	2380      	movs	r3, #128	; 0x80
1000211c:	00db      	lsls	r3, r3, #3
1000211e:	9300      	str	r3, [sp, #0]
10002120:	2200      	movs	r2, #0
10002122:	2100      	movs	r1, #0
10002124:	2009      	movs	r0, #9
10002126:	4b13      	ldr	r3, [pc, #76]	; (10002174 <runtime_init_clocks+0xd0>)
10002128:	f7ff fdbe 	bl	10001ca8 <clock_configure_int_divider>
1000212c:	2200      	movs	r2, #0
1000212e:	4b10      	ldr	r3, [pc, #64]	; (10002170 <runtime_init_clocks+0xcc>)
10002130:	2100      	movs	r1, #0
10002132:	2006      	movs	r0, #6
10002134:	f7ff fe32 	bl	10001d9c <clock_configure_undivided>
10002138:	2004      	movs	r0, #4
1000213a:	f7ff fea3 	bl	10001e84 <clock_get_hz>
1000213e:	490e      	ldr	r1, [pc, #56]	; (10002178 <runtime_init_clocks+0xd4>)
10002140:	f000 f84c 	bl	100021dc <__wrap___aeabi_uidiv>
10002144:	0001      	movs	r1, r0
10002146:	2000      	movs	r0, #0
10002148:	f7ff fef2 	bl	10001f30 <tick_start>
1000214c:	b002      	add	sp, #8
1000214e:	bd10      	pop	{r4, pc}
10002150:	40008000 	.word	0x40008000
10002154:	4000b03c 	.word	0x4000b03c
10002158:	4000b030 	.word	0x4000b030
1000215c:	59682f00 	.word	0x59682f00
10002160:	40028000 	.word	0x40028000
10002164:	47868c00 	.word	0x47868c00
10002168:	4002c000 	.word	0x4002c000
1000216c:	00b71b00 	.word	0x00b71b00
10002170:	07735940 	.word	0x07735940
10002174:	02dc6c00 	.word	0x02dc6c00
10002178:	000f4240 	.word	0x000f4240

1000217c <__aeabi_bits_init>:
1000217c:	4801      	ldr	r0, [pc, #4]	; (10002184 <__aeabi_bits_init+0x8>)
1000217e:	2104      	movs	r1, #4
10002180:	4b01      	ldr	r3, [pc, #4]	; (10002188 <__aeabi_bits_init+0xc>)
10002182:	4718      	bx	r3
10002184:	20000200 	.word	0x20000200
10002188:	10001f61 	.word	0x10001f61

1000218c <__wrap___aeabi_idiv>:
1000218c:	4a12      	ldr	r2, [pc, #72]	; (100021d8 <divmod_s32s32_savestate+0x18>)
1000218e:	6f93      	ldr	r3, [r2, #120]	; 0x78
10002190:	089b      	lsrs	r3, r3, #2
10002192:	d215      	bcs.n	100021c0 <divmod_s32s32_savestate>

10002194 <divmod_s32s32_unsafe>:
10002194:	6690      	str	r0, [r2, #104]	; 0x68
10002196:	66d1      	str	r1, [r2, #108]	; 0x6c
10002198:	2900      	cmp	r1, #0
1000219a:	d005      	beq.n	100021a8 <divmod_s32s32_unsafe+0x14>
1000219c:	e7ff      	b.n	1000219e <divmod_s32s32_unsafe+0xa>
1000219e:	e7ff      	b.n	100021a0 <divmod_s32s32_unsafe+0xc>
100021a0:	e7ff      	b.n	100021a2 <divmod_s32s32_unsafe+0xe>
100021a2:	6f51      	ldr	r1, [r2, #116]	; 0x74
100021a4:	6f10      	ldr	r0, [r2, #112]	; 0x70
100021a6:	4770      	bx	lr
100021a8:	b504      	push	{r2, lr}
100021aa:	2180      	movs	r1, #128	; 0x80
100021ac:	0609      	lsls	r1, r1, #24
100021ae:	17c2      	asrs	r2, r0, #31
100021b0:	4051      	eors	r1, r2
100021b2:	2800      	cmp	r0, #0
100021b4:	d000      	beq.n	100021b8 <divmod_s32s32_unsafe+0x24>
100021b6:	43c8      	mvns	r0, r1
100021b8:	f002 ff3e 	bl	10005038 <____aeabi_idiv0_veneer>
100021bc:	2100      	movs	r1, #0
100021be:	bd04      	pop	{r2, pc}

100021c0 <divmod_s32s32_savestate>:
100021c0:	b5f0      	push	{r4, r5, r6, r7, lr}
100021c2:	6e14      	ldr	r4, [r2, #96]	; 0x60
100021c4:	6e55      	ldr	r5, [r2, #100]	; 0x64
100021c6:	6f57      	ldr	r7, [r2, #116]	; 0x74
100021c8:	6f16      	ldr	r6, [r2, #112]	; 0x70
100021ca:	f7ff ffe3 	bl	10002194 <divmod_s32s32_unsafe>
100021ce:	6614      	str	r4, [r2, #96]	; 0x60
100021d0:	6655      	str	r5, [r2, #100]	; 0x64
100021d2:	6757      	str	r7, [r2, #116]	; 0x74
100021d4:	6716      	str	r6, [r2, #112]	; 0x70
100021d6:	bdf0      	pop	{r4, r5, r6, r7, pc}
100021d8:	d0000000 	.word	0xd0000000

100021dc <__wrap___aeabi_uidiv>:
100021dc:	4a11      	ldr	r2, [pc, #68]	; (10002224 <divmod_u32u32_savestate+0x18>)
100021de:	6f93      	ldr	r3, [r2, #120]	; 0x78
100021e0:	089b      	lsrs	r3, r3, #2
100021e2:	d213      	bcs.n	1000220c <divmod_u32u32_savestate>

100021e4 <divmod_u32u32_unsafe>:
100021e4:	6610      	str	r0, [r2, #96]	; 0x60
100021e6:	6651      	str	r1, [r2, #100]	; 0x64
100021e8:	2900      	cmp	r1, #0
100021ea:	d005      	beq.n	100021f8 <divmod_u32u32_unsafe+0x14>
100021ec:	e7ff      	b.n	100021ee <divmod_u32u32_unsafe+0xa>
100021ee:	e7ff      	b.n	100021f0 <divmod_u32u32_unsafe+0xc>
100021f0:	e7ff      	b.n	100021f2 <divmod_u32u32_unsafe+0xe>
100021f2:	6f51      	ldr	r1, [r2, #116]	; 0x74
100021f4:	6f10      	ldr	r0, [r2, #112]	; 0x70
100021f6:	4770      	bx	lr
100021f8:	b504      	push	{r2, lr}
100021fa:	2800      	cmp	r0, #0
100021fc:	d001      	beq.n	10002202 <divmod_u32u32_unsafe+0x1e>
100021fe:	2000      	movs	r0, #0
10002200:	43c0      	mvns	r0, r0
10002202:	f002 ff19 	bl	10005038 <____aeabi_idiv0_veneer>
10002206:	2100      	movs	r1, #0
10002208:	bd04      	pop	{r2, pc}
1000220a:	46c0      	nop			; (mov r8, r8)

1000220c <divmod_u32u32_savestate>:
1000220c:	b5f0      	push	{r4, r5, r6, r7, lr}
1000220e:	6e14      	ldr	r4, [r2, #96]	; 0x60
10002210:	6e55      	ldr	r5, [r2, #100]	; 0x64
10002212:	6f57      	ldr	r7, [r2, #116]	; 0x74
10002214:	6f16      	ldr	r6, [r2, #112]	; 0x70
10002216:	f7ff ffe5 	bl	100021e4 <divmod_u32u32_unsafe>
1000221a:	6614      	str	r4, [r2, #96]	; 0x60
1000221c:	6655      	str	r5, [r2, #100]	; 0x64
1000221e:	6757      	str	r7, [r2, #116]	; 0x74
10002220:	6716      	str	r6, [r2, #112]	; 0x70
10002222:	bdf0      	pop	{r4, r5, r6, r7, pc}
10002224:	d0000000 	.word	0xd0000000

10002228 <__wrap___aeabi_ldivmod>:
10002228:	4694      	mov	ip, r2
1000222a:	4a4a      	ldr	r2, [pc, #296]	; (10002354 <udiv0+0x1a>)
1000222c:	6f92      	ldr	r2, [r2, #120]	; 0x78
1000222e:	0892      	lsrs	r2, r2, #2
10002230:	4662      	mov	r2, ip
10002232:	d201      	bcs.n	10002238 <divmod_s64s64_savestate>
10002234:	e028      	b.n	10002288 <divmod_s64s64_unsafe>
10002236:	46c0      	nop			; (mov r8, r8)

10002238 <divmod_s64s64_savestate>:
10002238:	b5f0      	push	{r4, r5, r6, r7, lr}
1000223a:	4e46      	ldr	r6, [pc, #280]	; (10002354 <udiv0+0x1a>)
1000223c:	6e34      	ldr	r4, [r6, #96]	; 0x60
1000223e:	6e75      	ldr	r5, [r6, #100]	; 0x64
10002240:	6f77      	ldr	r7, [r6, #116]	; 0x74
10002242:	6f36      	ldr	r6, [r6, #112]	; 0x70
10002244:	f000 f820 	bl	10002288 <divmod_s64s64_unsafe>
10002248:	4694      	mov	ip, r2
1000224a:	4a42      	ldr	r2, [pc, #264]	; (10002354 <udiv0+0x1a>)
1000224c:	6614      	str	r4, [r2, #96]	; 0x60
1000224e:	6655      	str	r5, [r2, #100]	; 0x64
10002250:	6757      	str	r7, [r2, #116]	; 0x74
10002252:	6716      	str	r6, [r2, #112]	; 0x70
10002254:	4662      	mov	r2, ip
10002256:	bdf0      	pop	{r4, r5, r6, r7, pc}

10002258 <__wrap___aeabi_uldivmod>:
10002258:	4694      	mov	ip, r2
1000225a:	4a3e      	ldr	r2, [pc, #248]	; (10002354 <udiv0+0x1a>)
1000225c:	6f92      	ldr	r2, [r2, #120]	; 0x78
1000225e:	0892      	lsrs	r2, r2, #2
10002260:	4662      	mov	r2, ip
10002262:	d201      	bcs.n	10002268 <divmod_u64u64_savestate>
10002264:	e054      	b.n	10002310 <divmod_u64u64_unsafe>
10002266:	46c0      	nop			; (mov r8, r8)

10002268 <divmod_u64u64_savestate>:
10002268:	b5f0      	push	{r4, r5, r6, r7, lr}
1000226a:	4e3a      	ldr	r6, [pc, #232]	; (10002354 <udiv0+0x1a>)
1000226c:	6e34      	ldr	r4, [r6, #96]	; 0x60
1000226e:	6e75      	ldr	r5, [r6, #100]	; 0x64
10002270:	6f77      	ldr	r7, [r6, #116]	; 0x74
10002272:	6f36      	ldr	r6, [r6, #112]	; 0x70
10002274:	f000 f84c 	bl	10002310 <divmod_u64u64_unsafe>
10002278:	4694      	mov	ip, r2
1000227a:	4a36      	ldr	r2, [pc, #216]	; (10002354 <udiv0+0x1a>)
1000227c:	6614      	str	r4, [r2, #96]	; 0x60
1000227e:	6655      	str	r5, [r2, #100]	; 0x64
10002280:	6757      	str	r7, [r2, #116]	; 0x74
10002282:	6716      	str	r6, [r2, #112]	; 0x70
10002284:	4662      	mov	r2, ip
10002286:	bdf0      	pop	{r4, r5, r6, r7, pc}

10002288 <divmod_s64s64_unsafe>:
10002288:	2b00      	cmp	r3, #0
1000228a:	db24      	blt.n	100022d6 <l42_1+0x26>
1000228c:	d011      	beq.n	100022b2 <l42_1+0x2>
1000228e:	2900      	cmp	r1, #0
10002290:	da3e      	bge.n	10002310 <divmod_u64u64_unsafe>
10002292:	b500      	push	{lr}
10002294:	43c9      	mvns	r1, r1
10002296:	4240      	negs	r0, r0
10002298:	d100      	bne.n	1000229c <l40_1>
1000229a:	3101      	adds	r1, #1

1000229c <l40_1>:
1000229c:	f000 f838 	bl	10002310 <divmod_u64u64_unsafe>
100022a0:	43c9      	mvns	r1, r1
100022a2:	4240      	negs	r0, r0
100022a4:	d100      	bne.n	100022a8 <l41_1>
100022a6:	3101      	adds	r1, #1

100022a8 <l41_1>:
100022a8:	43db      	mvns	r3, r3
100022aa:	4252      	negs	r2, r2
100022ac:	d100      	bne.n	100022b0 <l42_1>
100022ae:	3301      	adds	r3, #1

100022b0 <l42_1>:
100022b0:	bd00      	pop	{pc}
100022b2:	2a00      	cmp	r2, #0
100022b4:	d1eb      	bne.n	1000228e <divmod_s64s64_unsafe+0x6>
100022b6:	2800      	cmp	r0, #0
100022b8:	d101      	bne.n	100022be <l42_1+0xe>
100022ba:	2900      	cmp	r1, #0
100022bc:	d005      	beq.n	100022ca <l42_1+0x1a>
100022be:	2000      	movs	r0, #0
100022c0:	0fc9      	lsrs	r1, r1, #31
100022c2:	07c9      	lsls	r1, r1, #31
100022c4:	d101      	bne.n	100022ca <l42_1+0x1a>
100022c6:	43c0      	mvns	r0, r0
100022c8:	0841      	lsrs	r1, r0, #1
100022ca:	b500      	push	{lr}
100022cc:	f002 feac 	bl	10005028 <____aeabi_ldiv0_veneer>
100022d0:	2200      	movs	r2, #0
100022d2:	2300      	movs	r3, #0
100022d4:	bd00      	pop	{pc}
100022d6:	b500      	push	{lr}
100022d8:	2900      	cmp	r1, #0
100022da:	db0a      	blt.n	100022f2 <l44_1+0x2>
100022dc:	43db      	mvns	r3, r3
100022de:	4252      	negs	r2, r2
100022e0:	d100      	bne.n	100022e4 <l43_1>
100022e2:	3301      	adds	r3, #1

100022e4 <l43_1>:
100022e4:	f000 f814 	bl	10002310 <divmod_u64u64_unsafe>
100022e8:	43c9      	mvns	r1, r1
100022ea:	4240      	negs	r0, r0
100022ec:	d100      	bne.n	100022f0 <l44_1>
100022ee:	3101      	adds	r1, #1

100022f0 <l44_1>:
100022f0:	bd00      	pop	{pc}
100022f2:	43c9      	mvns	r1, r1
100022f4:	4240      	negs	r0, r0
100022f6:	d100      	bne.n	100022fa <l45_1>
100022f8:	3101      	adds	r1, #1

100022fa <l45_1>:
100022fa:	43db      	mvns	r3, r3
100022fc:	4252      	negs	r2, r2
100022fe:	d100      	bne.n	10002302 <l46_1>
10002300:	3301      	adds	r3, #1

10002302 <l46_1>:
10002302:	f000 f805 	bl	10002310 <divmod_u64u64_unsafe>
10002306:	43db      	mvns	r3, r3
10002308:	4252      	negs	r2, r2
1000230a:	d100      	bne.n	1000230e <l47_1>
1000230c:	3301      	adds	r3, #1

1000230e <l47_1>:
1000230e:	bd00      	pop	{pc}

10002310 <divmod_u64u64_unsafe>:
10002310:	2900      	cmp	r1, #0
10002312:	d123      	bne.n	1000235c <y64>
10002314:	2b00      	cmp	r3, #0
10002316:	d118      	bne.n	1000234a <udiv0+0x10>
10002318:	2a00      	cmp	r2, #0
1000231a:	d00c      	beq.n	10002336 <divmod_u64u64_unsafe+0x26>
1000231c:	46bc      	mov	ip, r7
1000231e:	4f0d      	ldr	r7, [pc, #52]	; (10002354 <udiv0+0x1a>)
10002320:	6638      	str	r0, [r7, #96]	; 0x60
10002322:	667a      	str	r2, [r7, #100]	; 0x64
10002324:	2100      	movs	r1, #0
10002326:	2300      	movs	r3, #0
10002328:	e7ff      	b.n	1000232a <divmod_u64u64_unsafe+0x1a>
1000232a:	e7ff      	b.n	1000232c <divmod_u64u64_unsafe+0x1c>
1000232c:	e7ff      	b.n	1000232e <divmod_u64u64_unsafe+0x1e>
1000232e:	6f7a      	ldr	r2, [r7, #116]	; 0x74
10002330:	6f38      	ldr	r0, [r7, #112]	; 0x70
10002332:	4667      	mov	r7, ip
10002334:	4770      	bx	lr
10002336:	2800      	cmp	r0, #0
10002338:	d001      	beq.n	1000233e <udiv0+0x4>

1000233a <udiv0>:
1000233a:	4807      	ldr	r0, [pc, #28]	; (10002358 <udiv0+0x1e>)
1000233c:	0001      	movs	r1, r0
1000233e:	b500      	push	{lr}
10002340:	f002 fe72 	bl	10005028 <____aeabi_ldiv0_veneer>
10002344:	2200      	movs	r2, #0
10002346:	2300      	movs	r3, #0
10002348:	bd00      	pop	{pc}
1000234a:	0002      	movs	r2, r0
1000234c:	000b      	movs	r3, r1
1000234e:	2000      	movs	r0, #0
10002350:	2100      	movs	r1, #0
10002352:	4770      	bx	lr
10002354:	d0000000 	.word	0xd0000000
10002358:	ffffffff 	.word	0xffffffff

1000235c <y64>:
1000235c:	2b00      	cmp	r3, #0
1000235e:	d000      	beq.n	10002362 <y64+0x6>
10002360:	e0bf      	b.n	100024e2 <y64_x48>
10002362:	0c13      	lsrs	r3, r2, #16
10002364:	d128      	bne.n	100023b8 <y64_x32>
10002366:	2a00      	cmp	r2, #0
10002368:	d0e7      	beq.n	1000233a <udiv0>
1000236a:	b480      	push	{r7}
1000236c:	4f11      	ldr	r7, [pc, #68]	; (100023b4 <y64+0x58>)
1000236e:	6639      	str	r1, [r7, #96]	; 0x60
10002370:	667a      	str	r2, [r7, #100]	; 0x64
10002372:	e7ff      	b.n	10002374 <y64+0x18>
10002374:	e7ff      	b.n	10002376 <y64+0x1a>
10002376:	b430      	push	{r4, r5}
10002378:	0c04      	lsrs	r4, r0, #16
1000237a:	6f7b      	ldr	r3, [r7, #116]	; 0x74
1000237c:	6f39      	ldr	r1, [r7, #112]	; 0x70
1000237e:	041b      	lsls	r3, r3, #16
10002380:	4323      	orrs	r3, r4
10002382:	663b      	str	r3, [r7, #96]	; 0x60
10002384:	667a      	str	r2, [r7, #100]	; 0x64
10002386:	e7ff      	b.n	10002388 <y64+0x2c>
10002388:	e7ff      	b.n	1000238a <y64+0x2e>
1000238a:	e7ff      	b.n	1000238c <y64+0x30>
1000238c:	46c0      	nop			; (mov r8, r8)
1000238e:	b284      	uxth	r4, r0
10002390:	6f7b      	ldr	r3, [r7, #116]	; 0x74
10002392:	6f3d      	ldr	r5, [r7, #112]	; 0x70
10002394:	041b      	lsls	r3, r3, #16
10002396:	4323      	orrs	r3, r4
10002398:	663b      	str	r3, [r7, #96]	; 0x60
1000239a:	667a      	str	r2, [r7, #100]	; 0x64
1000239c:	e7ff      	b.n	1000239e <y64+0x42>
1000239e:	e7ff      	b.n	100023a0 <y64+0x44>
100023a0:	46c0      	nop			; (mov r8, r8)
100023a2:	2300      	movs	r3, #0
100023a4:	042c      	lsls	r4, r5, #16
100023a6:	0c2d      	lsrs	r5, r5, #16
100023a8:	6f7a      	ldr	r2, [r7, #116]	; 0x74
100023aa:	6f38      	ldr	r0, [r7, #112]	; 0x70
100023ac:	1900      	adds	r0, r0, r4
100023ae:	4169      	adcs	r1, r5
100023b0:	bcb0      	pop	{r4, r5, r7}
100023b2:	4770      	bx	lr
100023b4:	d0000000 	.word	0xd0000000

100023b8 <y64_x32>:
100023b8:	b5f0      	push	{r4, r5, r6, r7, lr}
100023ba:	4694      	mov	ip, r2
100023bc:	2500      	movs	r5, #0
100023be:	0e14      	lsrs	r4, r2, #24
100023c0:	d101      	bne.n	100023c6 <y64_x32+0xe>
100023c2:	0212      	lsls	r2, r2, #8
100023c4:	3508      	adds	r5, #8
100023c6:	0f14      	lsrs	r4, r2, #28
100023c8:	d101      	bne.n	100023ce <y64_x32+0x16>
100023ca:	0112      	lsls	r2, r2, #4
100023cc:	3504      	adds	r5, #4
100023ce:	0f94      	lsrs	r4, r2, #30
100023d0:	d101      	bne.n	100023d6 <y64_x32+0x1e>
100023d2:	0092      	lsls	r2, r2, #2
100023d4:	3502      	adds	r5, #2
100023d6:	0fd4      	lsrs	r4, r2, #31
100023d8:	d101      	bne.n	100023de <y64_x32+0x26>
100023da:	0052      	lsls	r2, r2, #1
100023dc:	3501      	adds	r5, #1
100023de:	0bd4      	lsrs	r4, r2, #15
100023e0:	3401      	adds	r4, #1
100023e2:	4f25      	ldr	r7, [pc, #148]	; (10002478 <y64_x32+0xc0>)
100023e4:	667c      	str	r4, [r7, #100]	; 0x64
100023e6:	4c25      	ldr	r4, [pc, #148]	; (1000247c <y64_x32+0xc4>)
100023e8:	663c      	str	r4, [r7, #96]	; 0x60
100023ea:	0c0e      	lsrs	r6, r1, #16
100023ec:	b293      	uxth	r3, r2
100023ee:	e7ff      	b.n	100023f0 <y64_x32+0x38>
100023f0:	e7ff      	b.n	100023f2 <y64_x32+0x3a>
100023f2:	e7ff      	b.n	100023f4 <y64_x32+0x3c>
100023f4:	6f3c      	ldr	r4, [r7, #112]	; 0x70
100023f6:	4366      	muls	r6, r4
100023f8:	0c36      	lsrs	r6, r6, #16
100023fa:	0377      	lsls	r7, r6, #13
100023fc:	46be      	mov	lr, r7
100023fe:	4373      	muls	r3, r6
10002400:	0bdf      	lsrs	r7, r3, #15
10002402:	045b      	lsls	r3, r3, #17
10002404:	1ac0      	subs	r0, r0, r3
10002406:	41b9      	sbcs	r1, r7
10002408:	0c13      	lsrs	r3, r2, #16
1000240a:	4373      	muls	r3, r6
1000240c:	18db      	adds	r3, r3, r3
1000240e:	1ac9      	subs	r1, r1, r3
10002410:	08ce      	lsrs	r6, r1, #3
10002412:	4366      	muls	r6, r4
10002414:	0c36      	lsrs	r6, r6, #16
10002416:	44b6      	add	lr, r6
10002418:	b293      	uxth	r3, r2
1000241a:	4373      	muls	r3, r6
1000241c:	0f1f      	lsrs	r7, r3, #28
1000241e:	011b      	lsls	r3, r3, #4
10002420:	1ac0      	subs	r0, r0, r3
10002422:	41b9      	sbcs	r1, r7
10002424:	0c13      	lsrs	r3, r2, #16
10002426:	4373      	muls	r3, r6
10002428:	0b1f      	lsrs	r7, r3, #12
1000242a:	051b      	lsls	r3, r3, #20
1000242c:	1ac0      	subs	r0, r0, r3
1000242e:	41b9      	sbcs	r1, r7
10002430:	0d86      	lsrs	r6, r0, #22
10002432:	028f      	lsls	r7, r1, #10
10002434:	433e      	orrs	r6, r7
10002436:	4366      	muls	r6, r4
10002438:	0c36      	lsrs	r6, r6, #16
1000243a:	2d09      	cmp	r5, #9
1000243c:	db24      	blt.n	10002488 <last0>
1000243e:	0a52      	lsrs	r2, r2, #9
10002440:	4372      	muls	r2, r6
10002442:	1a80      	subs	r0, r0, r2
10002444:	0377      	lsls	r7, r6, #13
10002446:	0a46      	lsrs	r6, r0, #9
10002448:	4366      	muls	r6, r4
1000244a:	0c36      	lsrs	r6, r6, #16
1000244c:	2316      	movs	r3, #22
1000244e:	1b5b      	subs	r3, r3, r5
10002450:	40de      	lsrs	r6, r3
10002452:	40df      	lsrs	r7, r3
10002454:	19bf      	adds	r7, r7, r6
10002456:	4664      	mov	r4, ip
10002458:	4366      	muls	r6, r4
1000245a:	1b82      	subs	r2, r0, r6
1000245c:	4670      	mov	r0, lr
1000245e:	3504      	adds	r5, #4
10002460:	3306      	adds	r3, #6
10002462:	0001      	movs	r1, r0
10002464:	40d9      	lsrs	r1, r3
10002466:	40a8      	lsls	r0, r5
10002468:	19c0      	adds	r0, r0, r7
1000246a:	d300      	bcc.n	1000246e <y64_x32+0xb6>
1000246c:	3101      	adds	r1, #1
1000246e:	42a2      	cmp	r2, r4
10002470:	d206      	bcs.n	10002480 <y64_x32+0xc8>
10002472:	2300      	movs	r3, #0
10002474:	bdf0      	pop	{r4, r5, r6, r7, pc}
10002476:	0000      	.short	0x0000
10002478:	d0000000 	.word	0xd0000000
1000247c:	ffffffff 	.word	0xffffffff
10002480:	1b12      	subs	r2, r2, r4
10002482:	3001      	adds	r0, #1
10002484:	d3f3      	bcc.n	1000246e <y64_x32+0xb6>
10002486:	e7f1      	b.n	1000246c <y64_x32+0xb4>

10002488 <last0>:
10002488:	2709      	movs	r7, #9
1000248a:	1b7f      	subs	r7, r7, r5
1000248c:	40fe      	lsrs	r6, r7
1000248e:	4664      	mov	r4, ip
10002490:	b2a2      	uxth	r2, r4
10002492:	4372      	muls	r2, r6
10002494:	1a80      	subs	r0, r0, r2
10002496:	d200      	bcs.n	1000249a <last0+0x12>
10002498:	3901      	subs	r1, #1
1000249a:	0c22      	lsrs	r2, r4, #16
1000249c:	4372      	muls	r2, r6
1000249e:	0c13      	lsrs	r3, r2, #16
100024a0:	0412      	lsls	r2, r2, #16
100024a2:	1a82      	subs	r2, r0, r2
100024a4:	4199      	sbcs	r1, r3
100024a6:	000b      	movs	r3, r1
100024a8:	4670      	mov	r0, lr
100024aa:	3504      	adds	r5, #4
100024ac:	3713      	adds	r7, #19
100024ae:	0001      	movs	r1, r0
100024b0:	40f9      	lsrs	r1, r7
100024b2:	40a8      	lsls	r0, r5
100024b4:	1980      	adds	r0, r0, r6
100024b6:	d300      	bcc.n	100024ba <last0+0x32>
100024b8:	3101      	adds	r1, #1
100024ba:	2b00      	cmp	r3, #0
100024bc:	d102      	bne.n	100024c4 <last0+0x3c>
100024be:	42a2      	cmp	r2, r4
100024c0:	d20a      	bcs.n	100024d8 <last0+0x50>
100024c2:	bdf0      	pop	{r4, r5, r6, r7, pc}
100024c4:	3001      	adds	r0, #1
100024c6:	d300      	bcc.n	100024ca <last0+0x42>
100024c8:	3101      	adds	r1, #1
100024ca:	1b12      	subs	r2, r2, r4
100024cc:	d2fa      	bcs.n	100024c4 <last0+0x3c>
100024ce:	3b01      	subs	r3, #1
100024d0:	d1f8      	bne.n	100024c4 <last0+0x3c>
100024d2:	42a2      	cmp	r2, r4
100024d4:	d200      	bcs.n	100024d8 <last0+0x50>
100024d6:	bdf0      	pop	{r4, r5, r6, r7, pc}
100024d8:	3001      	adds	r0, #1
100024da:	d300      	bcc.n	100024de <last0+0x56>
100024dc:	3101      	adds	r1, #1
100024de:	1b12      	subs	r2, r2, r4
100024e0:	e7f7      	b.n	100024d2 <last0+0x4a>

100024e2 <y64_x48>:
100024e2:	b5f0      	push	{r4, r5, r6, r7, lr}
100024e4:	0c1c      	lsrs	r4, r3, #16
100024e6:	d000      	beq.n	100024ea <y64_x48+0x8>
100024e8:	e080      	b.n	100025ec <y64_x64>
100024ea:	b40c      	push	{r2, r3}
100024ec:	2500      	movs	r5, #0
100024ee:	0a1c      	lsrs	r4, r3, #8
100024f0:	d104      	bne.n	100024fc <y64_x48+0x1a>
100024f2:	021b      	lsls	r3, r3, #8
100024f4:	0e16      	lsrs	r6, r2, #24
100024f6:	4333      	orrs	r3, r6
100024f8:	0212      	lsls	r2, r2, #8
100024fa:	3508      	adds	r5, #8
100024fc:	0b1c      	lsrs	r4, r3, #12
100024fe:	d104      	bne.n	1000250a <y64_x48+0x28>
10002500:	011b      	lsls	r3, r3, #4
10002502:	0f16      	lsrs	r6, r2, #28
10002504:	4333      	orrs	r3, r6
10002506:	0112      	lsls	r2, r2, #4
10002508:	3504      	adds	r5, #4
1000250a:	0b9c      	lsrs	r4, r3, #14
1000250c:	d104      	bne.n	10002518 <y64_x48+0x36>
1000250e:	009b      	lsls	r3, r3, #2
10002510:	0f96      	lsrs	r6, r2, #30
10002512:	4333      	orrs	r3, r6
10002514:	0092      	lsls	r2, r2, #2
10002516:	3502      	adds	r5, #2
10002518:	0bdc      	lsrs	r4, r3, #15
1000251a:	d102      	bne.n	10002522 <y64_x48+0x40>
1000251c:	1892      	adds	r2, r2, r2
1000251e:	415b      	adcs	r3, r3
10002520:	3501      	adds	r5, #1
10002522:	001c      	movs	r4, r3
10002524:	1897      	adds	r7, r2, r2
10002526:	4164      	adcs	r4, r4
10002528:	3401      	adds	r4, #1
1000252a:	4f46      	ldr	r7, [pc, #280]	; (10002644 <y64_x64+0x58>)
1000252c:	667c      	str	r4, [r7, #100]	; 0x64
1000252e:	4c46      	ldr	r4, [pc, #280]	; (10002648 <y64_x64+0x5c>)
10002530:	663c      	str	r4, [r7, #96]	; 0x60
10002532:	0c0e      	lsrs	r6, r1, #16
10002534:	e7ff      	b.n	10002536 <y64_x48+0x54>
10002536:	e7ff      	b.n	10002538 <y64_x48+0x56>
10002538:	e7ff      	b.n	1000253a <y64_x48+0x58>
1000253a:	46c0      	nop			; (mov r8, r8)
1000253c:	6f3c      	ldr	r4, [r7, #112]	; 0x70
1000253e:	4366      	muls	r6, r4
10002540:	0c36      	lsrs	r6, r6, #16
10002542:	0377      	lsls	r7, r6, #13
10002544:	46be      	mov	lr, r7
10002546:	b297      	uxth	r7, r2
10002548:	4377      	muls	r7, r6
1000254a:	1bc0      	subs	r0, r0, r7
1000254c:	d200      	bcs.n	10002550 <y64_x48+0x6e>
1000254e:	3901      	subs	r1, #1
10002550:	1bc0      	subs	r0, r0, r7
10002552:	d200      	bcs.n	10002556 <y64_x48+0x74>
10002554:	3901      	subs	r1, #1
10002556:	b29f      	uxth	r7, r3
10002558:	4377      	muls	r7, r6
1000255a:	1bc9      	subs	r1, r1, r7
1000255c:	1bc9      	subs	r1, r1, r7
1000255e:	0c17      	lsrs	r7, r2, #16
10002560:	4377      	muls	r7, r6
10002562:	047e      	lsls	r6, r7, #17
10002564:	0bff      	lsrs	r7, r7, #15
10002566:	1b80      	subs	r0, r0, r6
10002568:	41b9      	sbcs	r1, r7
1000256a:	08ce      	lsrs	r6, r1, #3
1000256c:	4366      	muls	r6, r4
1000256e:	0c36      	lsrs	r6, r6, #16
10002570:	2d0c      	cmp	r5, #12
10002572:	db33      	blt.n	100025dc <last1>
10002574:	44b6      	add	lr, r6
10002576:	0b12      	lsrs	r2, r2, #12
10002578:	051f      	lsls	r7, r3, #20
1000257a:	433a      	orrs	r2, r7
1000257c:	0b1b      	lsrs	r3, r3, #12
1000257e:	b297      	uxth	r7, r2
10002580:	4377      	muls	r7, r6
10002582:	1bc0      	subs	r0, r0, r7
10002584:	d200      	bcs.n	10002588 <y64_x48+0xa6>
10002586:	3901      	subs	r1, #1
10002588:	b29f      	uxth	r7, r3
1000258a:	4377      	muls	r7, r6
1000258c:	1bc9      	subs	r1, r1, r7
1000258e:	0c17      	lsrs	r7, r2, #16
10002590:	4377      	muls	r7, r6
10002592:	043e      	lsls	r6, r7, #16
10002594:	0c3f      	lsrs	r7, r7, #16
10002596:	1b80      	subs	r0, r0, r6
10002598:	41b9      	sbcs	r1, r7
1000259a:	0d86      	lsrs	r6, r0, #22
1000259c:	028f      	lsls	r7, r1, #10
1000259e:	433e      	orrs	r6, r7
100025a0:	4366      	muls	r6, r4
100025a2:	2729      	movs	r7, #41	; 0x29
100025a4:	1b7f      	subs	r7, r7, r5
100025a6:	40fe      	lsrs	r6, r7
100025a8:	3d0c      	subs	r5, #12
100025aa:	4677      	mov	r7, lr
100025ac:	40af      	lsls	r7, r5
100025ae:	19bf      	adds	r7, r7, r6
100025b0:	bc30      	pop	{r4, r5}
100025b2:	b2a2      	uxth	r2, r4
100025b4:	b2ab      	uxth	r3, r5
100025b6:	4372      	muls	r2, r6
100025b8:	4373      	muls	r3, r6
100025ba:	1a80      	subs	r0, r0, r2
100025bc:	4199      	sbcs	r1, r3
100025be:	0c22      	lsrs	r2, r4, #16
100025c0:	4372      	muls	r2, r6
100025c2:	0c13      	lsrs	r3, r2, #16
100025c4:	0412      	lsls	r2, r2, #16
100025c6:	1a80      	subs	r0, r0, r2
100025c8:	4199      	sbcs	r1, r3
100025ca:	0002      	movs	r2, r0
100025cc:	000b      	movs	r3, r1
100025ce:	3701      	adds	r7, #1
100025d0:	1b00      	subs	r0, r0, r4
100025d2:	41a9      	sbcs	r1, r5
100025d4:	d2f9      	bcs.n	100025ca <y64_x48+0xe8>
100025d6:	1e78      	subs	r0, r7, #1
100025d8:	2100      	movs	r1, #0
100025da:	bdf0      	pop	{r4, r5, r6, r7, pc}

100025dc <last1>:
100025dc:	270c      	movs	r7, #12
100025de:	1b7f      	subs	r7, r7, r5
100025e0:	40fe      	lsrs	r6, r7
100025e2:	4677      	mov	r7, lr
100025e4:	0b7f      	lsrs	r7, r7, #13
100025e6:	40af      	lsls	r7, r5
100025e8:	19ff      	adds	r7, r7, r7
100025ea:	e7e0      	b.n	100025ae <y64_x48+0xcc>

100025ec <y64_x64>:
100025ec:	2400      	movs	r4, #0
100025ee:	1c5d      	adds	r5, r3, #1
100025f0:	d007      	beq.n	10002602 <y64_x64+0x16>
100025f2:	4f14      	ldr	r7, [pc, #80]	; (10002644 <y64_x64+0x58>)
100025f4:	667d      	str	r5, [r7, #100]	; 0x64
100025f6:	6639      	str	r1, [r7, #96]	; 0x60
100025f8:	e7ff      	b.n	100025fa <y64_x64+0xe>
100025fa:	e7ff      	b.n	100025fc <y64_x64+0x10>
100025fc:	e7ff      	b.n	100025fe <y64_x64+0x12>
100025fe:	e7ff      	b.n	10002600 <y64_x64+0x14>
10002600:	6f3c      	ldr	r4, [r7, #112]	; 0x70
10002602:	b295      	uxth	r5, r2
10002604:	b29e      	uxth	r6, r3
10002606:	4365      	muls	r5, r4
10002608:	4366      	muls	r6, r4
1000260a:	1b40      	subs	r0, r0, r5
1000260c:	41b1      	sbcs	r1, r6
1000260e:	0c15      	lsrs	r5, r2, #16
10002610:	0c1e      	lsrs	r6, r3, #16
10002612:	4365      	muls	r5, r4
10002614:	4366      	muls	r6, r4
10002616:	0436      	lsls	r6, r6, #16
10002618:	0c2f      	lsrs	r7, r5, #16
1000261a:	433e      	orrs	r6, r7
1000261c:	042d      	lsls	r5, r5, #16
1000261e:	1b40      	subs	r0, r0, r5
10002620:	41b1      	sbcs	r1, r6
10002622:	4299      	cmp	r1, r3
10002624:	d204      	bcs.n	10002630 <y64_x64+0x44>
10002626:	0002      	movs	r2, r0
10002628:	000b      	movs	r3, r1
1000262a:	0020      	movs	r0, r4
1000262c:	2100      	movs	r1, #0
1000262e:	bdf0      	pop	{r4, r5, r6, r7, pc}
10002630:	d101      	bne.n	10002636 <y64_x64+0x4a>
10002632:	4290      	cmp	r0, r2
10002634:	d3f7      	bcc.n	10002626 <y64_x64+0x3a>
10002636:	1a80      	subs	r0, r0, r2
10002638:	4199      	sbcs	r1, r3
1000263a:	3401      	adds	r4, #1
1000263c:	4299      	cmp	r1, r3
1000263e:	d3f2      	bcc.n	10002626 <y64_x64+0x3a>
10002640:	e7f6      	b.n	10002630 <y64_x64+0x44>
10002642:	0000      	.short	0x0000
10002644:	d0000000 	.word	0xd0000000
10002648:	ffffffff 	.word	0xffffffff

1000264c <__wrap___aeabi_drsub>:
1000264c:	4048      	eors	r0, r1
1000264e:	4041      	eors	r1, r0
10002650:	4048      	eors	r0, r1

10002652 <__wrap___aeabi_dsub>:
10002652:	b418      	push	{r3, r4}
10002654:	4b1b      	ldr	r3, [pc, #108]	; (100026c4 <__wrap___aeabi_dmul+0x12>)
10002656:	685b      	ldr	r3, [r3, #4]
10002658:	46fc      	mov	ip, pc
1000265a:	9301      	str	r3, [sp, #4]
1000265c:	bd08      	pop	{r3, pc}
1000265e:	df04      	.short	0xdf04
10002660:	1000290b 	.word	0x1000290b

10002664 <__wrap___aeabi_dadd>:
10002664:	b418      	push	{r3, r4}
10002666:	4b17      	ldr	r3, [pc, #92]	; (100026c4 <__wrap___aeabi_dmul+0x12>)
10002668:	681b      	ldr	r3, [r3, #0]
1000266a:	46fc      	mov	ip, pc
1000266c:	9301      	str	r3, [sp, #4]
1000266e:	bd08      	pop	{r3, pc}
10002670:	2915df00 	.word	0x2915df00
10002674:	1000      	.short	0x1000

10002676 <__wrap___aeabi_ddiv>:
10002676:	4694      	mov	ip, r2
10002678:	4a13      	ldr	r2, [pc, #76]	; (100026c8 <__wrap___aeabi_dmul+0x16>)
1000267a:	6f92      	ldr	r2, [r2, #120]	; 0x78
1000267c:	0892      	lsrs	r2, r2, #2
1000267e:	d209      	bcs.n	10002694 <ddiv_save_state>
10002680:	4662      	mov	r2, ip

10002682 <ddiv_shim_call>:
10002682:	b418      	push	{r3, r4}
10002684:	4b0f      	ldr	r3, [pc, #60]	; (100026c4 <__wrap___aeabi_dmul+0x12>)
10002686:	68db      	ldr	r3, [r3, #12]
10002688:	46fc      	mov	ip, pc
1000268a:	9301      	str	r3, [sp, #4]
1000268c:	bd08      	pop	{r3, pc}
1000268e:	df0c      	.short	0xdf0c
10002690:	10002bcd 	.word	0x10002bcd

10002694 <ddiv_save_state>:
10002694:	4a0c      	ldr	r2, [pc, #48]	; (100026c8 <__wrap___aeabi_dmul+0x16>)
10002696:	b5f0      	push	{r4, r5, r6, r7, lr}
10002698:	6e14      	ldr	r4, [r2, #96]	; 0x60
1000269a:	6e55      	ldr	r5, [r2, #100]	; 0x64
1000269c:	6f57      	ldr	r7, [r2, #116]	; 0x74
1000269e:	6f16      	ldr	r6, [r2, #112]	; 0x70
100026a0:	4662      	mov	r2, ip
100026a2:	f7ff ffee 	bl	10002682 <ddiv_shim_call>
100026a6:	4a08      	ldr	r2, [pc, #32]	; (100026c8 <__wrap___aeabi_dmul+0x16>)
100026a8:	6614      	str	r4, [r2, #96]	; 0x60
100026aa:	6655      	str	r5, [r2, #100]	; 0x64
100026ac:	6757      	str	r7, [r2, #116]	; 0x74
100026ae:	6716      	str	r6, [r2, #112]	; 0x70
100026b0:	bdf0      	pop	{r4, r5, r6, r7, pc}

100026b2 <__wrap___aeabi_dmul>:
100026b2:	b418      	push	{r3, r4}
100026b4:	4b03      	ldr	r3, [pc, #12]	; (100026c4 <__wrap___aeabi_dmul+0x12>)
100026b6:	689b      	ldr	r3, [r3, #8]
100026b8:	46fc      	mov	ip, pc
100026ba:	9301      	str	r3, [sp, #4]
100026bc:	bd08      	pop	{r3, pc}
100026be:	df08      	.short	0xdf08
100026c0:	10002a71 	.word	0x10002a71
100026c4:	200003d0 	.word	0x200003d0
100026c8:	d0000000 	.word	0xd0000000

100026cc <__wrap___aeabi_cdrcmple>:
100026cc:	b5ff      	push	{r0, r1, r2, r3, r4, r5, r6, r7, lr}
100026ce:	4050      	eors	r0, r2
100026d0:	4042      	eors	r2, r0
100026d2:	4050      	eors	r0, r2
100026d4:	4059      	eors	r1, r3
100026d6:	404b      	eors	r3, r1
100026d8:	4059      	eors	r1, r3
100026da:	e000      	b.n	100026de <__aeabi_dfcmple_guts>

100026dc <__wrap___aeabi_cdcmpeq>:
100026dc:	b5ff      	push	{r0, r1, r2, r3, r4, r5, r6, r7, lr}

100026de <__aeabi_dfcmple_guts>:
100026de:	4f15      	ldr	r7, [pc, #84]	; (10002734 <__aeabi_dfcmple_guts+0x56>)
100026e0:	004c      	lsls	r4, r1, #1
100026e2:	0d64      	lsrs	r4, r4, #21
100026e4:	d003      	beq.n	100026ee <__aeabi_dfcmple_guts+0x10>
100026e6:	42bc      	cmp	r4, r7
100026e8:	d104      	bne.n	100026f4 <__aeabi_dfcmple_guts+0x16>
100026ea:	030c      	lsls	r4, r1, #12
100026ec:	d814      	bhi.n	10002718 <__aeabi_dfcmple_guts+0x3a>
100026ee:	2000      	movs	r0, #0
100026f0:	0d09      	lsrs	r1, r1, #20
100026f2:	0509      	lsls	r1, r1, #20
100026f4:	005c      	lsls	r4, r3, #1
100026f6:	0d64      	lsrs	r4, r4, #21
100026f8:	d003      	beq.n	10002702 <__aeabi_dfcmple_guts+0x24>
100026fa:	42bc      	cmp	r4, r7
100026fc:	d104      	bne.n	10002708 <__aeabi_dfcmple_guts+0x2a>
100026fe:	031c      	lsls	r4, r3, #12
10002700:	d80a      	bhi.n	10002718 <__aeabi_dfcmple_guts+0x3a>
10002702:	2200      	movs	r2, #0
10002704:	0d1b      	lsrs	r3, r3, #20
10002706:	051b      	lsls	r3, r3, #20
10002708:	2601      	movs	r6, #1
1000270a:	404b      	eors	r3, r1
1000270c:	d409      	bmi.n	10002722 <__aeabi_dfcmple_guts+0x44>
1000270e:	404b      	eors	r3, r1
10002710:	d503      	bpl.n	1000271a <__aeabi_dfcmple_guts+0x3c>
10002712:	428b      	cmp	r3, r1
10002714:	d100      	bne.n	10002718 <__aeabi_dfcmple_guts+0x3a>
10002716:	4282      	cmp	r2, r0
10002718:	bdff      	pop	{r0, r1, r2, r3, r4, r5, r6, r7, pc}
1000271a:	4299      	cmp	r1, r3
1000271c:	d1fc      	bne.n	10002718 <__aeabi_dfcmple_guts+0x3a>
1000271e:	4290      	cmp	r0, r2
10002720:	bdff      	pop	{r0, r1, r2, r3, r4, r5, r6, r7, pc}
10002722:	430b      	orrs	r3, r1
10002724:	18db      	adds	r3, r3, r3
10002726:	4303      	orrs	r3, r0
10002728:	4313      	orrs	r3, r2
1000272a:	d0f5      	beq.n	10002718 <__aeabi_dfcmple_guts+0x3a>
1000272c:	43c9      	mvns	r1, r1
1000272e:	1849      	adds	r1, r1, r1
10002730:	bdff      	pop	{r0, r1, r2, r3, r4, r5, r6, r7, pc}
10002732:	0000      	.short	0x0000
10002734:	000007ff 	.word	0x000007ff

10002738 <__wrap___aeabi_dcmplt>:
10002738:	b500      	push	{lr}
1000273a:	f7ff ffcf 	bl	100026dc <__wrap___aeabi_cdcmpeq>
1000273e:	4180      	sbcs	r0, r0
10002740:	bd00      	pop	{pc}
10002742:	46c0      	nop			; (mov r8, r8)

10002744 <__wrap___aeabi_dcmple>:
10002744:	b500      	push	{lr}
10002746:	f7ff ffc9 	bl	100026dc <__wrap___aeabi_cdcmpeq>
1000274a:	d901      	bls.n	10002750 <__wrap___aeabi_dcmple+0xc>
1000274c:	2000      	movs	r0, #0
1000274e:	bd00      	pop	{pc}
10002750:	2001      	movs	r0, #1
10002752:	bd00      	pop	{pc}

10002754 <__wrap___aeabi_dcmpge>:
10002754:	b500      	push	{lr}
10002756:	f7ff ffb9 	bl	100026cc <__wrap___aeabi_cdrcmple>
1000275a:	d901      	bls.n	10002760 <__wrap___aeabi_dcmpge+0xc>
1000275c:	2000      	movs	r0, #0
1000275e:	bd00      	pop	{pc}
10002760:	2001      	movs	r0, #1
10002762:	bd00      	pop	{pc}

10002764 <__wrap___aeabi_dcmpgt>:
10002764:	b500      	push	{lr}
10002766:	f7ff ffb1 	bl	100026cc <__wrap___aeabi_cdrcmple>
1000276a:	4180      	sbcs	r0, r0
1000276c:	bd00      	pop	{pc}

1000276e <__wrap___aeabi_dcmpun>:
1000276e:	2001      	movs	r0, #1
10002770:	0540      	lsls	r0, r0, #21
10002772:	004a      	lsls	r2, r1, #1
10002774:	1812      	adds	r2, r2, r0
10002776:	d804      	bhi.n	10002782 <__wrap___aeabi_dcmpun+0x14>
10002778:	005a      	lsls	r2, r3, #1
1000277a:	1812      	adds	r2, r2, r0
1000277c:	d801      	bhi.n	10002782 <__wrap___aeabi_dcmpun+0x14>
1000277e:	2000      	movs	r0, #0
10002780:	4770      	bx	lr
10002782:	2001      	movs	r0, #1
10002784:	4770      	bx	lr
	...

10002788 <__wrap___aeabi_ui2d>:
10002788:	2100      	movs	r1, #0
1000278a:	2800      	cmp	r0, #0
1000278c:	d105      	bne.n	1000279a <__wrap___aeabi_i2d+0xa>
1000278e:	4770      	bx	lr

10002790 <__wrap___aeabi_i2d>:
10002790:	17c1      	asrs	r1, r0, #31
10002792:	4048      	eors	r0, r1
10002794:	1a40      	subs	r0, r0, r1
10002796:	d0fa      	beq.n	1000278e <__wrap___aeabi_ui2d+0x6>
10002798:	07c9      	lsls	r1, r1, #31
1000279a:	b513      	push	{r0, r1, r4, lr}
1000279c:	4b06      	ldr	r3, [pc, #24]	; (100027b8 <__wrap___aeabi_i2d+0x28>)
1000279e:	681b      	ldr	r3, [r3, #0]
100027a0:	4798      	blx	r3
100027a2:	bc0c      	pop	{r2, r3}
100027a4:	1c44      	adds	r4, r0, #1
100027a6:	40a2      	lsls	r2, r4
100027a8:	0510      	lsls	r0, r2, #20
100027aa:	0b12      	lsrs	r2, r2, #12
100027ac:	4903      	ldr	r1, [pc, #12]	; (100027bc <__wrap___aeabi_i2d+0x2c>)
100027ae:	1b09      	subs	r1, r1, r4
100027b0:	0509      	lsls	r1, r1, #20
100027b2:	4319      	orrs	r1, r3
100027b4:	4311      	orrs	r1, r2
100027b6:	bd10      	pop	{r4, pc}
100027b8:	20000648 	.word	0x20000648
100027bc:	0000041f 	.word	0x0000041f

100027c0 <__wrap___aeabi_d2iz>:
100027c0:	b510      	push	{r4, lr}
100027c2:	004c      	lsls	r4, r1, #1
100027c4:	0d62      	lsrs	r2, r4, #21
100027c6:	2380      	movs	r3, #128	; 0x80
100027c8:	18d2      	adds	r2, r2, r3
100027ca:	00db      	lsls	r3, r3, #3
100027cc:	1ad2      	subs	r2, r2, r3
100027ce:	055b      	lsls	r3, r3, #21
100027d0:	2a7e      	cmp	r2, #126	; 0x7e
100027d2:	dd10      	ble.n	100027f6 <__wrap___aeabi_d2iz+0x36>
100027d4:	3a9e      	subs	r2, #158	; 0x9e
100027d6:	da13      	bge.n	10002800 <__wrap___aeabi_d2iz+0x40>
100027d8:	17cc      	asrs	r4, r1, #31
100027da:	0309      	lsls	r1, r1, #12
100027dc:	0849      	lsrs	r1, r1, #1
100027de:	4319      	orrs	r1, r3
100027e0:	4252      	negs	r2, r2
100027e2:	40d1      	lsrs	r1, r2
100027e4:	0064      	lsls	r4, r4, #1
100027e6:	3401      	adds	r4, #1
100027e8:	3215      	adds	r2, #21
100027ea:	2a20      	cmp	r2, #32
100027ec:	da05      	bge.n	100027fa <__wrap___aeabi_d2iz+0x3a>
100027ee:	40d0      	lsrs	r0, r2
100027f0:	4308      	orrs	r0, r1
100027f2:	4360      	muls	r0, r4
100027f4:	bd10      	pop	{r4, pc}
100027f6:	2000      	movs	r0, #0
100027f8:	bd10      	pop	{r4, pc}
100027fa:	4608      	mov	r0, r1
100027fc:	4360      	muls	r0, r4
100027fe:	bd10      	pop	{r4, pc}
10002800:	0fc8      	lsrs	r0, r1, #31
10002802:	18c0      	adds	r0, r0, r3
10002804:	3801      	subs	r0, #1
10002806:	bd10      	pop	{r4, pc}

10002808 <__wrap___aeabi_d2uiz>:
10002808:	b418      	push	{r3, r4}
1000280a:	4b04      	ldr	r3, [pc, #16]	; (1000281c <__wrap___aeabi_d2uiz+0x14>)
1000280c:	6a5b      	ldr	r3, [r3, #36]	; 0x24
1000280e:	46fc      	mov	ip, pc
10002810:	9301      	str	r3, [sp, #4]
10002812:	bd08      	pop	{r3, pc}
10002814:	2d7ddf24 	.word	0x2d7ddf24
10002818:	00001000 	.word	0x00001000
1000281c:	200003d0 	.word	0x200003d0

10002820 <__wrap___aeabi_d2f>:
10002820:	b418      	push	{r3, r4}
10002822:	4b04      	ldr	r3, [pc, #16]	; (10002834 <__wrap___aeabi_d2f+0x14>)
10002824:	6fdb      	ldr	r3, [r3, #124]	; 0x7c
10002826:	46fc      	mov	ip, pc
10002828:	9301      	str	r3, [sp, #4]
1000282a:	bd08      	pop	{r3, pc}
1000282c:	2dfddf7c 	.word	0x2dfddf7c
10002830:	00001000 	.word	0x00001000
10002834:	200003d0 	.word	0x200003d0

10002838 <__aeabi_double_init>:
10002838:	2313      	movs	r3, #19
1000283a:	b570      	push	{r4, r5, r6, lr}
1000283c:	781d      	ldrb	r5, [r3, #0]
1000283e:	2d01      	cmp	r5, #1
10002840:	d019      	beq.n	10002876 <__aeabi_double_init+0x3e>
10002842:	dd14      	ble.n	1000286e <__aeabi_double_init+0x36>
10002844:	481e      	ldr	r0, [pc, #120]	; (100028c0 <__aeabi_double_init+0x88>)
10002846:	f7ff fb83 	bl	10001f50 <rom_data_lookup>
1000284a:	0006      	movs	r6, r0
1000284c:	481d      	ldr	r0, [pc, #116]	; (100028c4 <__aeabi_double_init+0x8c>)
1000284e:	f7ff fb7f 	bl	10001f50 <rom_data_lookup>
10002852:	4c1d      	ldr	r4, [pc, #116]	; (100028c8 <__aeabi_double_init+0x90>)
10002854:	2280      	movs	r2, #128	; 0x80
10002856:	0031      	movs	r1, r6
10002858:	0020      	movs	r0, r4
1000285a:	f000 fc25 	bl	100030a8 <__wrap___aeabi_memcpy>
1000285e:	2d02      	cmp	r5, #2
10002860:	d006      	beq.n	10002870 <__aeabi_double_init+0x38>
10002862:	481a      	ldr	r0, [pc, #104]	; (100028cc <__aeabi_double_init+0x94>)
10002864:	f7ff fb6c 	bl	10001f40 <rom_func_lookup>
10002868:	4b19      	ldr	r3, [pc, #100]	; (100028d0 <__aeabi_double_init+0x98>)
1000286a:	6018      	str	r0, [r3, #0]
1000286c:	bd70      	pop	{r4, r5, r6, pc}
1000286e:	4c16      	ldr	r4, [pc, #88]	; (100028c8 <__aeabi_double_init+0x90>)
10002870:	4b18      	ldr	r3, [pc, #96]	; (100028d4 <__aeabi_double_init+0x9c>)
10002872:	64a3      	str	r3, [r4, #72]	; 0x48
10002874:	e7f5      	b.n	10002862 <__aeabi_double_init+0x2a>
10002876:	4b17      	ldr	r3, [pc, #92]	; (100028d4 <__aeabi_double_init+0x9c>)
10002878:	4c13      	ldr	r4, [pc, #76]	; (100028c8 <__aeabi_double_init+0x90>)
1000287a:	6023      	str	r3, [r4, #0]
1000287c:	6063      	str	r3, [r4, #4]
1000287e:	60a3      	str	r3, [r4, #8]
10002880:	60e3      	str	r3, [r4, #12]
10002882:	6123      	str	r3, [r4, #16]
10002884:	6163      	str	r3, [r4, #20]
10002886:	61a3      	str	r3, [r4, #24]
10002888:	61e3      	str	r3, [r4, #28]
1000288a:	6223      	str	r3, [r4, #32]
1000288c:	6263      	str	r3, [r4, #36]	; 0x24
1000288e:	62a3      	str	r3, [r4, #40]	; 0x28
10002890:	62e3      	str	r3, [r4, #44]	; 0x2c
10002892:	6323      	str	r3, [r4, #48]	; 0x30
10002894:	6363      	str	r3, [r4, #52]	; 0x34
10002896:	63a3      	str	r3, [r4, #56]	; 0x38
10002898:	63e3      	str	r3, [r4, #60]	; 0x3c
1000289a:	6423      	str	r3, [r4, #64]	; 0x40
1000289c:	6463      	str	r3, [r4, #68]	; 0x44
1000289e:	64a3      	str	r3, [r4, #72]	; 0x48
100028a0:	64e3      	str	r3, [r4, #76]	; 0x4c
100028a2:	6523      	str	r3, [r4, #80]	; 0x50
100028a4:	6563      	str	r3, [r4, #84]	; 0x54
100028a6:	65a3      	str	r3, [r4, #88]	; 0x58
100028a8:	65e3      	str	r3, [r4, #92]	; 0x5c
100028aa:	6623      	str	r3, [r4, #96]	; 0x60
100028ac:	6663      	str	r3, [r4, #100]	; 0x64
100028ae:	66a3      	str	r3, [r4, #104]	; 0x68
100028b0:	66e3      	str	r3, [r4, #108]	; 0x6c
100028b2:	6723      	str	r3, [r4, #112]	; 0x70
100028b4:	6763      	str	r3, [r4, #116]	; 0x74
100028b6:	67a3      	str	r3, [r4, #120]	; 0x78
100028b8:	67e3      	str	r3, [r4, #124]	; 0x7c
100028ba:	64a3      	str	r3, [r4, #72]	; 0x48
100028bc:	e7d1      	b.n	10002862 <__aeabi_double_init+0x2a>
100028be:	46c0      	nop			; (mov r8, r8)
100028c0:	00004453 	.word	0x00004453
100028c4:	00004653 	.word	0x00004653
100028c8:	200003d0 	.word	0x200003d0
100028cc:	0000334c 	.word	0x0000334c
100028d0:	20000648 	.word	0x20000648
100028d4:	100028d9 	.word	0x100028d9

100028d8 <double_table_shim_on_use_helper>:
100028d8:	b507      	push	{r0, r1, r2, lr}
100028da:	4660      	mov	r0, ip
100028dc:	8801      	ldrh	r1, [r0, #0]
100028de:	0a0a      	lsrs	r2, r1, #8
100028e0:	3002      	adds	r0, #2
100028e2:	2adf      	cmp	r2, #223	; 0xdf
100028e4:	d1fa      	bne.n	100028dc <double_table_shim_on_use_helper+0x4>
100028e6:	b2c9      	uxtb	r1, r1
100028e8:	0882      	lsrs	r2, r0, #2
100028ea:	d304      	bcc.n	100028f6 <double_table_shim_on_use_helper+0x1e>
100028ec:	8802      	ldrh	r2, [r0, #0]
100028ee:	8840      	ldrh	r0, [r0, #2]
100028f0:	0400      	lsls	r0, r0, #16
100028f2:	4310      	orrs	r0, r2
100028f4:	e000      	b.n	100028f8 <double_table_shim_on_use_helper+0x20>
100028f6:	6800      	ldr	r0, [r0, #0]
100028f8:	4a01      	ldr	r2, [pc, #4]	; (10002900 <double_table_shim_on_use_helper+0x28>)
100028fa:	5050      	str	r0, [r2, r1]
100028fc:	9003      	str	r0, [sp, #12]
100028fe:	bd07      	pop	{r0, r1, r2, pc}
10002900:	200003d0 	.word	0x200003d0

10002904 <drsub_shim>:
10002904:	b40f      	push	{r0, r1, r2, r3}
10002906:	bc03      	pop	{r0, r1}
10002908:	bc0c      	pop	{r2, r3}

1000290a <dsub_shim>:
1000290a:	b5f0      	push	{r4, r5, r6, r7, lr}
1000290c:	2401      	movs	r4, #1
1000290e:	07e4      	lsls	r4, r4, #31
10002910:	4063      	eors	r3, r4
10002912:	e000      	b.n	10002916 <da_entry>

10002914 <dadd_shim>:
10002914:	b5f0      	push	{r4, r5, r6, r7, lr}

10002916 <da_entry>:
10002916:	0d0c      	lsrs	r4, r1, #20
10002918:	0fcf      	lsrs	r7, r1, #31
1000291a:	1e66      	subs	r6, r4, #1
1000291c:	0536      	lsls	r6, r6, #20
1000291e:	1b89      	subs	r1, r1, r6
10002920:	0564      	lsls	r4, r4, #21
10002922:	d303      	bcc.n	1000292c <l8_1>
10002924:	43c9      	mvns	r1, r1
10002926:	4240      	negs	r0, r0
10002928:	d300      	bcc.n	1000292c <l8_1>
1000292a:	3101      	adds	r1, #1

1000292c <l8_1>:
1000292c:	0d64      	lsrs	r4, r4, #21
1000292e:	d003      	beq.n	10002938 <l8_2>
10002930:	1c66      	adds	r6, r4, #1
10002932:	0af6      	lsrs	r6, r6, #11
10002934:	d007      	beq.n	10002946 <l8_3>
10002936:	1be4      	subs	r4, r4, r7

10002938 <l8_2>:
10002938:	2000      	movs	r0, #0
1000293a:	007f      	lsls	r7, r7, #1
1000293c:	1c79      	adds	r1, r7, #1
1000293e:	0789      	lsls	r1, r1, #30
10002940:	1289      	asrs	r1, r1, #10
10002942:	3c80      	subs	r4, #128	; 0x80
10002944:	0324      	lsls	r4, r4, #12

10002946 <l8_3>:
10002946:	0d1d      	lsrs	r5, r3, #20
10002948:	0fdf      	lsrs	r7, r3, #31
1000294a:	1e6e      	subs	r6, r5, #1
1000294c:	0536      	lsls	r6, r6, #20
1000294e:	1b9b      	subs	r3, r3, r6
10002950:	056d      	lsls	r5, r5, #21
10002952:	d303      	bcc.n	1000295c <l9_1>
10002954:	43db      	mvns	r3, r3
10002956:	4252      	negs	r2, r2
10002958:	d300      	bcc.n	1000295c <l9_1>
1000295a:	3301      	adds	r3, #1

1000295c <l9_1>:
1000295c:	0d6d      	lsrs	r5, r5, #21
1000295e:	d003      	beq.n	10002968 <l9_2>
10002960:	1c6e      	adds	r6, r5, #1
10002962:	0af6      	lsrs	r6, r6, #11
10002964:	d007      	beq.n	10002976 <l9_3>
10002966:	1bed      	subs	r5, r5, r7

10002968 <l9_2>:
10002968:	2200      	movs	r2, #0
1000296a:	007f      	lsls	r7, r7, #1
1000296c:	1c7b      	adds	r3, r7, #1
1000296e:	079b      	lsls	r3, r3, #30
10002970:	129b      	asrs	r3, r3, #10
10002972:	3d80      	subs	r5, #128	; 0x80
10002974:	032d      	lsls	r5, r5, #12

10002976 <l9_3>:
10002976:	1b2f      	subs	r7, r5, r4
10002978:	1b66      	subs	r6, r4, r5
1000297a:	d458      	bmi.n	10002a2e <da_ygtx>
1000297c:	46a4      	mov	ip, r4
1000297e:	2e20      	cmp	r6, #32
10002980:	da46      	bge.n	10002a10 <da_xrgty>
10002982:	3720      	adds	r7, #32
10002984:	0014      	movs	r4, r2
10002986:	40bc      	lsls	r4, r7

10002988 <da_xgty0>:
10002988:	001d      	movs	r5, r3
1000298a:	40bd      	lsls	r5, r7
1000298c:	40f2      	lsrs	r2, r6
1000298e:	4133      	asrs	r3, r6
10002990:	432a      	orrs	r2, r5

10002992 <da_add>:
10002992:	1880      	adds	r0, r0, r2
10002994:	4159      	adcs	r1, r3

10002996 <da_pack>:
10002996:	0fcb      	lsrs	r3, r1, #31
10002998:	d005      	beq.n	100029a6 <da_pack+0x10>
1000299a:	43c9      	mvns	r1, r1
1000299c:	43c0      	mvns	r0, r0
1000299e:	2200      	movs	r2, #0
100029a0:	4264      	negs	r4, r4
100029a2:	4150      	adcs	r0, r2
100029a4:	4151      	adcs	r1, r2
100029a6:	4662      	mov	r2, ip
100029a8:	0d4d      	lsrs	r5, r1, #21
100029aa:	d128      	bne.n	100029fe <da_0>
100029ac:	0d0d      	lsrs	r5, r1, #20
100029ae:	d107      	bne.n	100029c0 <da_1>
100029b0:	2800      	cmp	r0, #0
100029b2:	d01f      	beq.n	100029f4 <da_5>

100029b4 <da_2>:
100029b4:	1924      	adds	r4, r4, r4
100029b6:	4140      	adcs	r0, r0
100029b8:	4149      	adcs	r1, r1
100029ba:	3a01      	subs	r2, #1
100029bc:	0d0d      	lsrs	r5, r1, #20
100029be:	d0f9      	beq.n	100029b4 <da_2>

100029c0 <da_1>:
100029c0:	0064      	lsls	r4, r4, #1
100029c2:	d306      	bcc.n	100029d2 <da_3>

100029c4 <da_4>:
100029c4:	3001      	adds	r0, #1
100029c6:	d300      	bcc.n	100029ca <da_4+0x6>
100029c8:	3101      	adds	r1, #1
100029ca:	2c00      	cmp	r4, #0
100029cc:	d101      	bne.n	100029d2 <da_3>
100029ce:	0840      	lsrs	r0, r0, #1
100029d0:	0040      	lsls	r0, r0, #1

100029d2 <da_3>:
100029d2:	3a01      	subs	r2, #1
100029d4:	d40b      	bmi.n	100029ee <da_6>
100029d6:	1c94      	adds	r4, r2, #2
100029d8:	0ae4      	lsrs	r4, r4, #11
100029da:	d104      	bne.n	100029e6 <da_7>
100029dc:	0512      	lsls	r2, r2, #20
100029de:	4411      	add	r1, r2
100029e0:	07db      	lsls	r3, r3, #31
100029e2:	4419      	add	r1, r3
100029e4:	bdf0      	pop	{r4, r5, r6, r7, pc}

100029e6 <da_7>:
100029e6:	07d9      	lsls	r1, r3, #31
100029e8:	4b20      	ldr	r3, [pc, #128]	; (10002a6c <da_xmgty+0x4>)
100029ea:	4319      	orrs	r1, r3
100029ec:	e000      	b.n	100029f0 <da_6+0x2>

100029ee <da_6>:
100029ee:	07d9      	lsls	r1, r3, #31
100029f0:	2000      	movs	r0, #0
100029f2:	bdf0      	pop	{r4, r5, r6, r7, pc}

100029f4 <da_5>:
100029f4:	2900      	cmp	r1, #0
100029f6:	d1dd      	bne.n	100029b4 <da_2>
100029f8:	2c00      	cmp	r4, #0
100029fa:	d1db      	bne.n	100029b4 <da_2>
100029fc:	bdf0      	pop	{r4, r5, r6, r7, pc}

100029fe <da_0>:
100029fe:	3201      	adds	r2, #1
10002a00:	07c6      	lsls	r6, r0, #31
10002a02:	0840      	lsrs	r0, r0, #1
10002a04:	07cd      	lsls	r5, r1, #31
10002a06:	4328      	orrs	r0, r5
10002a08:	0849      	lsrs	r1, r1, #1
10002a0a:	2e00      	cmp	r6, #0
10002a0c:	d0e1      	beq.n	100029d2 <da_3>
10002a0e:	e7d9      	b.n	100029c4 <da_4>

10002a10 <da_xrgty>:
10002a10:	2e3c      	cmp	r6, #60	; 0x3c
10002a12:	da29      	bge.n	10002a68 <da_xmgty>
10002a14:	3e20      	subs	r6, #32
10002a16:	3740      	adds	r7, #64	; 0x40
10002a18:	0014      	movs	r4, r2
10002a1a:	40bc      	lsls	r4, r7
10002a1c:	d000      	beq.n	10002a20 <da_xrgty+0x10>
10002a1e:	2401      	movs	r4, #1
10002a20:	40f2      	lsrs	r2, r6
10002a22:	4314      	orrs	r4, r2
10002a24:	001a      	movs	r2, r3
10002a26:	40bb      	lsls	r3, r7
10002a28:	431c      	orrs	r4, r3
10002a2a:	17d3      	asrs	r3, r2, #31
10002a2c:	e7ac      	b.n	10002988 <da_xgty0>

10002a2e <da_ygtx>:
10002a2e:	46ac      	mov	ip, r5
10002a30:	2f20      	cmp	r7, #32
10002a32:	da08      	bge.n	10002a46 <da_yrgtx>
10002a34:	3620      	adds	r6, #32
10002a36:	0004      	movs	r4, r0
10002a38:	40b4      	lsls	r4, r6

10002a3a <da_ygtx0>:
10002a3a:	000d      	movs	r5, r1
10002a3c:	40b5      	lsls	r5, r6
10002a3e:	40f8      	lsrs	r0, r7
10002a40:	4139      	asrs	r1, r7
10002a42:	4328      	orrs	r0, r5
10002a44:	e7a5      	b.n	10002992 <da_add>

10002a46 <da_yrgtx>:
10002a46:	2f3c      	cmp	r7, #60	; 0x3c
10002a48:	da0c      	bge.n	10002a64 <da_ymgtx>
10002a4a:	3f20      	subs	r7, #32
10002a4c:	3640      	adds	r6, #64	; 0x40
10002a4e:	0004      	movs	r4, r0
10002a50:	40b4      	lsls	r4, r6
10002a52:	d000      	beq.n	10002a56 <da_yrgtx+0x10>
10002a54:	2401      	movs	r4, #1
10002a56:	40f8      	lsrs	r0, r7
10002a58:	4304      	orrs	r4, r0
10002a5a:	0008      	movs	r0, r1
10002a5c:	40b1      	lsls	r1, r6
10002a5e:	430c      	orrs	r4, r1
10002a60:	17c1      	asrs	r1, r0, #31
10002a62:	e7ea      	b.n	10002a3a <da_ygtx0>

10002a64 <da_ymgtx>:
10002a64:	0010      	movs	r0, r2
10002a66:	0019      	movs	r1, r3

10002a68 <da_xmgty>:
10002a68:	2400      	movs	r4, #0
10002a6a:	e794      	b.n	10002996 <da_pack>
10002a6c:	7ff00000 	.word	0x7ff00000

10002a70 <dmul_shim>:
10002a70:	b5f0      	push	{r4, r5, r6, r7, lr}
10002a72:	0d0c      	lsrs	r4, r1, #20
10002a74:	1e66      	subs	r6, r4, #1
10002a76:	0536      	lsls	r6, r6, #20
10002a78:	1b89      	subs	r1, r1, r6
10002a7a:	0ae6      	lsrs	r6, r4, #11
10002a7c:	0564      	lsls	r4, r4, #21
10002a7e:	0d64      	lsrs	r4, r4, #21
10002a80:	d002      	beq.n	10002a88 <l12_1>
10002a82:	1c65      	adds	r5, r4, #1
10002a84:	0aed      	lsrs	r5, r5, #11
10002a86:	d004      	beq.n	10002a92 <l12_2>

10002a88 <l12_1>:
10002a88:	2000      	movs	r0, #0
10002a8a:	2101      	movs	r1, #1
10002a8c:	0509      	lsls	r1, r1, #20
10002a8e:	3c80      	subs	r4, #128	; 0x80
10002a90:	0324      	lsls	r4, r4, #12

10002a92 <l12_2>:
10002a92:	46a4      	mov	ip, r4
10002a94:	0d1c      	lsrs	r4, r3, #20
10002a96:	1e67      	subs	r7, r4, #1
10002a98:	053f      	lsls	r7, r7, #20
10002a9a:	1bdb      	subs	r3, r3, r7
10002a9c:	0ae7      	lsrs	r7, r4, #11
10002a9e:	0564      	lsls	r4, r4, #21
10002aa0:	0d64      	lsrs	r4, r4, #21
10002aa2:	d002      	beq.n	10002aaa <l13_1>
10002aa4:	1c65      	adds	r5, r4, #1
10002aa6:	0aed      	lsrs	r5, r5, #11
10002aa8:	d004      	beq.n	10002ab4 <l13_2>

10002aaa <l13_1>:
10002aaa:	2200      	movs	r2, #0
10002aac:	2301      	movs	r3, #1
10002aae:	051b      	lsls	r3, r3, #20
10002ab0:	3c80      	subs	r4, #128	; 0x80
10002ab2:	0324      	lsls	r4, r4, #12

10002ab4 <l13_2>:
10002ab4:	4077      	eors	r7, r6
10002ab6:	4464      	add	r4, ip
10002ab8:	b497      	push	{r0, r1, r2, r4, r7}
10002aba:	b284      	uxth	r4, r0
10002abc:	b296      	uxth	r6, r2
10002abe:	4374      	muls	r4, r6
10002ac0:	0c07      	lsrs	r7, r0, #16
10002ac2:	437e      	muls	r6, r7
10002ac4:	0c15      	lsrs	r5, r2, #16
10002ac6:	436f      	muls	r7, r5
10002ac8:	b280      	uxth	r0, r0
10002aca:	4368      	muls	r0, r5
10002acc:	1836      	adds	r6, r6, r0
10002ace:	d302      	bcc.n	10002ad6 <l14_1>
10002ad0:	2001      	movs	r0, #1
10002ad2:	0400      	lsls	r0, r0, #16
10002ad4:	183f      	adds	r7, r7, r0

10002ad6 <l14_1>:
10002ad6:	0430      	lsls	r0, r6, #16
10002ad8:	0c35      	lsrs	r5, r6, #16
10002ada:	1900      	adds	r0, r0, r4
10002adc:	417d      	adcs	r5, r7
10002ade:	4684      	mov	ip, r0
10002ae0:	b288      	uxth	r0, r1
10002ae2:	b29a      	uxth	r2, r3
10002ae4:	4350      	muls	r0, r2
10002ae6:	0c0c      	lsrs	r4, r1, #16
10002ae8:	4362      	muls	r2, r4
10002aea:	0c1f      	lsrs	r7, r3, #16
10002aec:	437c      	muls	r4, r7
10002aee:	b28e      	uxth	r6, r1
10002af0:	437e      	muls	r6, r7
10002af2:	1992      	adds	r2, r2, r6
10002af4:	d302      	bcc.n	10002afc <l15_1>
10002af6:	2601      	movs	r6, #1
10002af8:	0436      	lsls	r6, r6, #16
10002afa:	19a4      	adds	r4, r4, r6

10002afc <l15_1>:
10002afc:	0416      	lsls	r6, r2, #16
10002afe:	0c17      	lsrs	r7, r2, #16
10002b00:	1836      	adds	r6, r6, r0
10002b02:	4167      	adcs	r7, r4
10002b04:	bc01      	pop	{r0}
10002b06:	b281      	uxth	r1, r0
10002b08:	b29a      	uxth	r2, r3
10002b0a:	4351      	muls	r1, r2
10002b0c:	0c04      	lsrs	r4, r0, #16
10002b0e:	4362      	muls	r2, r4
10002b10:	0c1b      	lsrs	r3, r3, #16
10002b12:	435c      	muls	r4, r3
10002b14:	b280      	uxth	r0, r0
10002b16:	4358      	muls	r0, r3
10002b18:	1812      	adds	r2, r2, r0
10002b1a:	d302      	bcc.n	10002b22 <l16_1>
10002b1c:	2001      	movs	r0, #1
10002b1e:	0400      	lsls	r0, r0, #16
10002b20:	1824      	adds	r4, r4, r0

10002b22 <l16_1>:
10002b22:	0410      	lsls	r0, r2, #16
10002b24:	0c13      	lsrs	r3, r2, #16
10002b26:	1840      	adds	r0, r0, r1
10002b28:	4163      	adcs	r3, r4
10002b2a:	182d      	adds	r5, r5, r0
10002b2c:	415e      	adcs	r6, r3
10002b2e:	2000      	movs	r0, #0
10002b30:	4147      	adcs	r7, r0
10002b32:	bc06      	pop	{r1, r2}
10002b34:	b288      	uxth	r0, r1
10002b36:	b293      	uxth	r3, r2
10002b38:	4358      	muls	r0, r3
10002b3a:	0c0c      	lsrs	r4, r1, #16
10002b3c:	4363      	muls	r3, r4
10002b3e:	0c12      	lsrs	r2, r2, #16
10002b40:	4354      	muls	r4, r2
10002b42:	b289      	uxth	r1, r1
10002b44:	4351      	muls	r1, r2
10002b46:	185b      	adds	r3, r3, r1
10002b48:	d302      	bcc.n	10002b50 <l17_1>
10002b4a:	2101      	movs	r1, #1
10002b4c:	0409      	lsls	r1, r1, #16
10002b4e:	1864      	adds	r4, r4, r1

10002b50 <l17_1>:
10002b50:	0419      	lsls	r1, r3, #16
10002b52:	0c1a      	lsrs	r2, r3, #16
10002b54:	1809      	adds	r1, r1, r0
10002b56:	4162      	adcs	r2, r4
10002b58:	186d      	adds	r5, r5, r1
10002b5a:	4156      	adcs	r6, r2
10002b5c:	2000      	movs	r0, #0
10002b5e:	4147      	adcs	r7, r0
10002b60:	bc18      	pop	{r3, r4}
10002b62:	02f9      	lsls	r1, r7, #11
10002b64:	0d72      	lsrs	r2, r6, #21
10002b66:	4311      	orrs	r1, r2
10002b68:	02f0      	lsls	r0, r6, #11
10002b6a:	0d6a      	lsrs	r2, r5, #21
10002b6c:	4310      	orrs	r0, r2
10002b6e:	02ed      	lsls	r5, r5, #11
10002b70:	0d0a      	lsrs	r2, r1, #20
10002b72:	d103      	bne.n	10002b7c <l17_1+0x2c>
10002b74:	196d      	adds	r5, r5, r5
10002b76:	4140      	adcs	r0, r0
10002b78:	4149      	adcs	r1, r1
10002b7a:	3b01      	subs	r3, #1
10002b7c:	4e12      	ldr	r6, [pc, #72]	; (10002bc8 <dm_1+0xa>)
10002b7e:	1b9b      	subs	r3, r3, r6
10002b80:	0076      	lsls	r6, r6, #1
10002b82:	42b3      	cmp	r3, r6
10002b84:	d20e      	bcs.n	10002ba4 <dm_0>
10002b86:	006d      	lsls	r5, r5, #1
10002b88:	d307      	bcc.n	10002b9a <l17_1+0x4a>
10002b8a:	3001      	adds	r0, #1
10002b8c:	2600      	movs	r6, #0
10002b8e:	4171      	adcs	r1, r6
10002b90:	4666      	mov	r6, ip
10002b92:	4335      	orrs	r5, r6
10002b94:	d101      	bne.n	10002b9a <l17_1+0x4a>
10002b96:	0840      	lsrs	r0, r0, #1
10002b98:	0040      	lsls	r0, r0, #1
10002b9a:	051b      	lsls	r3, r3, #20
10002b9c:	18c9      	adds	r1, r1, r3

10002b9e <dm_2>:
10002b9e:	07e4      	lsls	r4, r4, #31
10002ba0:	4421      	add	r1, r4
10002ba2:	bdf0      	pop	{r4, r5, r6, r7, pc}

10002ba4 <dm_0>:
10002ba4:	da0b      	bge.n	10002bbe <dm_1>
10002ba6:	3301      	adds	r3, #1
10002ba8:	d106      	bne.n	10002bb8 <dm_0+0x14>
10002baa:	3001      	adds	r0, #1
10002bac:	d104      	bne.n	10002bb8 <dm_0+0x14>
10002bae:	3101      	adds	r1, #1
10002bb0:	0d4f      	lsrs	r7, r1, #21
10002bb2:	d001      	beq.n	10002bb8 <dm_0+0x14>
10002bb4:	0849      	lsrs	r1, r1, #1
10002bb6:	e7f2      	b.n	10002b9e <dm_2>
10002bb8:	07e1      	lsls	r1, r4, #31
10002bba:	2000      	movs	r0, #0
10002bbc:	bdf0      	pop	{r4, r5, r6, r7, pc}

10002bbe <dm_1>:
10002bbe:	3601      	adds	r6, #1
10002bc0:	0531      	lsls	r1, r6, #20
10002bc2:	2000      	movs	r0, #0
10002bc4:	e7eb      	b.n	10002b9e <dm_2>
10002bc6:	0000      	.short	0x0000
10002bc8:	000003ff 	.word	0x000003ff

10002bcc <ddiv_shim>:
10002bcc:	b5f0      	push	{r4, r5, r6, r7, lr}

10002bce <ddiv0>:
10002bce:	0d1c      	lsrs	r4, r3, #20
10002bd0:	1e67      	subs	r7, r4, #1
10002bd2:	053f      	lsls	r7, r7, #20
10002bd4:	1bdb      	subs	r3, r3, r7
10002bd6:	0ae7      	lsrs	r7, r4, #11
10002bd8:	0564      	lsls	r4, r4, #21
10002bda:	0d64      	lsrs	r4, r4, #21
10002bdc:	d002      	beq.n	10002be4 <l20_1>
10002bde:	1c66      	adds	r6, r4, #1
10002be0:	0af6      	lsrs	r6, r6, #11
10002be2:	d004      	beq.n	10002bee <l20_2>

10002be4 <l20_1>:
10002be4:	2200      	movs	r2, #0
10002be6:	2301      	movs	r3, #1
10002be8:	051b      	lsls	r3, r3, #20
10002bea:	3c80      	subs	r4, #128	; 0x80
10002bec:	0324      	lsls	r4, r4, #12

10002bee <l20_2>:
10002bee:	25d0      	movs	r5, #208	; 0xd0
10002bf0:	062d      	lsls	r5, r5, #24
10002bf2:	2600      	movs	r6, #0
10002bf4:	43f6      	mvns	r6, r6
10002bf6:	662e      	str	r6, [r5, #96]	; 0x60
10002bf8:	091e      	lsrs	r6, r3, #4
10002bfa:	666e      	str	r6, [r5, #100]	; 0x64
10002bfc:	0fce      	lsrs	r6, r1, #31
10002bfe:	19f6      	adds	r6, r6, r7
10002c00:	46b4      	mov	ip, r6
10002c02:	0049      	lsls	r1, r1, #1
10002c04:	0d4f      	lsrs	r7, r1, #21
10002c06:	d002      	beq.n	10002c0e <l20_2+0x20>
10002c08:	1c7e      	adds	r6, r7, #1
10002c0a:	0af6      	lsrs	r6, r6, #11
10002c0c:	d003      	beq.n	10002c16 <l20_2+0x28>
10002c0e:	2000      	movs	r0, #0
10002c10:	2100      	movs	r1, #0
10002c12:	3f40      	subs	r7, #64	; 0x40
10002c14:	033f      	lsls	r7, r7, #12
10002c16:	1b3e      	subs	r6, r7, r4
10002c18:	00b6      	lsls	r6, r6, #2
10002c1a:	44b4      	add	ip, r6
10002c1c:	3f01      	subs	r7, #1
10002c1e:	057f      	lsls	r7, r7, #21
10002c20:	1bc9      	subs	r1, r1, r7
10002c22:	0849      	lsrs	r1, r1, #1
10002c24:	6f2e      	ldr	r6, [r5, #112]	; 0x70
10002c26:	3601      	adds	r6, #1
10002c28:	0876      	lsrs	r6, r6, #1
10002c2a:	029c      	lsls	r4, r3, #10
10002c2c:	0d95      	lsrs	r5, r2, #22
10002c2e:	4325      	orrs	r5, r4
10002c30:	4375      	muls	r5, r6
10002c32:	13ed      	asrs	r5, r5, #15
10002c34:	4375      	muls	r5, r6
10002c36:	13ad      	asrs	r5, r5, #14
10002c38:	3501      	adds	r5, #1
10002c3a:	106d      	asrs	r5, r5, #1
10002c3c:	03f6      	lsls	r6, r6, #15
10002c3e:	1b76      	subs	r6, r6, r5
10002c40:	b40c      	push	{r2, r3}
10002c42:	02cc      	lsls	r4, r1, #11
10002c44:	0d45      	lsrs	r5, r0, #21
10002c46:	432c      	orrs	r4, r5
10002c48:	b2a2      	uxth	r2, r4
10002c4a:	b2b3      	uxth	r3, r6
10002c4c:	435a      	muls	r2, r3
10002c4e:	0c27      	lsrs	r7, r4, #16
10002c50:	437b      	muls	r3, r7
10002c52:	0c35      	lsrs	r5, r6, #16
10002c54:	436f      	muls	r7, r5
10002c56:	b2a4      	uxth	r4, r4
10002c58:	436c      	muls	r4, r5
10002c5a:	191b      	adds	r3, r3, r4
10002c5c:	d302      	bcc.n	10002c64 <l21_1>
10002c5e:	2401      	movs	r4, #1
10002c60:	0424      	lsls	r4, r4, #16
10002c62:	193f      	adds	r7, r7, r4

10002c64 <l21_1>:
10002c64:	041c      	lsls	r4, r3, #16
10002c66:	0c1d      	lsrs	r5, r3, #16
10002c68:	18a4      	adds	r4, r4, r2
10002c6a:	417d      	adcs	r5, r7
10002c6c:	1924      	adds	r4, r4, r4
10002c6e:	416d      	adcs	r5, r5
10002c70:	9a00      	ldr	r2, [sp, #0]
10002c72:	b291      	uxth	r1, r2
10002c74:	b2ac      	uxth	r4, r5
10002c76:	4361      	muls	r1, r4
10002c78:	0c17      	lsrs	r7, r2, #16
10002c7a:	437c      	muls	r4, r7
10002c7c:	0c2b      	lsrs	r3, r5, #16
10002c7e:	435f      	muls	r7, r3
10002c80:	b292      	uxth	r2, r2
10002c82:	435a      	muls	r2, r3
10002c84:	18a4      	adds	r4, r4, r2
10002c86:	d302      	bcc.n	10002c8e <l22_1>
10002c88:	2201      	movs	r2, #1
10002c8a:	0412      	lsls	r2, r2, #16
10002c8c:	18bf      	adds	r7, r7, r2

10002c8e <l22_1>:
10002c8e:	0422      	lsls	r2, r4, #16
10002c90:	0c23      	lsrs	r3, r4, #16
10002c92:	1852      	adds	r2, r2, r1
10002c94:	417b      	adcs	r3, r7
10002c96:	9c01      	ldr	r4, [sp, #4]
10002c98:	436c      	muls	r4, r5
10002c9a:	191b      	adds	r3, r3, r4
10002c9c:	0e52      	lsrs	r2, r2, #25
10002c9e:	01d9      	lsls	r1, r3, #7
10002ca0:	430a      	orrs	r2, r1
10002ca2:	0144      	lsls	r4, r0, #5
10002ca4:	1aa0      	subs	r0, r4, r2
10002ca6:	b281      	uxth	r1, r0
10002ca8:	b2b2      	uxth	r2, r6
10002caa:	4351      	muls	r1, r2
10002cac:	1403      	asrs	r3, r0, #16
10002cae:	435a      	muls	r2, r3
10002cb0:	0c36      	lsrs	r6, r6, #16
10002cb2:	4373      	muls	r3, r6
10002cb4:	b287      	uxth	r7, r0
10002cb6:	4377      	muls	r7, r6
10002cb8:	17d6      	asrs	r6, r2, #31
10002cba:	19d2      	adds	r2, r2, r7
10002cbc:	2700      	movs	r7, #0
10002cbe:	417e      	adcs	r6, r7
10002cc0:	0436      	lsls	r6, r6, #16
10002cc2:	199b      	adds	r3, r3, r6
10002cc4:	0417      	lsls	r7, r2, #16
10002cc6:	0c16      	lsrs	r6, r2, #16
10002cc8:	187f      	adds	r7, r7, r1
10002cca:	415e      	adcs	r6, r3
10002ccc:	1673      	asrs	r3, r6, #25
10002cce:	18ed      	adds	r5, r5, r3
10002cd0:	01f3      	lsls	r3, r6, #7
10002cd2:	2600      	movs	r6, #0
10002cd4:	3380      	adds	r3, #128	; 0x80
10002cd6:	4175      	adcs	r5, r6
10002cd8:	0fa9      	lsrs	r1, r5, #30
10002cda:	d106      	bne.n	10002cea <dd_0>
10002cdc:	0064      	lsls	r4, r4, #1
10002cde:	0a69      	lsrs	r1, r5, #9
10002ce0:	05e8      	lsls	r0, r5, #23
10002ce2:	0a5b      	lsrs	r3, r3, #9
10002ce4:	4318      	orrs	r0, r3
10002ce6:	d209      	bcs.n	10002cfc <dd_1>
10002ce8:	e02f      	b.n	10002d4a <dd_2>

10002cea <dd_0>:
10002cea:	2204      	movs	r2, #4
10002cec:	4494      	add	ip, r2
10002cee:	3380      	adds	r3, #128	; 0x80
10002cf0:	4175      	adcs	r5, r6
10002cf2:	0aa9      	lsrs	r1, r5, #10
10002cf4:	05a8      	lsls	r0, r5, #22
10002cf6:	0a9b      	lsrs	r3, r3, #10
10002cf8:	4318      	orrs	r0, r3
10002cfa:	d326      	bcc.n	10002d4a <dd_2>

10002cfc <dd_1>:
10002cfc:	4140      	adcs	r0, r0
10002cfe:	4149      	adcs	r1, r1
10002d00:	0424      	lsls	r4, r4, #16
10002d02:	9a00      	ldr	r2, [sp, #0]
10002d04:	9b01      	ldr	r3, [sp, #4]
10002d06:	000d      	movs	r5, r1
10002d08:	4355      	muls	r5, r2
10002d0a:	1b64      	subs	r4, r4, r5
10002d0c:	4343      	muls	r3, r0
10002d0e:	1ae4      	subs	r4, r4, r3
10002d10:	b295      	uxth	r5, r2
10002d12:	b286      	uxth	r6, r0
10002d14:	4375      	muls	r5, r6
10002d16:	0c17      	lsrs	r7, r2, #16
10002d18:	437e      	muls	r6, r7
10002d1a:	0c03      	lsrs	r3, r0, #16
10002d1c:	435f      	muls	r7, r3
10002d1e:	b292      	uxth	r2, r2
10002d20:	435a      	muls	r2, r3
10002d22:	18b6      	adds	r6, r6, r2
10002d24:	d302      	bcc.n	10002d2c <l24_1>
10002d26:	2201      	movs	r2, #1
10002d28:	0412      	lsls	r2, r2, #16
10002d2a:	18bf      	adds	r7, r7, r2

10002d2c <l24_1>:
10002d2c:	0432      	lsls	r2, r6, #16
10002d2e:	0c33      	lsrs	r3, r6, #16
10002d30:	1952      	adds	r2, r2, r5
10002d32:	417b      	adcs	r3, r7
10002d34:	4252      	negs	r2, r2
10002d36:	419c      	sbcs	r4, r3
10002d38:	2c00      	cmp	r4, #0
10002d3a:	d402      	bmi.n	10002d42 <l24_1+0x16>
10002d3c:	2200      	movs	r2, #0
10002d3e:	3001      	adds	r0, #1
10002d40:	4151      	adcs	r1, r2
10002d42:	0840      	lsrs	r0, r0, #1
10002d44:	07ca      	lsls	r2, r1, #31
10002d46:	4310      	orrs	r0, r2
10002d48:	0849      	lsrs	r1, r1, #1

10002d4a <dd_2>:
10002d4a:	b002      	add	sp, #8
10002d4c:	4662      	mov	r2, ip
10002d4e:	07d7      	lsls	r7, r2, #31
10002d50:	1092      	asrs	r2, r2, #2
10002d52:	4b08      	ldr	r3, [pc, #32]	; (10002d74 <dd_4+0x6>)
10002d54:	18d2      	adds	r2, r2, r3
10002d56:	4b08      	ldr	r3, [pc, #32]	; (10002d78 <dd_4+0xa>)
10002d58:	429a      	cmp	r2, r3
10002d5a:	d203      	bcs.n	10002d64 <dd_3>
10002d5c:	0512      	lsls	r2, r2, #20
10002d5e:	1889      	adds	r1, r1, r2

10002d60 <dd_5>:
10002d60:	19c9      	adds	r1, r1, r7
10002d62:	bdf0      	pop	{r4, r5, r6, r7, pc}

10002d64 <dd_3>:
10002d64:	2000      	movs	r0, #0
10002d66:	2a00      	cmp	r2, #0
10002d68:	dc01      	bgt.n	10002d6e <dd_4>
10002d6a:	0039      	movs	r1, r7
10002d6c:	bdf0      	pop	{r4, r5, r6, r7, pc}

10002d6e <dd_4>:
10002d6e:	3301      	adds	r3, #1
10002d70:	0519      	lsls	r1, r3, #20
10002d72:	e7f5      	b.n	10002d60 <dd_5>
10002d74:	000003fd 	.word	0x000003fd
10002d78:	000007fe 	.word	0x000007fe

10002d7c <double2uint_shim>:
10002d7c:	2200      	movs	r2, #0

10002d7e <double2ufix_shim>:
10002d7e:	b500      	push	{lr}
10002d80:	3220      	adds	r2, #32
10002d82:	f000 f804 	bl	10002d8e <double2ufix64_shim>
10002d86:	0008      	movs	r0, r1
10002d88:	bd00      	pop	{pc}
	...

10002d8c <double2uint64_shim>:
10002d8c:	2200      	movs	r2, #0

10002d8e <double2ufix64_shim>:
10002d8e:	150b      	asrs	r3, r1, #20
10002d90:	d40a      	bmi.n	10002da8 <ret_dzero>

10002d92 <d2fix>:
10002d92:	b510      	push	{r4, lr}
10002d94:	4694      	mov	ip, r2
10002d96:	f000 f85f 	bl	10002e58 <dunpacks>
10002d9a:	1414      	asrs	r4, r2, #16
10002d9c:	3401      	adds	r4, #1
10002d9e:	da00      	bge.n	10002da2 <d2fix+0x10>
10002da0:	2100      	movs	r1, #0
10002da2:	17cb      	asrs	r3, r1, #31
10002da4:	4c14      	ldr	r4, [pc, #80]	; (10002df8 <d2fix_a+0x4a>)
10002da6:	4720      	bx	r4

10002da8 <ret_dzero>:
10002da8:	2000      	movs	r0, #0
10002daa:	2100      	movs	r1, #0
10002dac:	4770      	bx	lr

10002dae <d2fix_a>:
10002dae:	4462      	add	r2, ip
10002db0:	3a34      	subs	r2, #52	; 0x34
10002db2:	d40c      	bmi.n	10002dce <d2fix_a+0x20>
10002db4:	2a0c      	cmp	r2, #12
10002db6:	da07      	bge.n	10002dc8 <d2fix_a+0x1a>
10002db8:	0004      	movs	r4, r0
10002dba:	4091      	lsls	r1, r2
10002dbc:	4090      	lsls	r0, r2
10002dbe:	4252      	negs	r2, r2
10002dc0:	3220      	adds	r2, #32
10002dc2:	40d4      	lsrs	r4, r2
10002dc4:	4321      	orrs	r1, r4
10002dc6:	bd10      	pop	{r4, pc}
10002dc8:	43d8      	mvns	r0, r3
10002dca:	43d9      	mvns	r1, r3
10002dcc:	bd10      	pop	{r4, pc}
10002dce:	3220      	adds	r2, #32
10002dd0:	d407      	bmi.n	10002de2 <d2fix_a+0x34>
10002dd2:	460c      	mov	r4, r1
10002dd4:	4094      	lsls	r4, r2
10002dd6:	4252      	negs	r2, r2
10002dd8:	3220      	adds	r2, #32
10002dda:	4111      	asrs	r1, r2
10002ddc:	40d0      	lsrs	r0, r2
10002dde:	4320      	orrs	r0, r4
10002de0:	bd10      	pop	{r4, pc}
10002de2:	0008      	movs	r0, r1
10002de4:	17c9      	asrs	r1, r1, #31
10002de6:	3220      	adds	r2, #32
10002de8:	d403      	bmi.n	10002df2 <d2fix_a+0x44>
10002dea:	4252      	negs	r2, r2
10002dec:	3220      	adds	r2, #32
10002dee:	4110      	asrs	r0, r2
10002df0:	bd10      	pop	{r4, pc}
10002df2:	0018      	movs	r0, r3
10002df4:	0019      	movs	r1, r3
10002df6:	bd10      	pop	{r4, pc}
10002df8:	10002daf 	.word	0x10002daf

10002dfc <double2float_shim>:
10002dfc:	004a      	lsls	r2, r1, #1
10002dfe:	0d52      	lsrs	r2, r2, #21
10002e00:	4b14      	ldr	r3, [pc, #80]	; (10002e54 <double2float_shim+0x58>)
10002e02:	1ad2      	subs	r2, r2, r3
10002e04:	dd13      	ble.n	10002e2e <double2float_shim+0x32>
10002e06:	2aff      	cmp	r2, #255	; 0xff
10002e08:	da1e      	bge.n	10002e48 <double2float_shim+0x4c>
10002e0a:	05d2      	lsls	r2, r2, #23
10002e0c:	0fcb      	lsrs	r3, r1, #31
10002e0e:	07db      	lsls	r3, r3, #31
10002e10:	431a      	orrs	r2, r3
10002e12:	00c3      	lsls	r3, r0, #3
10002e14:	0f40      	lsrs	r0, r0, #29
10002e16:	0309      	lsls	r1, r1, #12
10002e18:	0a49      	lsrs	r1, r1, #9
10002e1a:	4308      	orrs	r0, r1
10002e1c:	4310      	orrs	r0, r2
10002e1e:	005b      	lsls	r3, r3, #1
10002e20:	d301      	bcc.n	10002e26 <double2float_shim+0x2a>
10002e22:	d001      	beq.n	10002e28 <double2float_shim+0x2c>
10002e24:	3001      	adds	r0, #1
10002e26:	4770      	bx	lr
10002e28:	0843      	lsrs	r3, r0, #1
10002e2a:	d2fb      	bcs.n	10002e24 <double2float_shim+0x28>
10002e2c:	4770      	bx	lr
10002e2e:	d002      	beq.n	10002e36 <double2float_shim+0x3a>
10002e30:	0fc8      	lsrs	r0, r1, #31
10002e32:	07c0      	lsls	r0, r0, #31
10002e34:	4770      	bx	lr
10002e36:	030a      	lsls	r2, r1, #12
10002e38:	1312      	asrs	r2, r2, #12
10002e3a:	3201      	adds	r2, #1
10002e3c:	d1f8      	bne.n	10002e30 <double2float_shim+0x34>
10002e3e:	0f42      	lsrs	r2, r0, #29
10002e40:	2a07      	cmp	r2, #7
10002e42:	d1f5      	bne.n	10002e30 <double2float_shim+0x34>
10002e44:	2201      	movs	r2, #1
10002e46:	e000      	b.n	10002e4a <double2float_shim+0x4e>
10002e48:	22ff      	movs	r2, #255	; 0xff
10002e4a:	0fc8      	lsrs	r0, r1, #31
10002e4c:	0200      	lsls	r0, r0, #8
10002e4e:	1880      	adds	r0, r0, r2
10002e50:	05c0      	lsls	r0, r0, #23
10002e52:	4770      	bx	lr
10002e54:	00000380 	.word	0x00000380

10002e58 <dunpacks>:
10002e58:	0d0a      	lsrs	r2, r1, #20
10002e5a:	0fcc      	lsrs	r4, r1, #31
10002e5c:	1e53      	subs	r3, r2, #1
10002e5e:	051b      	lsls	r3, r3, #20
10002e60:	1ac9      	subs	r1, r1, r3
10002e62:	0552      	lsls	r2, r2, #21
10002e64:	d303      	bcc.n	10002e6e <l60_1>
10002e66:	43c9      	mvns	r1, r1
10002e68:	4240      	negs	r0, r0
10002e6a:	d300      	bcc.n	10002e6e <l60_1>
10002e6c:	3101      	adds	r1, #1

10002e6e <l60_1>:
10002e6e:	0d52      	lsrs	r2, r2, #21
10002e70:	d003      	beq.n	10002e7a <l60_2>
10002e72:	1c53      	adds	r3, r2, #1
10002e74:	0adb      	lsrs	r3, r3, #11
10002e76:	d007      	beq.n	10002e88 <l60_3>
10002e78:	1b12      	subs	r2, r2, r4

10002e7a <l60_2>:
10002e7a:	2000      	movs	r0, #0
10002e7c:	0064      	lsls	r4, r4, #1
10002e7e:	1c61      	adds	r1, r4, #1
10002e80:	0789      	lsls	r1, r1, #30
10002e82:	1289      	asrs	r1, r1, #10
10002e84:	3a80      	subs	r2, #128	; 0x80
10002e86:	0312      	lsls	r2, r2, #12

10002e88 <l60_3>:
10002e88:	4b01      	ldr	r3, [pc, #4]	; (10002e90 <l60_3+0x8>)
10002e8a:	1ad2      	subs	r2, r2, r3
10002e8c:	4770      	bx	lr
10002e8e:	0000      	.short	0x0000
10002e90:	000003ff 	.word	0x000003ff

10002e94 <__wrap___aeabi_lmul>:
10002e94:	4351      	muls	r1, r2
10002e96:	4343      	muls	r3, r0
10002e98:	18c9      	adds	r1, r1, r3
10002e9a:	468c      	mov	ip, r1
10002e9c:	0c11      	lsrs	r1, r2, #16
10002e9e:	b283      	uxth	r3, r0
10002ea0:	434b      	muls	r3, r1
10002ea2:	b410      	push	{r4}
10002ea4:	0c04      	lsrs	r4, r0, #16
10002ea6:	4361      	muls	r1, r4
10002ea8:	b292      	uxth	r2, r2
10002eaa:	b280      	uxth	r0, r0
10002eac:	4350      	muls	r0, r2
10002eae:	4362      	muls	r2, r4
10002eb0:	041c      	lsls	r4, r3, #16
10002eb2:	0c1b      	lsrs	r3, r3, #16
10002eb4:	1900      	adds	r0, r0, r4
10002eb6:	bc10      	pop	{r4}
10002eb8:	4159      	adcs	r1, r3
10002eba:	0413      	lsls	r3, r2, #16
10002ebc:	0c12      	lsrs	r2, r2, #16
10002ebe:	18c0      	adds	r0, r0, r3
10002ec0:	4151      	adcs	r1, r2
10002ec2:	4461      	add	r1, ip
10002ec4:	4770      	bx	lr
	...

10002ec8 <__wrap___aeabi_frsub>:
10002ec8:	4048      	eors	r0, r1
10002eca:	4041      	eors	r1, r0
10002ecc:	4048      	eors	r0, r1

10002ece <__wrap___aeabi_fsub>:
10002ece:	4b0e      	ldr	r3, [pc, #56]	; (10002f08 <__wrap___aeabi_fmul+0x6>)
10002ed0:	685b      	ldr	r3, [r3, #4]
10002ed2:	4718      	bx	r3

10002ed4 <__wrap___aeabi_fadd>:
10002ed4:	4b0c      	ldr	r3, [pc, #48]	; (10002f08 <__wrap___aeabi_fmul+0x6>)
10002ed6:	681b      	ldr	r3, [r3, #0]
10002ed8:	4718      	bx	r3

10002eda <__wrap___aeabi_fdiv>:
10002eda:	4a0c      	ldr	r2, [pc, #48]	; (10002f0c <__wrap___aeabi_fmul+0xa>)
10002edc:	6f93      	ldr	r3, [r2, #120]	; 0x78
10002ede:	089b      	lsrs	r3, r3, #2
10002ee0:	d202      	bcs.n	10002ee8 <fdiv_save_state>

10002ee2 <fdiv_shim_call>:
10002ee2:	4b09      	ldr	r3, [pc, #36]	; (10002f08 <__wrap___aeabi_fmul+0x6>)
10002ee4:	68db      	ldr	r3, [r3, #12]
10002ee6:	4718      	bx	r3

10002ee8 <fdiv_save_state>:
10002ee8:	b5f0      	push	{r4, r5, r6, r7, lr}
10002eea:	6e14      	ldr	r4, [r2, #96]	; 0x60
10002eec:	6e55      	ldr	r5, [r2, #100]	; 0x64
10002eee:	6f57      	ldr	r7, [r2, #116]	; 0x74
10002ef0:	6f16      	ldr	r6, [r2, #112]	; 0x70
10002ef2:	f7ff fff6 	bl	10002ee2 <fdiv_shim_call>
10002ef6:	4a05      	ldr	r2, [pc, #20]	; (10002f0c <__wrap___aeabi_fmul+0xa>)
10002ef8:	6614      	str	r4, [r2, #96]	; 0x60
10002efa:	6655      	str	r5, [r2, #100]	; 0x64
10002efc:	6757      	str	r7, [r2, #116]	; 0x74
10002efe:	6716      	str	r6, [r2, #112]	; 0x70
10002f00:	bdf0      	pop	{r4, r5, r6, r7, pc}

10002f02 <__wrap___aeabi_fmul>:
10002f02:	4b01      	ldr	r3, [pc, #4]	; (10002f08 <__wrap___aeabi_fmul+0x6>)
10002f04:	689b      	ldr	r3, [r3, #8]
10002f06:	4718      	bx	r3
10002f08:	200004d0 	.word	0x200004d0
10002f0c:	d0000000 	.word	0xd0000000

10002f10 <__wrap___aeabi_cfrcmple>:
10002f10:	b507      	push	{r0, r1, r2, lr}
10002f12:	4048      	eors	r0, r1
10002f14:	4041      	eors	r1, r0
10002f16:	4048      	eors	r0, r1
10002f18:	e001      	b.n	10002f1e <__aeabi_cfcmple_guts>
10002f1a:	46c0      	nop			; (mov r8, r8)

10002f1c <__wrap___aeabi_cfcmpeq>:
10002f1c:	b507      	push	{r0, r1, r2, lr}

10002f1e <__aeabi_cfcmple_guts>:
10002f1e:	0042      	lsls	r2, r0, #1
10002f20:	0e12      	lsrs	r2, r2, #24
10002f22:	d003      	beq.n	10002f2c <__aeabi_cfcmple_guts+0xe>
10002f24:	2aff      	cmp	r2, #255	; 0xff
10002f26:	d103      	bne.n	10002f30 <__aeabi_cfcmple_guts+0x12>
10002f28:	0242      	lsls	r2, r0, #9
10002f2a:	d818      	bhi.n	10002f5e <__aeabi_cfcmple_guts+0x40>
10002f2c:	0dc0      	lsrs	r0, r0, #23
10002f2e:	05c0      	lsls	r0, r0, #23
10002f30:	004a      	lsls	r2, r1, #1
10002f32:	0e12      	lsrs	r2, r2, #24
10002f34:	d003      	beq.n	10002f3e <__aeabi_cfcmple_guts+0x20>
10002f36:	2aff      	cmp	r2, #255	; 0xff
10002f38:	d103      	bne.n	10002f42 <__aeabi_cfcmple_guts+0x24>
10002f3a:	024a      	lsls	r2, r1, #9
10002f3c:	d80f      	bhi.n	10002f5e <__aeabi_cfcmple_guts+0x40>
10002f3e:	0dc9      	lsrs	r1, r1, #23
10002f40:	05c9      	lsls	r1, r1, #23
10002f42:	2201      	movs	r2, #1
10002f44:	4041      	eors	r1, r0
10002f46:	d405      	bmi.n	10002f54 <__aeabi_cfcmple_guts+0x36>
10002f48:	4041      	eors	r1, r0
10002f4a:	d501      	bpl.n	10002f50 <__aeabi_cfcmple_guts+0x32>
10002f4c:	4281      	cmp	r1, r0
10002f4e:	bd07      	pop	{r0, r1, r2, pc}
10002f50:	4288      	cmp	r0, r1
10002f52:	bd07      	pop	{r0, r1, r2, pc}
10002f54:	4301      	orrs	r1, r0
10002f56:	1849      	adds	r1, r1, r1
10002f58:	d001      	beq.n	10002f5e <__aeabi_cfcmple_guts+0x40>
10002f5a:	43c0      	mvns	r0, r0
10002f5c:	1800      	adds	r0, r0, r0
10002f5e:	bd07      	pop	{r0, r1, r2, pc}

10002f60 <__wrap___aeabi_fcmplt>:
10002f60:	b500      	push	{lr}
10002f62:	f7ff ffdb 	bl	10002f1c <__wrap___aeabi_cfcmpeq>
10002f66:	4180      	sbcs	r0, r0
10002f68:	bd00      	pop	{pc}
10002f6a:	46c0      	nop			; (mov r8, r8)

10002f6c <__wrap___aeabi_fcmpgt>:
10002f6c:	b500      	push	{lr}
10002f6e:	f7ff ffcf 	bl	10002f10 <__wrap___aeabi_cfrcmple>
10002f72:	4180      	sbcs	r0, r0
10002f74:	bd00      	pop	{pc}

10002f76 <__wrap___aeabi_ui2f>:
10002f76:	1a49      	subs	r1, r1, r1
10002f78:	2800      	cmp	r0, #0
10002f7a:	d107      	bne.n	10002f8c <__aeabi_i2f_main>
10002f7c:	4608      	mov	r0, r1
10002f7e:	4770      	bx	lr

10002f80 <__wrap___aeabi_i2f>:
10002f80:	0fc1      	lsrs	r1, r0, #31
10002f82:	07c9      	lsls	r1, r1, #31
10002f84:	d500      	bpl.n	10002f88 <__wrap___aeabi_i2f+0x8>
10002f86:	4240      	negs	r0, r0
10002f88:	2800      	cmp	r0, #0
10002f8a:	d017      	beq.n	10002fbc <__aeabi_i2f_main+0x30>

10002f8c <__aeabi_i2f_main>:
10002f8c:	46f4      	mov	ip, lr
10002f8e:	b403      	push	{r0, r1}
10002f90:	4b0b      	ldr	r3, [pc, #44]	; (10002fc0 <__aeabi_i2f_main+0x34>)
10002f92:	681b      	ldr	r3, [r3, #0]
10002f94:	4798      	blx	r3
10002f96:	bc06      	pop	{r1, r2}
10002f98:	4081      	lsls	r1, r0
10002f9a:	389e      	subs	r0, #158	; 0x9e
10002f9c:	4240      	negs	r0, r0
10002f9e:	3180      	adds	r1, #128	; 0x80
10002fa0:	d207      	bcs.n	10002fb2 <__aeabi_i2f_main+0x26>
10002fa2:	060b      	lsls	r3, r1, #24
10002fa4:	d007      	beq.n	10002fb6 <__aeabi_i2f_main+0x2a>
10002fa6:	0049      	lsls	r1, r1, #1
10002fa8:	0a49      	lsrs	r1, r1, #9
10002faa:	05c0      	lsls	r0, r0, #23
10002fac:	4310      	orrs	r0, r2
10002fae:	4308      	orrs	r0, r1
10002fb0:	4760      	bx	ip
10002fb2:	3001      	adds	r0, #1
10002fb4:	e7f8      	b.n	10002fa8 <__aeabi_i2f_main+0x1c>
10002fb6:	0a49      	lsrs	r1, r1, #9
10002fb8:	0289      	lsls	r1, r1, #10
10002fba:	e7f5      	b.n	10002fa8 <__aeabi_i2f_main+0x1c>
10002fbc:	4770      	bx	lr
10002fbe:	0000      	.short	0x0000
10002fc0:	20000648 	.word	0x20000648

10002fc4 <__wrap___aeabi_f2d>:
10002fc4:	4b03      	ldr	r3, [pc, #12]	; (10002fd4 <__wrap___aeabi_f2d+0x10>)
10002fc6:	6fdb      	ldr	r3, [r3, #124]	; 0x7c
10002fc8:	46fc      	mov	ip, pc
10002fca:	4718      	bx	r3
10002fcc:	3069df7c 	.word	0x3069df7c
10002fd0:	00001000 	.word	0x00001000
10002fd4:	200004d0 	.word	0x200004d0

10002fd8 <__aeabi_float_init>:
10002fd8:	2313      	movs	r3, #19
10002fda:	b510      	push	{r4, lr}
10002fdc:	4812      	ldr	r0, [pc, #72]	; (10003028 <__aeabi_float_init+0x50>)
10002fde:	781c      	ldrb	r4, [r3, #0]
10002fe0:	f7fe ffb6 	bl	10001f50 <rom_data_lookup>
10002fe4:	0001      	movs	r1, r0
10002fe6:	2c01      	cmp	r4, #1
10002fe8:	d00a      	beq.n	10003000 <__aeabi_float_init+0x28>
10002fea:	dd03      	ble.n	10002ff4 <__aeabi_float_init+0x1c>
10002fec:	2280      	movs	r2, #128	; 0x80
10002fee:	480f      	ldr	r0, [pc, #60]	; (1000302c <__aeabi_float_init+0x54>)
10002ff0:	f000 f85a 	bl	100030a8 <__wrap___aeabi_memcpy>
10002ff4:	480e      	ldr	r0, [pc, #56]	; (10003030 <__aeabi_float_init+0x58>)
10002ff6:	f7fe ffa3 	bl	10001f40 <rom_func_lookup>
10002ffa:	4b0e      	ldr	r3, [pc, #56]	; (10003034 <__aeabi_float_init+0x5c>)
10002ffc:	6018      	str	r0, [r3, #0]
10002ffe:	bd10      	pop	{r4, pc}
10003000:	4c0a      	ldr	r4, [pc, #40]	; (1000302c <__aeabi_float_init+0x54>)
10003002:	2254      	movs	r2, #84	; 0x54
10003004:	0020      	movs	r0, r4
10003006:	f000 f84f 	bl	100030a8 <__wrap___aeabi_memcpy>
1000300a:	4b0b      	ldr	r3, [pc, #44]	; (10003038 <__aeabi_float_init+0x60>)
1000300c:	6563      	str	r3, [r4, #84]	; 0x54
1000300e:	65a3      	str	r3, [r4, #88]	; 0x58
10003010:	65e3      	str	r3, [r4, #92]	; 0x5c
10003012:	6623      	str	r3, [r4, #96]	; 0x60
10003014:	6663      	str	r3, [r4, #100]	; 0x64
10003016:	66a3      	str	r3, [r4, #104]	; 0x68
10003018:	66e3      	str	r3, [r4, #108]	; 0x6c
1000301a:	6723      	str	r3, [r4, #112]	; 0x70
1000301c:	6763      	str	r3, [r4, #116]	; 0x74
1000301e:	67a3      	str	r3, [r4, #120]	; 0x78
10003020:	67e3      	str	r3, [r4, #124]	; 0x7c
10003022:	6223      	str	r3, [r4, #32]
10003024:	61e3      	str	r3, [r4, #28]
10003026:	e7e5      	b.n	10002ff4 <__aeabi_float_init+0x1c>
10003028:	00004653 	.word	0x00004653
1000302c:	200004d0 	.word	0x200004d0
10003030:	0000334c 	.word	0x0000334c
10003034:	20000648 	.word	0x20000648
10003038:	1000303d 	.word	0x1000303d

1000303c <float_table_shim_on_use_helper>:
1000303c:	b507      	push	{r0, r1, r2, lr}
1000303e:	4660      	mov	r0, ip
10003040:	8801      	ldrh	r1, [r0, #0]
10003042:	0a0a      	lsrs	r2, r1, #8
10003044:	3002      	adds	r0, #2
10003046:	2adf      	cmp	r2, #223	; 0xdf
10003048:	d1fa      	bne.n	10003040 <float_table_shim_on_use_helper+0x4>
1000304a:	b2c9      	uxtb	r1, r1
1000304c:	0882      	lsrs	r2, r0, #2
1000304e:	d304      	bcc.n	1000305a <float_table_shim_on_use_helper+0x1e>
10003050:	8802      	ldrh	r2, [r0, #0]
10003052:	8840      	ldrh	r0, [r0, #2]
10003054:	0400      	lsls	r0, r0, #16
10003056:	4310      	orrs	r0, r2
10003058:	e000      	b.n	1000305c <float_table_shim_on_use_helper+0x20>
1000305a:	6800      	ldr	r0, [r0, #0]
1000305c:	4a01      	ldr	r2, [pc, #4]	; (10003064 <float_table_shim_on_use_helper+0x28>)
1000305e:	5050      	str	r0, [r2, r1]
10003060:	9003      	str	r0, [sp, #12]
10003062:	bd07      	pop	{r0, r1, r2, pc}
10003064:	200004d0 	.word	0x200004d0

10003068 <float2double_shim>:
10003068:	0fc3      	lsrs	r3, r0, #31
1000306a:	07db      	lsls	r3, r3, #31
1000306c:	0041      	lsls	r1, r0, #1
1000306e:	0e0a      	lsrs	r2, r1, #24
10003070:	d007      	beq.n	10003082 <float2double_shim+0x1a>
10003072:	2aff      	cmp	r2, #255	; 0xff
10003074:	d008      	beq.n	10003088 <float2double_shim+0x20>
10003076:	0909      	lsrs	r1, r1, #4
10003078:	4a05      	ldr	r2, [pc, #20]	; (10003090 <float2double_shim+0x28>)
1000307a:	1889      	adds	r1, r1, r2
1000307c:	4319      	orrs	r1, r3
1000307e:	0740      	lsls	r0, r0, #29
10003080:	4770      	bx	lr
10003082:	0019      	movs	r1, r3
10003084:	2000      	movs	r0, #0
10003086:	4770      	bx	lr
10003088:	4902      	ldr	r1, [pc, #8]	; (10003094 <float2double_shim+0x2c>)
1000308a:	18c9      	adds	r1, r1, r3
1000308c:	e7fa      	b.n	10003084 <float2double_shim+0x1c>
1000308e:	0000      	.short	0x0000
10003090:	38000000 	.word	0x38000000
10003094:	7ff00000 	.word	0x7ff00000

10003098 <__aeabi_mem_init>:
10003098:	4801      	ldr	r0, [pc, #4]	; (100030a0 <__aeabi_mem_init+0x8>)
1000309a:	2104      	movs	r1, #4
1000309c:	4b01      	ldr	r3, [pc, #4]	; (100030a4 <__aeabi_mem_init+0xc>)
1000309e:	4718      	bx	r3
100030a0:	20000210 	.word	0x20000210
100030a4:	10001f61 	.word	0x10001f61

100030a8 <__wrap___aeabi_memcpy>:
100030a8:	4b01      	ldr	r3, [pc, #4]	; (100030b0 <__wrap___aeabi_memcpy+0x8>)
100030aa:	685b      	ldr	r3, [r3, #4]
100030ac:	4718      	bx	r3
100030ae:	0000      	.short	0x0000
100030b0:	20000210 	.word	0x20000210

100030b4 <_out_null>:
100030b4:	4770      	bx	lr
100030b6:	46c0      	nop			; (mov r8, r8)

100030b8 <_out_rev>:
100030b8:	b5f8      	push	{r3, r4, r5, r6, r7, lr}
100030ba:	4657      	mov	r7, sl
100030bc:	464e      	mov	r6, r9
100030be:	4645      	mov	r5, r8
100030c0:	46de      	mov	lr, fp
100030c2:	b5e0      	push	{r5, r6, r7, lr}
100030c4:	4699      	mov	r9, r3
100030c6:	9b0a      	ldr	r3, [sp, #40]	; 0x28
100030c8:	0007      	movs	r7, r0
100030ca:	469a      	mov	sl, r3
100030cc:	9b0d      	ldr	r3, [sp, #52]	; 0x34
100030ce:	4688      	mov	r8, r1
100030d0:	4693      	mov	fp, r2
100030d2:	0015      	movs	r5, r2
100030d4:	9e0b      	ldr	r6, [sp, #44]	; 0x2c
100030d6:	079b      	lsls	r3, r3, #30
100030d8:	d110      	bne.n	100030fc <_out_rev+0x44>
100030da:	9b0c      	ldr	r3, [sp, #48]	; 0x30
100030dc:	429e      	cmp	r6, r3
100030de:	d20d      	bcs.n	100030fc <_out_rev+0x44>
100030e0:	1b9d      	subs	r5, r3, r6
100030e2:	0014      	movs	r4, r2
100030e4:	000e      	movs	r6, r1
100030e6:	445d      	add	r5, fp
100030e8:	0022      	movs	r2, r4
100030ea:	464b      	mov	r3, r9
100030ec:	3401      	adds	r4, #1
100030ee:	0031      	movs	r1, r6
100030f0:	2020      	movs	r0, #32
100030f2:	47b8      	blx	r7
100030f4:	42a5      	cmp	r5, r4
100030f6:	d1f7      	bne.n	100030e8 <_out_rev+0x30>
100030f8:	46b0      	mov	r8, r6
100030fa:	9e0b      	ldr	r6, [sp, #44]	; 0x2c
100030fc:	2e00      	cmp	r6, #0
100030fe:	d027      	beq.n	10003150 <_out_rev+0x98>
10003100:	4644      	mov	r4, r8
10003102:	1975      	adds	r5, r6, r5
10003104:	4653      	mov	r3, sl
10003106:	1baa      	subs	r2, r5, r6
10003108:	3e01      	subs	r6, #1
1000310a:	5d98      	ldrb	r0, [r3, r6]
1000310c:	0021      	movs	r1, r4
1000310e:	464b      	mov	r3, r9
10003110:	47b8      	blx	r7
10003112:	2e00      	cmp	r6, #0
10003114:	d1f6      	bne.n	10003104 <_out_rev+0x4c>
10003116:	0023      	movs	r3, r4
10003118:	002c      	movs	r4, r5
1000311a:	4698      	mov	r8, r3
1000311c:	9b0d      	ldr	r3, [sp, #52]	; 0x34
1000311e:	079b      	lsls	r3, r3, #30
10003120:	d50f      	bpl.n	10003142 <_out_rev+0x8a>
10003122:	465b      	mov	r3, fp
10003124:	1ae5      	subs	r5, r4, r3
10003126:	9b0c      	ldr	r3, [sp, #48]	; 0x30
10003128:	42ab      	cmp	r3, r5
1000312a:	d90a      	bls.n	10003142 <_out_rev+0x8a>
1000312c:	4646      	mov	r6, r8
1000312e:	4698      	mov	r8, r3
10003130:	0022      	movs	r2, r4
10003132:	464b      	mov	r3, r9
10003134:	0031      	movs	r1, r6
10003136:	2020      	movs	r0, #32
10003138:	3501      	adds	r5, #1
1000313a:	47b8      	blx	r7
1000313c:	3401      	adds	r4, #1
1000313e:	45a8      	cmp	r8, r5
10003140:	d8f6      	bhi.n	10003130 <_out_rev+0x78>
10003142:	0020      	movs	r0, r4
10003144:	bcf0      	pop	{r4, r5, r6, r7}
10003146:	46bb      	mov	fp, r7
10003148:	46b2      	mov	sl, r6
1000314a:	46a9      	mov	r9, r5
1000314c:	46a0      	mov	r8, r4
1000314e:	bdf8      	pop	{r3, r4, r5, r6, r7, pc}
10003150:	002c      	movs	r4, r5
10003152:	e7e3      	b.n	1000311c <_out_rev+0x64>

10003154 <_ntoa_format>:
10003154:	b5f0      	push	{r4, r5, r6, r7, lr}
10003156:	464f      	mov	r7, r9
10003158:	4646      	mov	r6, r8
1000315a:	46d6      	mov	lr, sl
1000315c:	b5c0      	push	{r6, r7, lr}
1000315e:	b084      	sub	sp, #16
10003160:	4698      	mov	r8, r3
10003162:	ab0e      	add	r3, sp, #56	; 0x38
10003164:	781b      	ldrb	r3, [r3, #0]
10003166:	9f12      	ldr	r7, [sp, #72]	; 0x48
10003168:	4699      	mov	r9, r3
1000316a:	4694      	mov	ip, r2
1000316c:	9c0d      	ldr	r4, [sp, #52]	; 0x34
1000316e:	9b10      	ldr	r3, [sp, #64]	; 0x40
10003170:	9e11      	ldr	r6, [sp, #68]	; 0x44
10003172:	07ba      	lsls	r2, r7, #30
10003174:	d425      	bmi.n	100031c2 <_ntoa_format+0x6e>
10003176:	2e00      	cmp	r6, #0
10003178:	d14b      	bne.n	10003212 <_ntoa_format+0xbe>
1000317a:	429c      	cmp	r4, r3
1000317c:	d300      	bcc.n	10003180 <_ntoa_format+0x2c>
1000317e:	e0bf      	b.n	10003300 <_ntoa_format+0x1ac>
10003180:	2201      	movs	r2, #1
10003182:	403a      	ands	r2, r7
10003184:	4692      	mov	sl, r2
10003186:	2c1f      	cmp	r4, #31
10003188:	d900      	bls.n	1000318c <_ntoa_format+0x38>
1000318a:	e0b8      	b.n	100032fe <_ntoa_format+0x1aa>
1000318c:	9a0c      	ldr	r2, [sp, #48]	; 0x30
1000318e:	1e55      	subs	r5, r2, #1
10003190:	2230      	movs	r2, #48	; 0x30
10003192:	e001      	b.n	10003198 <_ntoa_format+0x44>
10003194:	2c20      	cmp	r4, #32
10003196:	d003      	beq.n	100031a0 <_ntoa_format+0x4c>
10003198:	3401      	adds	r4, #1
1000319a:	552a      	strb	r2, [r5, r4]
1000319c:	42a3      	cmp	r3, r4
1000319e:	d8f9      	bhi.n	10003194 <_ntoa_format+0x40>
100031a0:	4652      	mov	r2, sl
100031a2:	2a00      	cmp	r2, #0
100031a4:	d00d      	beq.n	100031c2 <_ntoa_format+0x6e>
100031a6:	42a6      	cmp	r6, r4
100031a8:	d90b      	bls.n	100031c2 <_ntoa_format+0x6e>
100031aa:	2c20      	cmp	r4, #32
100031ac:	d044      	beq.n	10003238 <_ntoa_format+0xe4>
100031ae:	9a0c      	ldr	r2, [sp, #48]	; 0x30
100031b0:	1e55      	subs	r5, r2, #1
100031b2:	2230      	movs	r2, #48	; 0x30
100031b4:	e001      	b.n	100031ba <_ntoa_format+0x66>
100031b6:	2c20      	cmp	r4, #32
100031b8:	d03e      	beq.n	10003238 <_ntoa_format+0xe4>
100031ba:	3401      	adds	r4, #1
100031bc:	552a      	strb	r2, [r5, r4]
100031be:	42b4      	cmp	r4, r6
100031c0:	d1f9      	bne.n	100031b6 <_ntoa_format+0x62>
100031c2:	06fa      	lsls	r2, r7, #27
100031c4:	d54d      	bpl.n	10003262 <_ntoa_format+0x10e>
100031c6:	057a      	lsls	r2, r7, #21
100031c8:	d43f      	bmi.n	1000324a <_ntoa_format+0xf6>
100031ca:	2c00      	cmp	r4, #0
100031cc:	d139      	bne.n	10003242 <_ntoa_format+0xee>
100031ce:	9b0f      	ldr	r3, [sp, #60]	; 0x3c
100031d0:	2b10      	cmp	r3, #16
100031d2:	d100      	bne.n	100031d6 <_ntoa_format+0x82>
100031d4:	e079      	b.n	100032ca <_ntoa_format+0x176>
100031d6:	9b0f      	ldr	r3, [sp, #60]	; 0x3c
100031d8:	2b02      	cmp	r3, #2
100031da:	d100      	bne.n	100031de <_ntoa_format+0x8a>
100031dc:	e08a      	b.n	100032f4 <_ntoa_format+0x1a0>
100031de:	2330      	movs	r3, #48	; 0x30
100031e0:	9a0c      	ldr	r2, [sp, #48]	; 0x30
100031e2:	2401      	movs	r4, #1
100031e4:	7013      	strb	r3, [r2, #0]
100031e6:	464b      	mov	r3, r9
100031e8:	2b00      	cmp	r3, #0
100031ea:	d03f      	beq.n	1000326c <_ntoa_format+0x118>
100031ec:	232d      	movs	r3, #45	; 0x2d
100031ee:	9a0c      	ldr	r2, [sp, #48]	; 0x30
100031f0:	5513      	strb	r3, [r2, r4]
100031f2:	3401      	adds	r4, #1
100031f4:	9b0c      	ldr	r3, [sp, #48]	; 0x30
100031f6:	4662      	mov	r2, ip
100031f8:	9300      	str	r3, [sp, #0]
100031fa:	9703      	str	r7, [sp, #12]
100031fc:	4643      	mov	r3, r8
100031fe:	9602      	str	r6, [sp, #8]
10003200:	9401      	str	r4, [sp, #4]
10003202:	f7ff ff59 	bl	100030b8 <_out_rev>
10003206:	b004      	add	sp, #16
10003208:	bce0      	pop	{r5, r6, r7}
1000320a:	46ba      	mov	sl, r7
1000320c:	46b1      	mov	r9, r6
1000320e:	46a8      	mov	r8, r5
10003210:	bdf0      	pop	{r4, r5, r6, r7, pc}
10003212:	2201      	movs	r2, #1
10003214:	0015      	movs	r5, r2
10003216:	403d      	ands	r5, r7
10003218:	46aa      	mov	sl, r5
1000321a:	423a      	tst	r2, r7
1000321c:	d02f      	beq.n	1000327e <_ntoa_format+0x12a>
1000321e:	464a      	mov	r2, r9
10003220:	2a00      	cmp	r2, #0
10003222:	d102      	bne.n	1000322a <_ntoa_format+0xd6>
10003224:	320c      	adds	r2, #12
10003226:	423a      	tst	r2, r7
10003228:	d000      	beq.n	1000322c <_ntoa_format+0xd8>
1000322a:	3e01      	subs	r6, #1
1000322c:	429c      	cmp	r4, r3
1000322e:	d2ba      	bcs.n	100031a6 <_ntoa_format+0x52>
10003230:	2c1f      	cmp	r4, #31
10003232:	d9ab      	bls.n	1000318c <_ntoa_format+0x38>
10003234:	2e20      	cmp	r6, #32
10003236:	d927      	bls.n	10003288 <_ntoa_format+0x134>
10003238:	2420      	movs	r4, #32
1000323a:	06fa      	lsls	r2, r7, #27
1000323c:	d5da      	bpl.n	100031f4 <_ntoa_format+0xa0>
1000323e:	057a      	lsls	r2, r7, #21
10003240:	d403      	bmi.n	1000324a <_ntoa_format+0xf6>
10003242:	42a3      	cmp	r3, r4
10003244:	d02d      	beq.n	100032a2 <_ntoa_format+0x14e>
10003246:	42a6      	cmp	r6, r4
10003248:	d02b      	beq.n	100032a2 <_ntoa_format+0x14e>
1000324a:	9b0f      	ldr	r3, [sp, #60]	; 0x3c
1000324c:	2b10      	cmp	r3, #16
1000324e:	d032      	beq.n	100032b6 <_ntoa_format+0x162>
10003250:	2b02      	cmp	r3, #2
10003252:	d020      	beq.n	10003296 <_ntoa_format+0x142>
10003254:	2c20      	cmp	r4, #32
10003256:	d0cd      	beq.n	100031f4 <_ntoa_format+0xa0>
10003258:	2230      	movs	r2, #48	; 0x30
1000325a:	9b0c      	ldr	r3, [sp, #48]	; 0x30
1000325c:	191b      	adds	r3, r3, r4
1000325e:	701a      	strb	r2, [r3, #0]
10003260:	3401      	adds	r4, #1
10003262:	2c20      	cmp	r4, #32
10003264:	d0c6      	beq.n	100031f4 <_ntoa_format+0xa0>
10003266:	464b      	mov	r3, r9
10003268:	2b00      	cmp	r3, #0
1000326a:	d1bf      	bne.n	100031ec <_ntoa_format+0x98>
1000326c:	077b      	lsls	r3, r7, #29
1000326e:	d40d      	bmi.n	1000328c <_ntoa_format+0x138>
10003270:	073b      	lsls	r3, r7, #28
10003272:	d5bf      	bpl.n	100031f4 <_ntoa_format+0xa0>
10003274:	2320      	movs	r3, #32
10003276:	9a0c      	ldr	r2, [sp, #48]	; 0x30
10003278:	5513      	strb	r3, [r2, r4]
1000327a:	3401      	adds	r4, #1
1000327c:	e7ba      	b.n	100031f4 <_ntoa_format+0xa0>
1000327e:	429c      	cmp	r4, r3
10003280:	d29f      	bcs.n	100031c2 <_ntoa_format+0x6e>
10003282:	2c1f      	cmp	r4, #31
10003284:	d800      	bhi.n	10003288 <_ntoa_format+0x134>
10003286:	e781      	b.n	1000318c <_ntoa_format+0x38>
10003288:	2420      	movs	r4, #32
1000328a:	e79a      	b.n	100031c2 <_ntoa_format+0x6e>
1000328c:	232b      	movs	r3, #43	; 0x2b
1000328e:	9a0c      	ldr	r2, [sp, #48]	; 0x30
10003290:	5513      	strb	r3, [r2, r4]
10003292:	3401      	adds	r4, #1
10003294:	e7ae      	b.n	100031f4 <_ntoa_format+0xa0>
10003296:	2c20      	cmp	r4, #32
10003298:	d0ac      	beq.n	100031f4 <_ntoa_format+0xa0>
1000329a:	9b0c      	ldr	r3, [sp, #48]	; 0x30
1000329c:	191b      	adds	r3, r3, r4
1000329e:	3401      	adds	r4, #1
100032a0:	e03a      	b.n	10003318 <_ntoa_format+0x1c4>
100032a2:	1e63      	subs	r3, r4, #1
100032a4:	2c01      	cmp	r4, #1
100032a6:	d092      	beq.n	100031ce <_ntoa_format+0x7a>
100032a8:	9a0f      	ldr	r2, [sp, #60]	; 0x3c
100032aa:	2a10      	cmp	r2, #16
100032ac:	d02a      	beq.n	10003304 <_ntoa_format+0x1b0>
100032ae:	2a02      	cmp	r2, #2
100032b0:	d02f      	beq.n	10003312 <_ntoa_format+0x1be>
100032b2:	001c      	movs	r4, r3
100032b4:	e7d0      	b.n	10003258 <_ntoa_format+0x104>
100032b6:	06bb      	lsls	r3, r7, #26
100032b8:	d40e      	bmi.n	100032d8 <_ntoa_format+0x184>
100032ba:	2c20      	cmp	r4, #32
100032bc:	d09a      	beq.n	100031f4 <_ntoa_format+0xa0>
100032be:	9b0c      	ldr	r3, [sp, #48]	; 0x30
100032c0:	191a      	adds	r2, r3, r4
100032c2:	3401      	adds	r4, #1
100032c4:	2378      	movs	r3, #120	; 0x78
100032c6:	7013      	strb	r3, [r2, #0]
100032c8:	e7c4      	b.n	10003254 <_ntoa_format+0x100>
100032ca:	06bb      	lsls	r3, r7, #26
100032cc:	d40d      	bmi.n	100032ea <_ntoa_format+0x196>
100032ce:	2378      	movs	r3, #120	; 0x78
100032d0:	9a0c      	ldr	r2, [sp, #48]	; 0x30
100032d2:	2401      	movs	r4, #1
100032d4:	7013      	strb	r3, [r2, #0]
100032d6:	e7bf      	b.n	10003258 <_ntoa_format+0x104>
100032d8:	2c20      	cmp	r4, #32
100032da:	d100      	bne.n	100032de <_ntoa_format+0x18a>
100032dc:	e78a      	b.n	100031f4 <_ntoa_format+0xa0>
100032de:	2258      	movs	r2, #88	; 0x58
100032e0:	9b0c      	ldr	r3, [sp, #48]	; 0x30
100032e2:	191b      	adds	r3, r3, r4
100032e4:	701a      	strb	r2, [r3, #0]
100032e6:	3401      	adds	r4, #1
100032e8:	e7b4      	b.n	10003254 <_ntoa_format+0x100>
100032ea:	2358      	movs	r3, #88	; 0x58
100032ec:	9a0c      	ldr	r2, [sp, #48]	; 0x30
100032ee:	2401      	movs	r4, #1
100032f0:	7013      	strb	r3, [r2, #0]
100032f2:	e7b1      	b.n	10003258 <_ntoa_format+0x104>
100032f4:	9a0c      	ldr	r2, [sp, #48]	; 0x30
100032f6:	3360      	adds	r3, #96	; 0x60
100032f8:	2401      	movs	r4, #1
100032fa:	7013      	strb	r3, [r2, #0]
100032fc:	e7ac      	b.n	10003258 <_ntoa_format+0x104>
100032fe:	2420      	movs	r4, #32
10003300:	2600      	movs	r6, #0
10003302:	e75e      	b.n	100031c2 <_ntoa_format+0x6e>
10003304:	3c02      	subs	r4, #2
10003306:	06ba      	lsls	r2, r7, #26
10003308:	d4e9      	bmi.n	100032de <_ntoa_format+0x18a>
1000330a:	9a0c      	ldr	r2, [sp, #48]	; 0x30
1000330c:	1912      	adds	r2, r2, r4
1000330e:	001c      	movs	r4, r3
10003310:	e7d8      	b.n	100032c4 <_ntoa_format+0x170>
10003312:	9a0c      	ldr	r2, [sp, #48]	; 0x30
10003314:	4692      	mov	sl, r2
10003316:	4453      	add	r3, sl
10003318:	2262      	movs	r2, #98	; 0x62
1000331a:	701a      	strb	r2, [r3, #0]
1000331c:	e79a      	b.n	10003254 <_ntoa_format+0x100>
1000331e:	46c0      	nop			; (mov r8, r8)

10003320 <_out_char>:
10003320:	b510      	push	{r4, lr}
10003322:	2800      	cmp	r0, #0
10003324:	d100      	bne.n	10003328 <_out_char+0x8>
10003326:	bd10      	pop	{r4, pc}
10003328:	f001 faf4 	bl	10004914 <__wrap_putchar>
1000332c:	e7fb      	b.n	10003326 <_out_char+0x6>
1000332e:	46c0      	nop			; (mov r8, r8)

10003330 <_out_fct>:
10003330:	000b      	movs	r3, r1
10003332:	b510      	push	{r4, lr}
10003334:	2800      	cmp	r0, #0
10003336:	d002      	beq.n	1000333e <_out_fct+0xe>
10003338:	6849      	ldr	r1, [r1, #4]
1000333a:	681b      	ldr	r3, [r3, #0]
1000333c:	4798      	blx	r3
1000333e:	bd10      	pop	{r4, pc}

10003340 <_etoa>:
10003340:	b5f0      	push	{r4, r5, r6, r7, lr}
10003342:	46de      	mov	lr, fp
10003344:	4657      	mov	r7, sl
10003346:	464e      	mov	r6, r9
10003348:	4645      	mov	r5, r8
1000334a:	b5e0      	push	{r5, r6, r7, lr}
1000334c:	b09b      	sub	sp, #108	; 0x6c
1000334e:	469b      	mov	fp, r3
10003350:	9b24      	ldr	r3, [sp, #144]	; 0x90
10003352:	4689      	mov	r9, r1
10003354:	4698      	mov	r8, r3
10003356:	9b25      	ldr	r3, [sp, #148]	; 0x94
10003358:	900b      	str	r0, [sp, #44]	; 0x2c
1000335a:	920c      	str	r2, [sp, #48]	; 0x30
1000335c:	4640      	mov	r0, r8
1000335e:	4642      	mov	r2, r8
10003360:	0019      	movs	r1, r3
10003362:	469a      	mov	sl, r3
10003364:	f7ff fa03 	bl	1000276e <__wrap___aeabi_dcmpun>
10003368:	2800      	cmp	r0, #0
1000336a:	d000      	beq.n	1000336e <_etoa+0x2e>
1000336c:	e0d8      	b.n	10003520 <_etoa+0x1e0>
1000336e:	2201      	movs	r2, #1
10003370:	4640      	mov	r0, r8
10003372:	4651      	mov	r1, sl
10003374:	4b77      	ldr	r3, [pc, #476]	; (10003554 <_etoa+0x214>)
10003376:	4252      	negs	r2, r2
10003378:	f7ff f9f4 	bl	10002764 <__wrap___aeabi_dcmpgt>
1000337c:	2800      	cmp	r0, #0
1000337e:	d000      	beq.n	10003382 <_etoa+0x42>
10003380:	e0ce      	b.n	10003520 <_etoa+0x1e0>
10003382:	2201      	movs	r2, #1
10003384:	4640      	mov	r0, r8
10003386:	4651      	mov	r1, sl
10003388:	4b73      	ldr	r3, [pc, #460]	; (10003558 <_etoa+0x218>)
1000338a:	4252      	negs	r2, r2
1000338c:	f7ff f9d4 	bl	10002738 <__wrap___aeabi_dcmplt>
10003390:	2800      	cmp	r0, #0
10003392:	d000      	beq.n	10003396 <_etoa+0x56>
10003394:	e0c4      	b.n	10003520 <_etoa+0x1e0>
10003396:	2200      	movs	r2, #0
10003398:	2300      	movs	r3, #0
1000339a:	4640      	mov	r0, r8
1000339c:	4651      	mov	r1, sl
1000339e:	f7ff f9cb 	bl	10002738 <__wrap___aeabi_dcmplt>
100033a2:	2800      	cmp	r0, #0
100033a4:	d000      	beq.n	100033a8 <_etoa+0x68>
100033a6:	e1b9      	b.n	1000371c <_etoa+0x3dc>
100033a8:	4642      	mov	r2, r8
100033aa:	4653      	mov	r3, sl
100033ac:	920a      	str	r2, [sp, #40]	; 0x28
100033ae:	9309      	str	r3, [sp, #36]	; 0x24
100033b0:	2380      	movs	r3, #128	; 0x80
100033b2:	9a28      	ldr	r2, [sp, #160]	; 0xa0
100033b4:	00db      	lsls	r3, r3, #3
100033b6:	401a      	ands	r2, r3
100033b8:	920e      	str	r2, [sp, #56]	; 0x38
100033ba:	9a28      	ldr	r2, [sp, #160]	; 0xa0
100033bc:	421a      	tst	r2, r3
100033be:	d101      	bne.n	100033c4 <_etoa+0x84>
100033c0:	2306      	movs	r3, #6
100033c2:	9326      	str	r3, [sp, #152]	; 0x98
100033c4:	9a0a      	ldr	r2, [sp, #40]	; 0x28
100033c6:	9b09      	ldr	r3, [sp, #36]	; 0x24
100033c8:	0016      	movs	r6, r2
100033ca:	4313      	orrs	r3, r2
100033cc:	d000      	beq.n	100033d0 <_etoa+0x90>
100033ce:	e0c7      	b.n	10003560 <_etoa+0x220>
100033d0:	9b28      	ldr	r3, [sp, #160]	; 0xa0
100033d2:	2500      	movs	r5, #0
100033d4:	2600      	movs	r6, #0
100033d6:	051b      	lsls	r3, r3, #20
100033d8:	d400      	bmi.n	100033dc <_etoa+0x9c>
100033da:	e19b      	b.n	10003714 <_etoa+0x3d4>
100033dc:	2300      	movs	r3, #0
100033de:	930d      	str	r3, [sp, #52]	; 0x34
100033e0:	9a26      	ldr	r2, [sp, #152]	; 0x98
100033e2:	9b0d      	ldr	r3, [sp, #52]	; 0x34
100033e4:	429a      	cmp	r2, r3
100033e6:	dc00      	bgt.n	100033ea <_etoa+0xaa>
100033e8:	e19f      	b.n	1000372a <_etoa+0x3ea>
100033ea:	1ad0      	subs	r0, r2, r3
100033ec:	1e43      	subs	r3, r0, #1
100033ee:	9326      	str	r3, [sp, #152]	; 0x98
100033f0:	2380      	movs	r3, #128	; 0x80
100033f2:	9a28      	ldr	r2, [sp, #160]	; 0xa0
100033f4:	00db      	lsls	r3, r3, #3
100033f6:	431a      	orrs	r2, r3
100033f8:	2300      	movs	r3, #0
100033fa:	2700      	movs	r7, #0
100033fc:	9228      	str	r2, [sp, #160]	; 0xa0
100033fe:	930d      	str	r3, [sp, #52]	; 0x34
10003400:	9b27      	ldr	r3, [sp, #156]	; 0x9c
10003402:	2400      	movs	r4, #0
10003404:	42bb      	cmp	r3, r7
10003406:	d900      	bls.n	1000340a <_etoa+0xca>
10003408:	1bdc      	subs	r4, r3, r7
1000340a:	2302      	movs	r3, #2
1000340c:	9a28      	ldr	r2, [sp, #160]	; 0xa0
1000340e:	401a      	ands	r2, r3
10003410:	920e      	str	r2, [sp, #56]	; 0x38
10003412:	9a28      	ldr	r2, [sp, #160]	; 0xa0
10003414:	4213      	tst	r3, r2
10003416:	d003      	beq.n	10003420 <_etoa+0xe0>
10003418:	427b      	negs	r3, r7
1000341a:	417b      	adcs	r3, r7
1000341c:	425b      	negs	r3, r3
1000341e:	401c      	ands	r4, r3
10003420:	9b0d      	ldr	r3, [sp, #52]	; 0x34
10003422:	2b00      	cmp	r3, #0
10003424:	d007      	beq.n	10003436 <_etoa+0xf6>
10003426:	980a      	ldr	r0, [sp, #40]	; 0x28
10003428:	9909      	ldr	r1, [sp, #36]	; 0x24
1000342a:	002a      	movs	r2, r5
1000342c:	0033      	movs	r3, r6
1000342e:	f7ff f922 	bl	10002676 <__wrap___aeabi_ddiv>
10003432:	900a      	str	r0, [sp, #40]	; 0x28
10003434:	9109      	str	r1, [sp, #36]	; 0x24
10003436:	2200      	movs	r2, #0
10003438:	2300      	movs	r3, #0
1000343a:	4640      	mov	r0, r8
1000343c:	4651      	mov	r1, sl
1000343e:	f7ff f97b 	bl	10002738 <__wrap___aeabi_dcmplt>
10003442:	2800      	cmp	r0, #0
10003444:	d005      	beq.n	10003452 <_etoa+0x112>
10003446:	2080      	movs	r0, #128	; 0x80
10003448:	0600      	lsls	r0, r0, #24
1000344a:	4684      	mov	ip, r0
1000344c:	9909      	ldr	r1, [sp, #36]	; 0x24
1000344e:	4461      	add	r1, ip
10003450:	9109      	str	r1, [sp, #36]	; 0x24
10003452:	9a28      	ldr	r2, [sp, #160]	; 0xa0
10003454:	4b41      	ldr	r3, [pc, #260]	; (1000355c <_etoa+0x21c>)
10003456:	9d0b      	ldr	r5, [sp, #44]	; 0x2c
10003458:	4013      	ands	r3, r2
1000345a:	9304      	str	r3, [sp, #16]
1000345c:	9b26      	ldr	r3, [sp, #152]	; 0x98
1000345e:	9a0a      	ldr	r2, [sp, #40]	; 0x28
10003460:	9302      	str	r3, [sp, #8]
10003462:	9b09      	ldr	r3, [sp, #36]	; 0x24
10003464:	9403      	str	r4, [sp, #12]
10003466:	9200      	str	r2, [sp, #0]
10003468:	9301      	str	r3, [sp, #4]
1000346a:	4649      	mov	r1, r9
1000346c:	465b      	mov	r3, fp
1000346e:	0028      	movs	r0, r5
10003470:	9a0c      	ldr	r2, [sp, #48]	; 0x30
10003472:	f000 f98b 	bl	1000378c <_ftoa>
10003476:	0004      	movs	r4, r0
10003478:	2f00      	cmp	r7, #0
1000347a:	d062      	beq.n	10003542 <_etoa+0x202>
1000347c:	9b28      	ldr	r3, [sp, #160]	; 0xa0
1000347e:	0022      	movs	r2, r4
10003480:	0698      	lsls	r0, r3, #26
10003482:	231f      	movs	r3, #31
10003484:	17c0      	asrs	r0, r0, #31
10003486:	4398      	bics	r0, r3
10003488:	1c63      	adds	r3, r4, #1
1000348a:	4698      	mov	r8, r3
1000348c:	4649      	mov	r1, r9
1000348e:	465b      	mov	r3, fp
10003490:	3065      	adds	r0, #101	; 0x65
10003492:	47a8      	blx	r5
10003494:	9b0d      	ldr	r3, [sp, #52]	; 0x34
10003496:	2500      	movs	r5, #0
10003498:	17da      	asrs	r2, r3, #31
1000349a:	189c      	adds	r4, r3, r2
1000349c:	0fdb      	lsrs	r3, r3, #31
1000349e:	469a      	mov	sl, r3
100034a0:	4054      	eors	r4, r2
100034a2:	3f01      	subs	r7, #1
100034a4:	e001      	b.n	100034aa <_etoa+0x16a>
100034a6:	2d20      	cmp	r5, #32
100034a8:	d013      	beq.n	100034d2 <_etoa+0x192>
100034aa:	aa0a      	add	r2, sp, #40	; 0x28
100034ac:	4694      	mov	ip, r2
100034ae:	231f      	movs	r3, #31
100034b0:	0020      	movs	r0, r4
100034b2:	4463      	add	r3, ip
100034b4:	210a      	movs	r1, #10
100034b6:	3501      	adds	r5, #1
100034b8:	195e      	adds	r6, r3, r5
100034ba:	f7fe fe8f 	bl	100021dc <__wrap___aeabi_uidiv>
100034be:	3130      	adds	r1, #48	; 0x30
100034c0:	7031      	strb	r1, [r6, #0]
100034c2:	0020      	movs	r0, r4
100034c4:	210a      	movs	r1, #10
100034c6:	f7fe fe89 	bl	100021dc <__wrap___aeabi_uidiv>
100034ca:	0026      	movs	r6, r4
100034cc:	0004      	movs	r4, r0
100034ce:	2e09      	cmp	r6, #9
100034d0:	d8e9      	bhi.n	100034a6 <_etoa+0x166>
100034d2:	2305      	movs	r3, #5
100034d4:	9306      	str	r3, [sp, #24]
100034d6:	2300      	movs	r3, #0
100034d8:	9304      	str	r3, [sp, #16]
100034da:	330a      	adds	r3, #10
100034dc:	9303      	str	r3, [sp, #12]
100034de:	4653      	mov	r3, sl
100034e0:	9705      	str	r7, [sp, #20]
100034e2:	9f0b      	ldr	r7, [sp, #44]	; 0x2c
100034e4:	9302      	str	r3, [sp, #8]
100034e6:	ab12      	add	r3, sp, #72	; 0x48
100034e8:	9300      	str	r3, [sp, #0]
100034ea:	4642      	mov	r2, r8
100034ec:	465b      	mov	r3, fp
100034ee:	4649      	mov	r1, r9
100034f0:	0038      	movs	r0, r7
100034f2:	9501      	str	r5, [sp, #4]
100034f4:	f7ff fe2e 	bl	10003154 <_ntoa_format>
100034f8:	9b0e      	ldr	r3, [sp, #56]	; 0x38
100034fa:	0004      	movs	r4, r0
100034fc:	2b00      	cmp	r3, #0
100034fe:	d020      	beq.n	10003542 <_etoa+0x202>
10003500:	9b0c      	ldr	r3, [sp, #48]	; 0x30
10003502:	1ac5      	subs	r5, r0, r3
10003504:	9b27      	ldr	r3, [sp, #156]	; 0x9c
10003506:	42ab      	cmp	r3, r5
10003508:	d91b      	bls.n	10003542 <_etoa+0x202>
1000350a:	001e      	movs	r6, r3
1000350c:	0022      	movs	r2, r4
1000350e:	465b      	mov	r3, fp
10003510:	4649      	mov	r1, r9
10003512:	2020      	movs	r0, #32
10003514:	3501      	adds	r5, #1
10003516:	47b8      	blx	r7
10003518:	3401      	adds	r4, #1
1000351a:	42ae      	cmp	r6, r5
1000351c:	d8f6      	bhi.n	1000350c <_etoa+0x1cc>
1000351e:	e010      	b.n	10003542 <_etoa+0x202>
10003520:	9b28      	ldr	r3, [sp, #160]	; 0xa0
10003522:	4642      	mov	r2, r8
10003524:	9304      	str	r3, [sp, #16]
10003526:	9b27      	ldr	r3, [sp, #156]	; 0x9c
10003528:	4649      	mov	r1, r9
1000352a:	9303      	str	r3, [sp, #12]
1000352c:	9b26      	ldr	r3, [sp, #152]	; 0x98
1000352e:	980b      	ldr	r0, [sp, #44]	; 0x2c
10003530:	9302      	str	r3, [sp, #8]
10003532:	4653      	mov	r3, sl
10003534:	9200      	str	r2, [sp, #0]
10003536:	9301      	str	r3, [sp, #4]
10003538:	465b      	mov	r3, fp
1000353a:	9a0c      	ldr	r2, [sp, #48]	; 0x30
1000353c:	f000 f926 	bl	1000378c <_ftoa>
10003540:	0004      	movs	r4, r0
10003542:	0020      	movs	r0, r4
10003544:	b01b      	add	sp, #108	; 0x6c
10003546:	bcf0      	pop	{r4, r5, r6, r7}
10003548:	46bb      	mov	fp, r7
1000354a:	46b2      	mov	sl, r6
1000354c:	46a9      	mov	r9, r5
1000354e:	46a0      	mov	r8, r4
10003550:	bdf0      	pop	{r4, r5, r6, r7, pc}
10003552:	46c0      	nop			; (mov r8, r8)
10003554:	7fefffff 	.word	0x7fefffff
10003558:	ffefffff 	.word	0xffefffff
1000355c:	fffff7ff 	.word	0xfffff7ff
10003560:	4b73      	ldr	r3, [pc, #460]	; (10003730 <_etoa+0x3f0>)
10003562:	9f09      	ldr	r7, [sp, #36]	; 0x24
10003564:	469c      	mov	ip, r3
10003566:	0078      	lsls	r0, r7, #1
10003568:	0d40      	lsrs	r0, r0, #21
1000356a:	4460      	add	r0, ip
1000356c:	f7ff f910 	bl	10002790 <__wrap___aeabi_i2d>
10003570:	4a70      	ldr	r2, [pc, #448]	; (10003734 <_etoa+0x3f4>)
10003572:	4b71      	ldr	r3, [pc, #452]	; (10003738 <_etoa+0x3f8>)
10003574:	f7ff f89d 	bl	100026b2 <__wrap___aeabi_dmul>
10003578:	4a70      	ldr	r2, [pc, #448]	; (1000373c <_etoa+0x3fc>)
1000357a:	4b71      	ldr	r3, [pc, #452]	; (10003740 <_etoa+0x400>)
1000357c:	f7ff f872 	bl	10002664 <__wrap___aeabi_dadd>
10003580:	033b      	lsls	r3, r7, #12
10003582:	4a70      	ldr	r2, [pc, #448]	; (10003744 <_etoa+0x404>)
10003584:	0b1b      	lsrs	r3, r3, #12
10003586:	431a      	orrs	r2, r3
10003588:	0004      	movs	r4, r0
1000358a:	000d      	movs	r5, r1
1000358c:	0030      	movs	r0, r6
1000358e:	0011      	movs	r1, r2
10003590:	4b6d      	ldr	r3, [pc, #436]	; (10003748 <_etoa+0x408>)
10003592:	2200      	movs	r2, #0
10003594:	f7ff f85d 	bl	10002652 <__wrap___aeabi_dsub>
10003598:	4a6c      	ldr	r2, [pc, #432]	; (1000374c <_etoa+0x40c>)
1000359a:	4b6d      	ldr	r3, [pc, #436]	; (10003750 <_etoa+0x410>)
1000359c:	f7ff f889 	bl	100026b2 <__wrap___aeabi_dmul>
100035a0:	0002      	movs	r2, r0
100035a2:	000b      	movs	r3, r1
100035a4:	0020      	movs	r0, r4
100035a6:	0029      	movs	r1, r5
100035a8:	f7ff f85c 	bl	10002664 <__wrap___aeabi_dadd>
100035ac:	f7ff f908 	bl	100027c0 <__wrap___aeabi_d2iz>
100035b0:	900d      	str	r0, [sp, #52]	; 0x34
100035b2:	f7ff f8ed 	bl	10002790 <__wrap___aeabi_i2d>
100035b6:	4a67      	ldr	r2, [pc, #412]	; (10003754 <_etoa+0x414>)
100035b8:	4b67      	ldr	r3, [pc, #412]	; (10003758 <_etoa+0x418>)
100035ba:	0004      	movs	r4, r0
100035bc:	000d      	movs	r5, r1
100035be:	f7ff f878 	bl	100026b2 <__wrap___aeabi_dmul>
100035c2:	2200      	movs	r2, #0
100035c4:	4b65      	ldr	r3, [pc, #404]	; (1000375c <_etoa+0x41c>)
100035c6:	f7ff f84d 	bl	10002664 <__wrap___aeabi_dadd>
100035ca:	f7ff f8f9 	bl	100027c0 <__wrap___aeabi_d2iz>
100035ce:	4a64      	ldr	r2, [pc, #400]	; (10003760 <_etoa+0x420>)
100035d0:	0006      	movs	r6, r0
100035d2:	4b64      	ldr	r3, [pc, #400]	; (10003764 <_etoa+0x424>)
100035d4:	0020      	movs	r0, r4
100035d6:	0029      	movs	r1, r5
100035d8:	f7ff f86b 	bl	100026b2 <__wrap___aeabi_dmul>
100035dc:	0004      	movs	r4, r0
100035de:	0030      	movs	r0, r6
100035e0:	000d      	movs	r5, r1
100035e2:	960f      	str	r6, [sp, #60]	; 0x3c
100035e4:	f7ff f8d4 	bl	10002790 <__wrap___aeabi_i2d>
100035e8:	4a5f      	ldr	r2, [pc, #380]	; (10003768 <_etoa+0x428>)
100035ea:	4b60      	ldr	r3, [pc, #384]	; (1000376c <_etoa+0x42c>)
100035ec:	f7ff f861 	bl	100026b2 <__wrap___aeabi_dmul>
100035f0:	0002      	movs	r2, r0
100035f2:	000b      	movs	r3, r1
100035f4:	0020      	movs	r0, r4
100035f6:	0029      	movs	r1, r5
100035f8:	f7ff f82b 	bl	10002652 <__wrap___aeabi_dsub>
100035fc:	0002      	movs	r2, r0
100035fe:	000b      	movs	r3, r1
10003600:	0006      	movs	r6, r0
10003602:	000f      	movs	r7, r1
10003604:	f7ff f855 	bl	100026b2 <__wrap___aeabi_dmul>
10003608:	0032      	movs	r2, r6
1000360a:	0004      	movs	r4, r0
1000360c:	000d      	movs	r5, r1
1000360e:	003b      	movs	r3, r7
10003610:	0030      	movs	r0, r6
10003612:	0039      	movs	r1, r7
10003614:	f7ff f826 	bl	10002664 <__wrap___aeabi_dadd>
10003618:	2200      	movs	r2, #0
1000361a:	9010      	str	r0, [sp, #64]	; 0x40
1000361c:	9111      	str	r1, [sp, #68]	; 0x44
1000361e:	4b54      	ldr	r3, [pc, #336]	; (10003770 <_etoa+0x430>)
10003620:	0020      	movs	r0, r4
10003622:	0029      	movs	r1, r5
10003624:	f7ff f827 	bl	10002676 <__wrap___aeabi_ddiv>
10003628:	2200      	movs	r2, #0
1000362a:	4b52      	ldr	r3, [pc, #328]	; (10003774 <_etoa+0x434>)
1000362c:	f7ff f81a 	bl	10002664 <__wrap___aeabi_dadd>
10003630:	0002      	movs	r2, r0
10003632:	000b      	movs	r3, r1
10003634:	0020      	movs	r0, r4
10003636:	0029      	movs	r1, r5
10003638:	f7ff f81d 	bl	10002676 <__wrap___aeabi_ddiv>
1000363c:	2200      	movs	r2, #0
1000363e:	4b4e      	ldr	r3, [pc, #312]	; (10003778 <_etoa+0x438>)
10003640:	f7ff f810 	bl	10002664 <__wrap___aeabi_dadd>
10003644:	0002      	movs	r2, r0
10003646:	000b      	movs	r3, r1
10003648:	0020      	movs	r0, r4
1000364a:	0029      	movs	r1, r5
1000364c:	f7ff f813 	bl	10002676 <__wrap___aeabi_ddiv>
10003650:	000d      	movs	r5, r1
10003652:	2180      	movs	r1, #128	; 0x80
10003654:	0004      	movs	r4, r0
10003656:	0032      	movs	r2, r6
10003658:	003b      	movs	r3, r7
1000365a:	2000      	movs	r0, #0
1000365c:	05c9      	lsls	r1, r1, #23
1000365e:	f7fe fff8 	bl	10002652 <__wrap___aeabi_dsub>
10003662:	0002      	movs	r2, r0
10003664:	000b      	movs	r3, r1
10003666:	0020      	movs	r0, r4
10003668:	0029      	movs	r1, r5
1000366a:	f7fe fffb 	bl	10002664 <__wrap___aeabi_dadd>
1000366e:	0002      	movs	r2, r0
10003670:	000b      	movs	r3, r1
10003672:	9810      	ldr	r0, [sp, #64]	; 0x40
10003674:	9911      	ldr	r1, [sp, #68]	; 0x44
10003676:	f7fe fffe 	bl	10002676 <__wrap___aeabi_ddiv>
1000367a:	2200      	movs	r2, #0
1000367c:	4b31      	ldr	r3, [pc, #196]	; (10003744 <_etoa+0x404>)
1000367e:	f7fe fff1 	bl	10002664 <__wrap___aeabi_dadd>
10003682:	4b3e      	ldr	r3, [pc, #248]	; (1000377c <_etoa+0x43c>)
10003684:	9c0f      	ldr	r4, [sp, #60]	; 0x3c
10003686:	469c      	mov	ip, r3
10003688:	4464      	add	r4, ip
1000368a:	2200      	movs	r2, #0
1000368c:	0523      	lsls	r3, r4, #20
1000368e:	f7ff f810 	bl	100026b2 <__wrap___aeabi_dmul>
10003692:	0005      	movs	r5, r0
10003694:	000e      	movs	r6, r1
10003696:	0002      	movs	r2, r0
10003698:	000b      	movs	r3, r1
1000369a:	980a      	ldr	r0, [sp, #40]	; 0x28
1000369c:	9909      	ldr	r1, [sp, #36]	; 0x24
1000369e:	f7ff f84b 	bl	10002738 <__wrap___aeabi_dcmplt>
100036a2:	2800      	cmp	r0, #0
100036a4:	d00a      	beq.n	100036bc <_etoa+0x37c>
100036a6:	9b0d      	ldr	r3, [sp, #52]	; 0x34
100036a8:	0028      	movs	r0, r5
100036aa:	3b01      	subs	r3, #1
100036ac:	0031      	movs	r1, r6
100036ae:	930d      	str	r3, [sp, #52]	; 0x34
100036b0:	2200      	movs	r2, #0
100036b2:	4b30      	ldr	r3, [pc, #192]	; (10003774 <_etoa+0x434>)
100036b4:	f7fe ffdf 	bl	10002676 <__wrap___aeabi_ddiv>
100036b8:	0005      	movs	r5, r0
100036ba:	000e      	movs	r6, r1
100036bc:	27c6      	movs	r7, #198	; 0xc6
100036be:	990d      	ldr	r1, [sp, #52]	; 0x34
100036c0:	002b      	movs	r3, r5
100036c2:	3163      	adds	r1, #99	; 0x63
100036c4:	428f      	cmp	r7, r1
100036c6:	41bf      	sbcs	r7, r7
100036c8:	9928      	ldr	r1, [sp, #160]	; 0xa0
100036ca:	427f      	negs	r7, r7
100036cc:	3704      	adds	r7, #4
100036ce:	0509      	lsls	r1, r1, #20
100036d0:	d400      	bmi.n	100036d4 <_etoa+0x394>
100036d2:	e695      	b.n	10003400 <_etoa+0xc0>
100036d4:	4333      	orrs	r3, r6
100036d6:	d100      	bne.n	100036da <_etoa+0x39a>
100036d8:	e682      	b.n	100033e0 <_etoa+0xa0>
100036da:	9c09      	ldr	r4, [sp, #36]	; 0x24
100036dc:	4a28      	ldr	r2, [pc, #160]	; (10003780 <_etoa+0x440>)
100036de:	0021      	movs	r1, r4
100036e0:	4b28      	ldr	r3, [pc, #160]	; (10003784 <_etoa+0x444>)
100036e2:	980a      	ldr	r0, [sp, #40]	; 0x28
100036e4:	f7ff f836 	bl	10002754 <__wrap___aeabi_dcmpge>
100036e8:	2800      	cmp	r0, #0
100036ea:	d008      	beq.n	100036fe <_etoa+0x3be>
100036ec:	2200      	movs	r2, #0
100036ee:	0021      	movs	r1, r4
100036f0:	4b25      	ldr	r3, [pc, #148]	; (10003788 <_etoa+0x448>)
100036f2:	980a      	ldr	r0, [sp, #40]	; 0x28
100036f4:	f7ff f820 	bl	10002738 <__wrap___aeabi_dcmplt>
100036f8:	2800      	cmp	r0, #0
100036fa:	d000      	beq.n	100036fe <_etoa+0x3be>
100036fc:	e670      	b.n	100033e0 <_etoa+0xa0>
100036fe:	9b26      	ldr	r3, [sp, #152]	; 0x98
10003700:	2b00      	cmp	r3, #0
10003702:	d100      	bne.n	10003706 <_etoa+0x3c6>
10003704:	e67c      	b.n	10003400 <_etoa+0xc0>
10003706:	9b0e      	ldr	r3, [sp, #56]	; 0x38
10003708:	1e5a      	subs	r2, r3, #1
1000370a:	4193      	sbcs	r3, r2
1000370c:	9a26      	ldr	r2, [sp, #152]	; 0x98
1000370e:	1ad3      	subs	r3, r2, r3
10003710:	9326      	str	r3, [sp, #152]	; 0x98
10003712:	e675      	b.n	10003400 <_etoa+0xc0>
10003714:	2300      	movs	r3, #0
10003716:	2704      	movs	r7, #4
10003718:	930d      	str	r3, [sp, #52]	; 0x34
1000371a:	e671      	b.n	10003400 <_etoa+0xc0>
1000371c:	4643      	mov	r3, r8
1000371e:	930a      	str	r3, [sp, #40]	; 0x28
10003720:	2380      	movs	r3, #128	; 0x80
10003722:	061b      	lsls	r3, r3, #24
10003724:	4453      	add	r3, sl
10003726:	9309      	str	r3, [sp, #36]	; 0x24
10003728:	e642      	b.n	100033b0 <_etoa+0x70>
1000372a:	2300      	movs	r3, #0
1000372c:	9326      	str	r3, [sp, #152]	; 0x98
1000372e:	e65f      	b.n	100033f0 <_etoa+0xb0>
10003730:	fffffc01 	.word	0xfffffc01
10003734:	509f79fb 	.word	0x509f79fb
10003738:	3fd34413 	.word	0x3fd34413
1000373c:	8b60c8b3 	.word	0x8b60c8b3
10003740:	3fc68a28 	.word	0x3fc68a28
10003744:	3ff00000 	.word	0x3ff00000
10003748:	3ff80000 	.word	0x3ff80000
1000374c:	636f4361 	.word	0x636f4361
10003750:	3fd287a7 	.word	0x3fd287a7
10003754:	0979a371 	.word	0x0979a371
10003758:	400a934f 	.word	0x400a934f
1000375c:	3fe00000 	.word	0x3fe00000
10003760:	bbb55516 	.word	0xbbb55516
10003764:	40026bb1 	.word	0x40026bb1
10003768:	fefa39ef 	.word	0xfefa39ef
1000376c:	3fe62e42 	.word	0x3fe62e42
10003770:	402c0000 	.word	0x402c0000
10003774:	40240000 	.word	0x40240000
10003778:	40180000 	.word	0x40180000
1000377c:	000003ff 	.word	0x000003ff
10003780:	eb1c432d 	.word	0xeb1c432d
10003784:	3f1a36e2 	.word	0x3f1a36e2
10003788:	412e8480 	.word	0x412e8480

1000378c <_ftoa>:
1000378c:	b5f0      	push	{r4, r5, r6, r7, lr}
1000378e:	464e      	mov	r6, r9
10003790:	46de      	mov	lr, fp
10003792:	4657      	mov	r7, sl
10003794:	4645      	mov	r5, r8
10003796:	b5e0      	push	{r5, r6, r7, lr}
10003798:	b097      	sub	sp, #92	; 0x5c
1000379a:	4699      	mov	r9, r3
1000379c:	9e20      	ldr	r6, [sp, #128]	; 0x80
1000379e:	9f21      	ldr	r7, [sp, #132]	; 0x84
100037a0:	9b22      	ldr	r3, [sp, #136]	; 0x88
100037a2:	4683      	mov	fp, r0
100037a4:	4698      	mov	r8, r3
100037a6:	9107      	str	r1, [sp, #28]
100037a8:	920c      	str	r2, [sp, #48]	; 0x30
100037aa:	003b      	movs	r3, r7
100037ac:	0032      	movs	r2, r6
100037ae:	0030      	movs	r0, r6
100037b0:	0039      	movs	r1, r7
100037b2:	f7fe ffdc 	bl	1000276e <__wrap___aeabi_dcmpun>
100037b6:	2800      	cmp	r0, #0
100037b8:	d000      	beq.n	100037bc <_ftoa+0x30>
100037ba:	e1a9      	b.n	10003b10 <_ftoa+0x384>
100037bc:	2201      	movs	r2, #1
100037be:	0030      	movs	r0, r6
100037c0:	0039      	movs	r1, r7
100037c2:	4bca      	ldr	r3, [pc, #808]	; (10003aec <_ftoa+0x360>)
100037c4:	4252      	negs	r2, r2
100037c6:	f7fe ffb7 	bl	10002738 <__wrap___aeabi_dcmplt>
100037ca:	2800      	cmp	r0, #0
100037cc:	d000      	beq.n	100037d0 <_ftoa+0x44>
100037ce:	e0e1      	b.n	10003994 <_ftoa+0x208>
100037d0:	2201      	movs	r2, #1
100037d2:	0030      	movs	r0, r6
100037d4:	0039      	movs	r1, r7
100037d6:	4bc6      	ldr	r3, [pc, #792]	; (10003af0 <_ftoa+0x364>)
100037d8:	4252      	negs	r2, r2
100037da:	f7fe ffc3 	bl	10002764 <__wrap___aeabi_dcmpgt>
100037de:	2800      	cmp	r0, #0
100037e0:	d000      	beq.n	100037e4 <_ftoa+0x58>
100037e2:	e0b7      	b.n	10003954 <_ftoa+0x1c8>
100037e4:	2200      	movs	r2, #0
100037e6:	0030      	movs	r0, r6
100037e8:	0039      	movs	r1, r7
100037ea:	4bc2      	ldr	r3, [pc, #776]	; (10003af4 <_ftoa+0x368>)
100037ec:	f7fe ffba 	bl	10002764 <__wrap___aeabi_dcmpgt>
100037f0:	2800      	cmp	r0, #0
100037f2:	d000      	beq.n	100037f6 <_ftoa+0x6a>
100037f4:	e099      	b.n	1000392a <_ftoa+0x19e>
100037f6:	2200      	movs	r2, #0
100037f8:	0030      	movs	r0, r6
100037fa:	0039      	movs	r1, r7
100037fc:	4bbe      	ldr	r3, [pc, #760]	; (10003af8 <_ftoa+0x36c>)
100037fe:	f7fe ff9b 	bl	10002738 <__wrap___aeabi_dcmplt>
10003802:	2800      	cmp	r0, #0
10003804:	d000      	beq.n	10003808 <_ftoa+0x7c>
10003806:	e090      	b.n	1000392a <_ftoa+0x19e>
10003808:	2200      	movs	r2, #0
1000380a:	2300      	movs	r3, #0
1000380c:	0030      	movs	r0, r6
1000380e:	0039      	movs	r1, r7
10003810:	f7fe ff92 	bl	10002738 <__wrap___aeabi_dcmplt>
10003814:	2800      	cmp	r0, #0
10003816:	d000      	beq.n	1000381a <_ftoa+0x8e>
10003818:	e0b1      	b.n	1000397e <_ftoa+0x1f2>
1000381a:	2300      	movs	r3, #0
1000381c:	930d      	str	r3, [sp, #52]	; 0x34
1000381e:	9b24      	ldr	r3, [sp, #144]	; 0x90
10003820:	055b      	lsls	r3, r3, #21
10003822:	d401      	bmi.n	10003828 <_ftoa+0x9c>
10003824:	2306      	movs	r3, #6
10003826:	4698      	mov	r8, r3
10003828:	ab08      	add	r3, sp, #32
1000382a:	469c      	mov	ip, r3
1000382c:	2217      	movs	r2, #23
1000382e:	2400      	movs	r4, #0
10003830:	2330      	movs	r3, #48	; 0x30
10003832:	4641      	mov	r1, r8
10003834:	4462      	add	r2, ip
10003836:	e004      	b.n	10003842 <_ftoa+0xb6>
10003838:	3401      	adds	r4, #1
1000383a:	5513      	strb	r3, [r2, r4]
1000383c:	3901      	subs	r1, #1
1000383e:	2c20      	cmp	r4, #32
10003840:	d001      	beq.n	10003846 <_ftoa+0xba>
10003842:	2909      	cmp	r1, #9
10003844:	d8f8      	bhi.n	10003838 <_ftoa+0xac>
10003846:	4688      	mov	r8, r1
10003848:	0030      	movs	r0, r6
1000384a:	0039      	movs	r1, r7
1000384c:	f7fe ffb8 	bl	100027c0 <__wrap___aeabi_d2iz>
10003850:	4643      	mov	r3, r8
10003852:	00da      	lsls	r2, r3, #3
10003854:	4ba9      	ldr	r3, [pc, #676]	; (10003afc <_ftoa+0x370>)
10003856:	0005      	movs	r5, r0
10003858:	189b      	adds	r3, r3, r2
1000385a:	681a      	ldr	r2, [r3, #0]
1000385c:	685b      	ldr	r3, [r3, #4]
1000385e:	9208      	str	r2, [sp, #32]
10003860:	9309      	str	r3, [sp, #36]	; 0x24
10003862:	f7fe ff95 	bl	10002790 <__wrap___aeabi_i2d>
10003866:	0002      	movs	r2, r0
10003868:	000b      	movs	r3, r1
1000386a:	0030      	movs	r0, r6
1000386c:	0039      	movs	r1, r7
1000386e:	f7fe fef0 	bl	10002652 <__wrap___aeabi_dsub>
10003872:	9a08      	ldr	r2, [sp, #32]
10003874:	9b09      	ldr	r3, [sp, #36]	; 0x24
10003876:	f7fe ff1c 	bl	100026b2 <__wrap___aeabi_dmul>
1000387a:	900a      	str	r0, [sp, #40]	; 0x28
1000387c:	910b      	str	r1, [sp, #44]	; 0x2c
1000387e:	f7fe ffc3 	bl	10002808 <__wrap___aeabi_d2uiz>
10003882:	4682      	mov	sl, r0
10003884:	f7fe ff80 	bl	10002788 <__wrap___aeabi_ui2d>
10003888:	0002      	movs	r2, r0
1000388a:	000b      	movs	r3, r1
1000388c:	980a      	ldr	r0, [sp, #40]	; 0x28
1000388e:	990b      	ldr	r1, [sp, #44]	; 0x2c
10003890:	f7fe fedf 	bl	10002652 <__wrap___aeabi_dsub>
10003894:	2200      	movs	r2, #0
10003896:	4b9a      	ldr	r3, [pc, #616]	; (10003b00 <_ftoa+0x374>)
10003898:	900a      	str	r0, [sp, #40]	; 0x28
1000389a:	910b      	str	r1, [sp, #44]	; 0x2c
1000389c:	f7fe ff62 	bl	10002764 <__wrap___aeabi_dcmpgt>
100038a0:	2800      	cmp	r0, #0
100038a2:	d100      	bne.n	100038a6 <_ftoa+0x11a>
100038a4:	e0c0      	b.n	10003a28 <_ftoa+0x29c>
100038a6:	2301      	movs	r3, #1
100038a8:	469c      	mov	ip, r3
100038aa:	44e2      	add	sl, ip
100038ac:	4650      	mov	r0, sl
100038ae:	f7fe ff6b 	bl	10002788 <__wrap___aeabi_ui2d>
100038b2:	0002      	movs	r2, r0
100038b4:	000b      	movs	r3, r1
100038b6:	9808      	ldr	r0, [sp, #32]
100038b8:	9909      	ldr	r1, [sp, #36]	; 0x24
100038ba:	f7fe ff43 	bl	10002744 <__wrap___aeabi_dcmple>
100038be:	2800      	cmp	r0, #0
100038c0:	d002      	beq.n	100038c8 <_ftoa+0x13c>
100038c2:	2300      	movs	r3, #0
100038c4:	469a      	mov	sl, r3
100038c6:	3501      	adds	r5, #1
100038c8:	4643      	mov	r3, r8
100038ca:	2b00      	cmp	r3, #0
100038cc:	d06a      	beq.n	100039a4 <_ftoa+0x218>
100038ce:	ab08      	add	r3, sp, #32
100038d0:	2617      	movs	r6, #23
100038d2:	469c      	mov	ip, r3
100038d4:	9508      	str	r5, [sp, #32]
100038d6:	4466      	add	r6, ip
100038d8:	4655      	mov	r5, sl
100038da:	e014      	b.n	10003906 <_ftoa+0x17a>
100038dc:	2301      	movs	r3, #1
100038de:	425b      	negs	r3, r3
100038e0:	4443      	add	r3, r8
100038e2:	210a      	movs	r1, #10
100038e4:	0028      	movs	r0, r5
100038e6:	469a      	mov	sl, r3
100038e8:	f7fe fc78 	bl	100021dc <__wrap___aeabi_uidiv>
100038ec:	3401      	adds	r4, #1
100038ee:	3130      	adds	r1, #48	; 0x30
100038f0:	1937      	adds	r7, r6, r4
100038f2:	7039      	strb	r1, [r7, #0]
100038f4:	0028      	movs	r0, r5
100038f6:	210a      	movs	r1, #10
100038f8:	f7fe fc70 	bl	100021dc <__wrap___aeabi_uidiv>
100038fc:	2d09      	cmp	r5, #9
100038fe:	d800      	bhi.n	10003902 <_ftoa+0x176>
10003900:	e0d0      	b.n	10003aa4 <_ftoa+0x318>
10003902:	46d0      	mov	r8, sl
10003904:	0005      	movs	r5, r0
10003906:	2c20      	cmp	r4, #32
10003908:	d1e8      	bne.n	100038dc <_ftoa+0x150>
1000390a:	ab0e      	add	r3, sp, #56	; 0x38
1000390c:	4698      	mov	r8, r3
1000390e:	2303      	movs	r3, #3
10003910:	9a24      	ldr	r2, [sp, #144]	; 0x90
10003912:	4013      	ands	r3, r2
10003914:	2b01      	cmp	r3, #1
10003916:	d100      	bne.n	1000391a <_ftoa+0x18e>
10003918:	e096      	b.n	10003a48 <_ftoa+0x2bc>
1000391a:	2320      	movs	r3, #32
1000391c:	9a24      	ldr	r2, [sp, #144]	; 0x90
1000391e:	9301      	str	r3, [sp, #4]
10003920:	9203      	str	r2, [sp, #12]
10003922:	9a23      	ldr	r2, [sp, #140]	; 0x8c
10003924:	4643      	mov	r3, r8
10003926:	9202      	str	r2, [sp, #8]
10003928:	e01e      	b.n	10003968 <_ftoa+0x1dc>
1000392a:	9b24      	ldr	r3, [sp, #144]	; 0x90
1000392c:	4658      	mov	r0, fp
1000392e:	9304      	str	r3, [sp, #16]
10003930:	9b23      	ldr	r3, [sp, #140]	; 0x8c
10003932:	9600      	str	r6, [sp, #0]
10003934:	9701      	str	r7, [sp, #4]
10003936:	9303      	str	r3, [sp, #12]
10003938:	4643      	mov	r3, r8
1000393a:	9a0c      	ldr	r2, [sp, #48]	; 0x30
1000393c:	9302      	str	r3, [sp, #8]
1000393e:	9907      	ldr	r1, [sp, #28]
10003940:	464b      	mov	r3, r9
10003942:	f7ff fcfd 	bl	10003340 <_etoa>
10003946:	b017      	add	sp, #92	; 0x5c
10003948:	bcf0      	pop	{r4, r5, r6, r7}
1000394a:	46bb      	mov	fp, r7
1000394c:	46b2      	mov	sl, r6
1000394e:	46a9      	mov	r9, r5
10003950:	46a0      	mov	r8, r4
10003952:	bdf0      	pop	{r4, r5, r6, r7, pc}
10003954:	9b24      	ldr	r3, [sp, #144]	; 0x90
10003956:	075b      	lsls	r3, r3, #29
10003958:	d40e      	bmi.n	10003978 <_ftoa+0x1ec>
1000395a:	2203      	movs	r2, #3
1000395c:	4b69      	ldr	r3, [pc, #420]	; (10003b04 <_ftoa+0x378>)
1000395e:	9924      	ldr	r1, [sp, #144]	; 0x90
10003960:	9201      	str	r2, [sp, #4]
10003962:	9103      	str	r1, [sp, #12]
10003964:	9923      	ldr	r1, [sp, #140]	; 0x8c
10003966:	9102      	str	r1, [sp, #8]
10003968:	9300      	str	r3, [sp, #0]
1000396a:	4658      	mov	r0, fp
1000396c:	464b      	mov	r3, r9
1000396e:	9a0c      	ldr	r2, [sp, #48]	; 0x30
10003970:	9907      	ldr	r1, [sp, #28]
10003972:	f7ff fba1 	bl	100030b8 <_out_rev>
10003976:	e7e6      	b.n	10003946 <_ftoa+0x1ba>
10003978:	2204      	movs	r2, #4
1000397a:	4b63      	ldr	r3, [pc, #396]	; (10003b08 <_ftoa+0x37c>)
1000397c:	e7ef      	b.n	1000395e <_ftoa+0x1d2>
1000397e:	003b      	movs	r3, r7
10003980:	0032      	movs	r2, r6
10003982:	2000      	movs	r0, #0
10003984:	2100      	movs	r1, #0
10003986:	f7fe fe64 	bl	10002652 <__wrap___aeabi_dsub>
1000398a:	2301      	movs	r3, #1
1000398c:	0006      	movs	r6, r0
1000398e:	000f      	movs	r7, r1
10003990:	930d      	str	r3, [sp, #52]	; 0x34
10003992:	e744      	b.n	1000381e <_ftoa+0x92>
10003994:	9b24      	ldr	r3, [sp, #144]	; 0x90
10003996:	9303      	str	r3, [sp, #12]
10003998:	9b23      	ldr	r3, [sp, #140]	; 0x8c
1000399a:	9302      	str	r3, [sp, #8]
1000399c:	2304      	movs	r3, #4
1000399e:	9301      	str	r3, [sp, #4]
100039a0:	4b5a      	ldr	r3, [pc, #360]	; (10003b0c <_ftoa+0x380>)
100039a2:	e7e1      	b.n	10003968 <_ftoa+0x1dc>
100039a4:	0028      	movs	r0, r5
100039a6:	f7fe fef3 	bl	10002790 <__wrap___aeabi_i2d>
100039aa:	0002      	movs	r2, r0
100039ac:	000b      	movs	r3, r1
100039ae:	0030      	movs	r0, r6
100039b0:	0039      	movs	r1, r7
100039b2:	f7fe fe4e 	bl	10002652 <__wrap___aeabi_dsub>
100039b6:	4b52      	ldr	r3, [pc, #328]	; (10003b00 <_ftoa+0x374>)
100039b8:	2200      	movs	r2, #0
100039ba:	0006      	movs	r6, r0
100039bc:	000f      	movs	r7, r1
100039be:	f7fe febb 	bl	10002738 <__wrap___aeabi_dcmplt>
100039c2:	ab0e      	add	r3, sp, #56	; 0x38
100039c4:	4698      	mov	r8, r3
100039c6:	2800      	cmp	r0, #0
100039c8:	d10a      	bne.n	100039e0 <_ftoa+0x254>
100039ca:	2200      	movs	r2, #0
100039cc:	0030      	movs	r0, r6
100039ce:	0039      	movs	r1, r7
100039d0:	4b4b      	ldr	r3, [pc, #300]	; (10003b00 <_ftoa+0x374>)
100039d2:	f7fe fec7 	bl	10002764 <__wrap___aeabi_dcmpgt>
100039d6:	2800      	cmp	r0, #0
100039d8:	d102      	bne.n	100039e0 <_ftoa+0x254>
100039da:	07eb      	lsls	r3, r5, #31
100039dc:	d500      	bpl.n	100039e0 <_ftoa+0x254>
100039de:	3501      	adds	r5, #1
100039e0:	2c20      	cmp	r4, #32
100039e2:	d094      	beq.n	1000390e <_ftoa+0x182>
100039e4:	aa08      	add	r2, sp, #32
100039e6:	4694      	mov	ip, r2
100039e8:	2317      	movs	r3, #23
100039ea:	0028      	movs	r0, r5
100039ec:	4463      	add	r3, ip
100039ee:	210a      	movs	r1, #10
100039f0:	3401      	adds	r4, #1
100039f2:	191e      	adds	r6, r3, r4
100039f4:	f7fe fbca 	bl	1000218c <__wrap___aeabi_idiv>
100039f8:	3130      	adds	r1, #48	; 0x30
100039fa:	0028      	movs	r0, r5
100039fc:	7031      	strb	r1, [r6, #0]
100039fe:	210a      	movs	r1, #10
10003a00:	f7fe fbc4 	bl	1000218c <__wrap___aeabi_idiv>
10003a04:	1e05      	subs	r5, r0, #0
10003a06:	d1eb      	bne.n	100039e0 <_ftoa+0x254>
10003a08:	2303      	movs	r3, #3
10003a0a:	9a24      	ldr	r2, [sp, #144]	; 0x90
10003a0c:	4013      	ands	r3, r2
10003a0e:	2b01      	cmp	r3, #1
10003a10:	d01b      	beq.n	10003a4a <_ftoa+0x2be>
10003a12:	2c20      	cmp	r4, #32
10003a14:	d100      	bne.n	10003a18 <_ftoa+0x28c>
10003a16:	e780      	b.n	1000391a <_ftoa+0x18e>
10003a18:	9b0d      	ldr	r3, [sp, #52]	; 0x34
10003a1a:	2b00      	cmp	r3, #0
10003a1c:	d035      	beq.n	10003a8a <_ftoa+0x2fe>
10003a1e:	222d      	movs	r2, #45	; 0x2d
10003a20:	4641      	mov	r1, r8
10003a22:	1c63      	adds	r3, r4, #1
10003a24:	550a      	strb	r2, [r1, r4]
10003a26:	e779      	b.n	1000391c <_ftoa+0x190>
10003a28:	2200      	movs	r2, #0
10003a2a:	980a      	ldr	r0, [sp, #40]	; 0x28
10003a2c:	990b      	ldr	r1, [sp, #44]	; 0x2c
10003a2e:	4b34      	ldr	r3, [pc, #208]	; (10003b00 <_ftoa+0x374>)
10003a30:	f7fe fe82 	bl	10002738 <__wrap___aeabi_dcmplt>
10003a34:	2800      	cmp	r0, #0
10003a36:	d000      	beq.n	10003a3a <_ftoa+0x2ae>
10003a38:	e746      	b.n	100038c8 <_ftoa+0x13c>
10003a3a:	4653      	mov	r3, sl
10003a3c:	2b00      	cmp	r3, #0
10003a3e:	d151      	bne.n	10003ae4 <_ftoa+0x358>
10003a40:	2301      	movs	r3, #1
10003a42:	469c      	mov	ip, r3
10003a44:	44e2      	add	sl, ip
10003a46:	e73f      	b.n	100038c8 <_ftoa+0x13c>
10003a48:	2420      	movs	r4, #32
10003a4a:	9b23      	ldr	r3, [sp, #140]	; 0x8c
10003a4c:	2b00      	cmp	r3, #0
10003a4e:	d0e0      	beq.n	10003a12 <_ftoa+0x286>
10003a50:	9b0d      	ldr	r3, [sp, #52]	; 0x34
10003a52:	2b00      	cmp	r3, #0
10003a54:	d103      	bne.n	10003a5e <_ftoa+0x2d2>
10003a56:	9a24      	ldr	r2, [sp, #144]	; 0x90
10003a58:	330c      	adds	r3, #12
10003a5a:	4213      	tst	r3, r2
10003a5c:	d002      	beq.n	10003a64 <_ftoa+0x2d8>
10003a5e:	9b23      	ldr	r3, [sp, #140]	; 0x8c
10003a60:	3b01      	subs	r3, #1
10003a62:	9323      	str	r3, [sp, #140]	; 0x8c
10003a64:	9b23      	ldr	r3, [sp, #140]	; 0x8c
10003a66:	42a3      	cmp	r3, r4
10003a68:	d9d3      	bls.n	10003a12 <_ftoa+0x286>
10003a6a:	ab08      	add	r3, sp, #32
10003a6c:	469c      	mov	ip, r3
10003a6e:	2217      	movs	r2, #23
10003a70:	2330      	movs	r3, #48	; 0x30
10003a72:	4462      	add	r2, ip
10003a74:	2c20      	cmp	r4, #32
10003a76:	d100      	bne.n	10003a7a <_ftoa+0x2ee>
10003a78:	e74f      	b.n	1000391a <_ftoa+0x18e>
10003a7a:	9923      	ldr	r1, [sp, #140]	; 0x8c
10003a7c:	3401      	adds	r4, #1
10003a7e:	5513      	strb	r3, [r2, r4]
10003a80:	428c      	cmp	r4, r1
10003a82:	d0c6      	beq.n	10003a12 <_ftoa+0x286>
10003a84:	2c20      	cmp	r4, #32
10003a86:	d1f8      	bne.n	10003a7a <_ftoa+0x2ee>
10003a88:	e747      	b.n	1000391a <_ftoa+0x18e>
10003a8a:	9b24      	ldr	r3, [sp, #144]	; 0x90
10003a8c:	075b      	lsls	r3, r3, #29
10003a8e:	d424      	bmi.n	10003ada <_ftoa+0x34e>
10003a90:	9a24      	ldr	r2, [sp, #144]	; 0x90
10003a92:	0023      	movs	r3, r4
10003a94:	0712      	lsls	r2, r2, #28
10003a96:	d400      	bmi.n	10003a9a <_ftoa+0x30e>
10003a98:	e740      	b.n	1000391c <_ftoa+0x190>
10003a9a:	2220      	movs	r2, #32
10003a9c:	4641      	mov	r1, r8
10003a9e:	3301      	adds	r3, #1
10003aa0:	550a      	strb	r2, [r1, r4]
10003aa2:	e73b      	b.n	1000391c <_ftoa+0x190>
10003aa4:	4657      	mov	r7, sl
10003aa6:	9d08      	ldr	r5, [sp, #32]
10003aa8:	2c20      	cmp	r4, #32
10003aaa:	d100      	bne.n	10003aae <_ftoa+0x322>
10003aac:	e72d      	b.n	1000390a <_ftoa+0x17e>
10003aae:	0022      	movs	r2, r4
10003ab0:	2130      	movs	r1, #48	; 0x30
10003ab2:	4640      	mov	r0, r8
10003ab4:	2f00      	cmp	r7, #0
10003ab6:	d009      	beq.n	10003acc <_ftoa+0x340>
10003ab8:	3201      	adds	r2, #1
10003aba:	54b1      	strb	r1, [r6, r2]
10003abc:	2a20      	cmp	r2, #32
10003abe:	d100      	bne.n	10003ac2 <_ftoa+0x336>
10003ac0:	e723      	b.n	1000390a <_ftoa+0x17e>
10003ac2:	43d3      	mvns	r3, r2
10003ac4:	191b      	adds	r3, r3, r4
10003ac6:	181b      	adds	r3, r3, r0
10003ac8:	2b00      	cmp	r3, #0
10003aca:	d1f5      	bne.n	10003ab8 <_ftoa+0x32c>
10003acc:	ab0e      	add	r3, sp, #56	; 0x38
10003ace:	4698      	mov	r8, r3
10003ad0:	232e      	movs	r3, #46	; 0x2e
10003ad2:	4641      	mov	r1, r8
10003ad4:	1c54      	adds	r4, r2, #1
10003ad6:	548b      	strb	r3, [r1, r2]
10003ad8:	e782      	b.n	100039e0 <_ftoa+0x254>
10003ada:	222b      	movs	r2, #43	; 0x2b
10003adc:	4641      	mov	r1, r8
10003ade:	1c63      	adds	r3, r4, #1
10003ae0:	550a      	strb	r2, [r1, r4]
10003ae2:	e71b      	b.n	1000391c <_ftoa+0x190>
10003ae4:	07db      	lsls	r3, r3, #31
10003ae6:	d400      	bmi.n	10003aea <_ftoa+0x35e>
10003ae8:	e6ee      	b.n	100038c8 <_ftoa+0x13c>
10003aea:	e7a9      	b.n	10003a40 <_ftoa+0x2b4>
10003aec:	ffefffff 	.word	0xffefffff
10003af0:	7fefffff 	.word	0x7fefffff
10003af4:	41cdcd65 	.word	0x41cdcd65
10003af8:	c1cdcd65 	.word	0xc1cdcd65
10003afc:	100056d0 	.word	0x100056d0
10003b00:	3fe00000 	.word	0x3fe00000
10003b04:	100054d8 	.word	0x100054d8
10003b08:	100054dc 	.word	0x100054dc
10003b0c:	100054e8 	.word	0x100054e8
10003b10:	9b24      	ldr	r3, [sp, #144]	; 0x90
10003b12:	9303      	str	r3, [sp, #12]
10003b14:	9b23      	ldr	r3, [sp, #140]	; 0x8c
10003b16:	9302      	str	r3, [sp, #8]
10003b18:	2303      	movs	r3, #3
10003b1a:	9301      	str	r3, [sp, #4]
10003b1c:	4b00      	ldr	r3, [pc, #0]	; (10003b20 <_ftoa+0x394>)
10003b1e:	e723      	b.n	10003968 <_ftoa+0x1dc>
10003b20:	100054e4 	.word	0x100054e4

10003b24 <_vsnprintf>:
10003b24:	b5f0      	push	{r4, r5, r6, r7, lr}
10003b26:	46de      	mov	lr, fp
10003b28:	464e      	mov	r6, r9
10003b2a:	4657      	mov	r7, sl
10003b2c:	4645      	mov	r5, r8
10003b2e:	b5e0      	push	{r5, r6, r7, lr}
10003b30:	b09f      	sub	sp, #124	; 0x7c
10003b32:	001c      	movs	r4, r3
10003b34:	9b28      	ldr	r3, [sp, #160]	; 0xa0
10003b36:	4691      	mov	r9, r2
10003b38:	9309      	str	r3, [sp, #36]	; 0x24
10003b3a:	4ac9      	ldr	r2, [pc, #804]	; (10003e60 <_vsnprintf+0x33c>)
10003b3c:	4bc9      	ldr	r3, [pc, #804]	; (10003e64 <_vsnprintf+0x340>)
10003b3e:	468b      	mov	fp, r1
10003b40:	9008      	str	r0, [sp, #32]
10003b42:	601a      	str	r2, [r3, #0]
10003b44:	2900      	cmp	r1, #0
10003b46:	d100      	bne.n	10003b4a <_vsnprintf+0x26>
10003b48:	e218      	b.n	10003f7c <_vsnprintf+0x458>
10003b4a:	2300      	movs	r3, #0
10003b4c:	7820      	ldrb	r0, [r4, #0]
10003b4e:	469a      	mov	sl, r3
10003b50:	2800      	cmp	r0, #0
10003b52:	d100      	bne.n	10003b56 <_vsnprintf+0x32>
10003b54:	e21a      	b.n	10003f8c <_vsnprintf+0x468>
10003b56:	0026      	movs	r6, r4
10003b58:	001d      	movs	r5, r3
10003b5a:	465c      	mov	r4, fp
10003b5c:	e00a      	b.n	10003b74 <_vsnprintf+0x50>
10003b5e:	002a      	movs	r2, r5
10003b60:	1c6f      	adds	r7, r5, #1
10003b62:	464b      	mov	r3, r9
10003b64:	9d08      	ldr	r5, [sp, #32]
10003b66:	0021      	movs	r1, r4
10003b68:	47a8      	blx	r5
10003b6a:	003d      	movs	r5, r7
10003b6c:	3601      	adds	r6, #1
10003b6e:	7830      	ldrb	r0, [r6, #0]
10003b70:	2800      	cmp	r0, #0
10003b72:	d070      	beq.n	10003c56 <_vsnprintf+0x132>
10003b74:	2825      	cmp	r0, #37	; 0x25
10003b76:	d1f2      	bne.n	10003b5e <_vsnprintf+0x3a>
10003b78:	2310      	movs	r3, #16
10003b7a:	469b      	mov	fp, r3
10003b7c:	3b08      	subs	r3, #8
10003b7e:	469a      	mov	sl, r3
10003b80:	3b04      	subs	r3, #4
10003b82:	4698      	mov	r8, r3
10003b84:	3b02      	subs	r3, #2
10003b86:	2100      	movs	r1, #0
10003b88:	469c      	mov	ip, r3
10003b8a:	1c72      	adds	r2, r6, #1
10003b8c:	7810      	ldrb	r0, [r2, #0]
10003b8e:	0016      	movs	r6, r2
10003b90:	0003      	movs	r3, r0
10003b92:	3b20      	subs	r3, #32
10003b94:	b2db      	uxtb	r3, r3
10003b96:	2b10      	cmp	r3, #16
10003b98:	d803      	bhi.n	10003ba2 <_vsnprintf+0x7e>
10003b9a:	4fb3      	ldr	r7, [pc, #716]	; (10003e68 <_vsnprintf+0x344>)
10003b9c:	009b      	lsls	r3, r3, #2
10003b9e:	58fb      	ldr	r3, [r7, r3]
10003ba0:	469f      	mov	pc, r3
10003ba2:	0003      	movs	r3, r0
10003ba4:	3b30      	subs	r3, #48	; 0x30
10003ba6:	2b09      	cmp	r3, #9
10003ba8:	d932      	bls.n	10003c10 <_vsnprintf+0xec>
10003baa:	2300      	movs	r3, #0
10003bac:	930a      	str	r3, [sp, #40]	; 0x28
10003bae:	282a      	cmp	r0, #42	; 0x2a
10003bb0:	d068      	beq.n	10003c84 <_vsnprintf+0x160>
10003bb2:	2300      	movs	r3, #0
10003bb4:	4698      	mov	r8, r3
10003bb6:	282e      	cmp	r0, #46	; 0x2e
10003bb8:	d03e      	beq.n	10003c38 <_vsnprintf+0x114>
10003bba:	0003      	movs	r3, r0
10003bbc:	3b68      	subs	r3, #104	; 0x68
10003bbe:	b2db      	uxtb	r3, r3
10003bc0:	2b12      	cmp	r3, #18
10003bc2:	d81c      	bhi.n	10003bfe <_vsnprintf+0xda>
10003bc4:	4aa9      	ldr	r2, [pc, #676]	; (10003e6c <_vsnprintf+0x348>)
10003bc6:	009b      	lsls	r3, r3, #2
10003bc8:	58d3      	ldr	r3, [r2, r3]
10003bca:	469f      	mov	pc, r3
10003bcc:	2301      	movs	r3, #1
10003bce:	3201      	adds	r2, #1
10003bd0:	4319      	orrs	r1, r3
10003bd2:	e7db      	b.n	10003b8c <_vsnprintf+0x68>
10003bd4:	4663      	mov	r3, ip
10003bd6:	3201      	adds	r2, #1
10003bd8:	4319      	orrs	r1, r3
10003bda:	e7d7      	b.n	10003b8c <_vsnprintf+0x68>
10003bdc:	4643      	mov	r3, r8
10003bde:	3201      	adds	r2, #1
10003be0:	4319      	orrs	r1, r3
10003be2:	e7d3      	b.n	10003b8c <_vsnprintf+0x68>
10003be4:	465b      	mov	r3, fp
10003be6:	3201      	adds	r2, #1
10003be8:	4319      	orrs	r1, r3
10003bea:	e7cf      	b.n	10003b8c <_vsnprintf+0x68>
10003bec:	4653      	mov	r3, sl
10003bee:	3201      	adds	r2, #1
10003bf0:	4319      	orrs	r1, r3
10003bf2:	e7cb      	b.n	10003b8c <_vsnprintf+0x68>
10003bf4:	2380      	movs	r3, #128	; 0x80
10003bf6:	005b      	lsls	r3, r3, #1
10003bf8:	7870      	ldrb	r0, [r6, #1]
10003bfa:	4319      	orrs	r1, r3
10003bfc:	3601      	adds	r6, #1
10003bfe:	0003      	movs	r3, r0
10003c00:	3b25      	subs	r3, #37	; 0x25
10003c02:	b2db      	uxtb	r3, r3
10003c04:	2b53      	cmp	r3, #83	; 0x53
10003c06:	d8aa      	bhi.n	10003b5e <_vsnprintf+0x3a>
10003c08:	4a99      	ldr	r2, [pc, #612]	; (10003e70 <_vsnprintf+0x34c>)
10003c0a:	009b      	lsls	r3, r3, #2
10003c0c:	58d3      	ldr	r3, [r2, r3]
10003c0e:	469f      	mov	pc, r3
10003c10:	2700      	movs	r7, #0
10003c12:	0003      	movs	r3, r0
10003c14:	00b8      	lsls	r0, r7, #2
10003c16:	19c0      	adds	r0, r0, r7
10003c18:	3601      	adds	r6, #1
10003c1a:	0040      	lsls	r0, r0, #1
10003c1c:	18c0      	adds	r0, r0, r3
10003c1e:	7833      	ldrb	r3, [r6, #0]
10003c20:	3830      	subs	r0, #48	; 0x30
10003c22:	001a      	movs	r2, r3
10003c24:	3a30      	subs	r2, #48	; 0x30
10003c26:	0007      	movs	r7, r0
10003c28:	2a09      	cmp	r2, #9
10003c2a:	d9f3      	bls.n	10003c14 <_vsnprintf+0xf0>
10003c2c:	900a      	str	r0, [sp, #40]	; 0x28
10003c2e:	0018      	movs	r0, r3
10003c30:	2300      	movs	r3, #0
10003c32:	4698      	mov	r8, r3
10003c34:	282e      	cmp	r0, #46	; 0x2e
10003c36:	d1c0      	bne.n	10003bba <_vsnprintf+0x96>
10003c38:	2380      	movs	r3, #128	; 0x80
10003c3a:	7870      	ldrb	r0, [r6, #1]
10003c3c:	00db      	lsls	r3, r3, #3
10003c3e:	4319      	orrs	r1, r3
10003c40:	0003      	movs	r3, r0
10003c42:	3b30      	subs	r3, #48	; 0x30
10003c44:	1c72      	adds	r2, r6, #1
10003c46:	2b09      	cmp	r3, #9
10003c48:	d800      	bhi.n	10003c4c <_vsnprintf+0x128>
10003c4a:	e1a1      	b.n	10003f90 <_vsnprintf+0x46c>
10003c4c:	282a      	cmp	r0, #42	; 0x2a
10003c4e:	d100      	bne.n	10003c52 <_vsnprintf+0x12e>
10003c50:	e1b2      	b.n	10003fb8 <_vsnprintf+0x494>
10003c52:	0016      	movs	r6, r2
10003c54:	e7b1      	b.n	10003bba <_vsnprintf+0x96>
10003c56:	46a3      	mov	fp, r4
10003c58:	46aa      	mov	sl, r5
10003c5a:	002c      	movs	r4, r5
10003c5c:	45d1      	cmp	r9, sl
10003c5e:	d803      	bhi.n	10003c68 <_vsnprintf+0x144>
10003c60:	2301      	movs	r3, #1
10003c62:	425b      	negs	r3, r3
10003c64:	444b      	add	r3, r9
10003c66:	469a      	mov	sl, r3
10003c68:	464b      	mov	r3, r9
10003c6a:	4652      	mov	r2, sl
10003c6c:	4659      	mov	r1, fp
10003c6e:	2000      	movs	r0, #0
10003c70:	9d08      	ldr	r5, [sp, #32]
10003c72:	47a8      	blx	r5
10003c74:	0020      	movs	r0, r4
10003c76:	b01f      	add	sp, #124	; 0x7c
10003c78:	bcf0      	pop	{r4, r5, r6, r7}
10003c7a:	46bb      	mov	fp, r7
10003c7c:	46b2      	mov	sl, r6
10003c7e:	46a9      	mov	r9, r5
10003c80:	46a0      	mov	r8, r4
10003c82:	bdf0      	pop	{r4, r5, r6, r7, pc}
10003c84:	9b09      	ldr	r3, [sp, #36]	; 0x24
10003c86:	cb40      	ldmia	r3!, {r6}
10003c88:	960a      	str	r6, [sp, #40]	; 0x28
10003c8a:	2e00      	cmp	r6, #0
10003c8c:	db03      	blt.n	10003c96 <_vsnprintf+0x172>
10003c8e:	7850      	ldrb	r0, [r2, #1]
10003c90:	9309      	str	r3, [sp, #36]	; 0x24
10003c92:	1c56      	adds	r6, r2, #1
10003c94:	e78d      	b.n	10003bb2 <_vsnprintf+0x8e>
10003c96:	3828      	subs	r0, #40	; 0x28
10003c98:	4301      	orrs	r1, r0
10003c9a:	4270      	negs	r0, r6
10003c9c:	900a      	str	r0, [sp, #40]	; 0x28
10003c9e:	9309      	str	r3, [sp, #36]	; 0x24
10003ca0:	7850      	ldrb	r0, [r2, #1]
10003ca2:	1c56      	adds	r6, r2, #1
10003ca4:	e785      	b.n	10003bb2 <_vsnprintf+0x8e>
10003ca6:	2878      	cmp	r0, #120	; 0x78
10003ca8:	d100      	bne.n	10003cac <_vsnprintf+0x188>
10003caa:	e1df      	b.n	1000406c <_vsnprintf+0x548>
10003cac:	2858      	cmp	r0, #88	; 0x58
10003cae:	d100      	bne.n	10003cb2 <_vsnprintf+0x18e>
10003cb0:	e24c      	b.n	1000414c <_vsnprintf+0x628>
10003cb2:	286f      	cmp	r0, #111	; 0x6f
10003cb4:	d100      	bne.n	10003cb8 <_vsnprintf+0x194>
10003cb6:	e34f      	b.n	10004358 <_vsnprintf+0x834>
10003cb8:	2862      	cmp	r0, #98	; 0x62
10003cba:	d101      	bne.n	10003cc0 <_vsnprintf+0x19c>
10003cbc:	f000 fc30 	bl	10004520 <_vsnprintf+0x9fc>
10003cc0:	2310      	movs	r3, #16
10003cc2:	000a      	movs	r2, r1
10003cc4:	439a      	bics	r2, r3
10003cc6:	920b      	str	r2, [sp, #44]	; 0x2c
10003cc8:	2869      	cmp	r0, #105	; 0x69
10003cca:	d001      	beq.n	10003cd0 <_vsnprintf+0x1ac>
10003ccc:	f000 fca9 	bl	10004622 <_vsnprintf+0xafe>
10003cd0:	230a      	movs	r3, #10
10003cd2:	930c      	str	r3, [sp, #48]	; 0x30
10003cd4:	054b      	lsls	r3, r1, #21
10003cd6:	d500      	bpl.n	10003cda <_vsnprintf+0x1b6>
10003cd8:	e1d0      	b.n	1000407c <_vsnprintf+0x558>
10003cda:	9a0b      	ldr	r2, [sp, #44]	; 0x2c
10003cdc:	2380      	movs	r3, #128	; 0x80
10003cde:	0011      	movs	r1, r2
10003ce0:	009b      	lsls	r3, r3, #2
10003ce2:	4019      	ands	r1, r3
10003ce4:	468b      	mov	fp, r1
10003ce6:	421a      	tst	r2, r3
10003ce8:	d000      	beq.n	10003cec <_vsnprintf+0x1c8>
10003cea:	e2a1      	b.n	10004230 <_vsnprintf+0x70c>
10003cec:	2380      	movs	r3, #128	; 0x80
10003cee:	0011      	movs	r1, r2
10003cf0:	005b      	lsls	r3, r3, #1
10003cf2:	4019      	ands	r1, r3
10003cf4:	468a      	mov	sl, r1
10003cf6:	421a      	tst	r2, r3
10003cf8:	d000      	beq.n	10003cfc <_vsnprintf+0x1d8>
10003cfa:	e3b6      	b.n	1000446a <_vsnprintf+0x946>
10003cfc:	0013      	movs	r3, r2
10003cfe:	065b      	lsls	r3, r3, #25
10003d00:	d500      	bpl.n	10003d04 <_vsnprintf+0x1e0>
10003d02:	e2ed      	b.n	100042e0 <_vsnprintf+0x7bc>
10003d04:	0013      	movs	r3, r2
10003d06:	9909      	ldr	r1, [sp, #36]	; 0x24
10003d08:	061b      	lsls	r3, r3, #24
10003d0a:	d401      	bmi.n	10003d10 <_vsnprintf+0x1ec>
10003d0c:	f000 fc76 	bl	100045fc <_vsnprintf+0xad8>
10003d10:	c908      	ldmia	r1!, {r3}
10003d12:	b21b      	sxth	r3, r3
10003d14:	17d8      	asrs	r0, r3, #31
10003d16:	181a      	adds	r2, r3, r0
10003d18:	4042      	eors	r2, r0
10003d1a:	b292      	uxth	r2, r2
10003d1c:	9109      	str	r1, [sp, #36]	; 0x24
10003d1e:	4693      	mov	fp, r2
10003d20:	0fda      	lsrs	r2, r3, #31
10003d22:	9212      	str	r2, [sp, #72]	; 0x48
10003d24:	2b00      	cmp	r3, #0
10003d26:	d109      	bne.n	10003d3c <_vsnprintf+0x218>
10003d28:	2380      	movs	r3, #128	; 0x80
10003d2a:	2210      	movs	r2, #16
10003d2c:	990b      	ldr	r1, [sp, #44]	; 0x2c
10003d2e:	00db      	lsls	r3, r3, #3
10003d30:	400b      	ands	r3, r1
10003d32:	4391      	bics	r1, r2
10003d34:	910b      	str	r1, [sp, #44]	; 0x2c
10003d36:	2b00      	cmp	r3, #0
10003d38:	d000      	beq.n	10003d3c <_vsnprintf+0x218>
10003d3a:	e2e4      	b.n	10004306 <_vsnprintf+0x7e2>
10003d3c:	9a0b      	ldr	r2, [sp, #44]	; 0x2c
10003d3e:	2361      	movs	r3, #97	; 0x61
10003d40:	0692      	lsls	r2, r2, #26
10003d42:	d500      	bpl.n	10003d46 <_vsnprintf+0x222>
10003d44:	2341      	movs	r3, #65	; 0x41
10003d46:	a90e      	add	r1, sp, #56	; 0x38
10003d48:	221f      	movs	r2, #31
10003d4a:	468c      	mov	ip, r1
10003d4c:	b2db      	uxtb	r3, r3
10003d4e:	4462      	add	r2, ip
10003d50:	3b0a      	subs	r3, #10
10003d52:	465f      	mov	r7, fp
10003d54:	9513      	str	r5, [sp, #76]	; 0x4c
10003d56:	46a3      	mov	fp, r4
10003d58:	4655      	mov	r5, sl
10003d5a:	9c0c      	ldr	r4, [sp, #48]	; 0x30
10003d5c:	46b2      	mov	sl, r6
10003d5e:	930d      	str	r3, [sp, #52]	; 0x34
10003d60:	0016      	movs	r6, r2
10003d62:	e00a      	b.n	10003d7a <_vsnprintf+0x256>
10003d64:	3330      	adds	r3, #48	; 0x30
10003d66:	b2db      	uxtb	r3, r3
10003d68:	3501      	adds	r5, #1
10003d6a:	5573      	strb	r3, [r6, r5]
10003d6c:	42a7      	cmp	r7, r4
10003d6e:	d200      	bcs.n	10003d72 <_vsnprintf+0x24e>
10003d70:	e2ed      	b.n	1000434e <_vsnprintf+0x82a>
10003d72:	2d20      	cmp	r5, #32
10003d74:	d100      	bne.n	10003d78 <_vsnprintf+0x254>
10003d76:	e2ea      	b.n	1000434e <_vsnprintf+0x82a>
10003d78:	0007      	movs	r7, r0
10003d7a:	0021      	movs	r1, r4
10003d7c:	0038      	movs	r0, r7
10003d7e:	f7fe fa2d 	bl	100021dc <__wrap___aeabi_uidiv>
10003d82:	b2cb      	uxtb	r3, r1
10003d84:	2909      	cmp	r1, #9
10003d86:	d9ed      	bls.n	10003d64 <_vsnprintf+0x240>
10003d88:	9a0d      	ldr	r2, [sp, #52]	; 0x34
10003d8a:	4694      	mov	ip, r2
10003d8c:	4463      	add	r3, ip
10003d8e:	b2db      	uxtb	r3, r3
10003d90:	e7ea      	b.n	10003d68 <_vsnprintf+0x244>
10003d92:	2380      	movs	r3, #128	; 0x80
10003d94:	009b      	lsls	r3, r3, #2
10003d96:	7870      	ldrb	r0, [r6, #1]
10003d98:	4319      	orrs	r1, r3
10003d9a:	3601      	adds	r6, #1
10003d9c:	e72f      	b.n	10003bfe <_vsnprintf+0xda>
10003d9e:	7870      	ldrb	r0, [r6, #1]
10003da0:	2868      	cmp	r0, #104	; 0x68
10003da2:	d100      	bne.n	10003da6 <_vsnprintf+0x282>
10003da4:	e1cd      	b.n	10004142 <_vsnprintf+0x61e>
10003da6:	2380      	movs	r3, #128	; 0x80
10003da8:	3601      	adds	r6, #1
10003daa:	4319      	orrs	r1, r3
10003dac:	e727      	b.n	10003bfe <_vsnprintf+0xda>
10003dae:	7870      	ldrb	r0, [r6, #1]
10003db0:	286c      	cmp	r0, #108	; 0x6c
10003db2:	d100      	bne.n	10003db6 <_vsnprintf+0x292>
10003db4:	e1bf      	b.n	10004136 <_vsnprintf+0x612>
10003db6:	2380      	movs	r3, #128	; 0x80
10003db8:	005b      	lsls	r3, r3, #1
10003dba:	4319      	orrs	r1, r3
10003dbc:	3601      	adds	r6, #1
10003dbe:	e71e      	b.n	10003bfe <_vsnprintf+0xda>
10003dc0:	2846      	cmp	r0, #70	; 0x46
10003dc2:	d100      	bne.n	10003dc6 <_vsnprintf+0x2a2>
10003dc4:	e19b      	b.n	100040fe <_vsnprintf+0x5da>
10003dc6:	2207      	movs	r2, #7
10003dc8:	9b09      	ldr	r3, [sp, #36]	; 0x24
10003dca:	9104      	str	r1, [sp, #16]
10003dcc:	3307      	adds	r3, #7
10003dce:	4393      	bics	r3, r2
10003dd0:	9a0a      	ldr	r2, [sp, #40]	; 0x28
10003dd2:	0019      	movs	r1, r3
10003dd4:	9203      	str	r2, [sp, #12]
10003dd6:	4642      	mov	r2, r8
10003dd8:	9202      	str	r2, [sp, #8]
10003dda:	c90c      	ldmia	r1!, {r2, r3}
10003ddc:	9808      	ldr	r0, [sp, #32]
10003dde:	9200      	str	r2, [sp, #0]
10003de0:	9301      	str	r3, [sp, #4]
10003de2:	9109      	str	r1, [sp, #36]	; 0x24
10003de4:	002a      	movs	r2, r5
10003de6:	464b      	mov	r3, r9
10003de8:	0021      	movs	r1, r4
10003dea:	f7ff fccf 	bl	1000378c <_ftoa>
10003dee:	3601      	adds	r6, #1
10003df0:	0005      	movs	r5, r0
10003df2:	e6bc      	b.n	10003b6e <_vsnprintf+0x4a>
10003df4:	002a      	movs	r2, r5
10003df6:	1c6f      	adds	r7, r5, #1
10003df8:	464b      	mov	r3, r9
10003dfa:	9d08      	ldr	r5, [sp, #32]
10003dfc:	0021      	movs	r1, r4
10003dfe:	2025      	movs	r0, #37	; 0x25
10003e00:	47a8      	blx	r5
10003e02:	3601      	adds	r6, #1
10003e04:	003d      	movs	r5, r7
10003e06:	e6b2      	b.n	10003b6e <_vsnprintf+0x4a>
10003e08:	078b      	lsls	r3, r1, #30
10003e0a:	d400      	bmi.n	10003e0e <_vsnprintf+0x2ea>
10003e0c:	e1ad      	b.n	1000416a <_vsnprintf+0x646>
10003e0e:	9b09      	ldr	r3, [sp, #36]	; 0x24
10003e10:	002a      	movs	r2, r5
10003e12:	469a      	mov	sl, r3
10003e14:	1c6b      	adds	r3, r5, #1
10003e16:	4698      	mov	r8, r3
10003e18:	4653      	mov	r3, sl
10003e1a:	cb01      	ldmia	r3!, {r0}
10003e1c:	0021      	movs	r1, r4
10003e1e:	469a      	mov	sl, r3
10003e20:	9f08      	ldr	r7, [sp, #32]
10003e22:	464b      	mov	r3, r9
10003e24:	b2c0      	uxtb	r0, r0
10003e26:	47b8      	blx	r7
10003e28:	9b0a      	ldr	r3, [sp, #40]	; 0x28
10003e2a:	469c      	mov	ip, r3
10003e2c:	4465      	add	r5, ip
10003e2e:	2b01      	cmp	r3, #1
10003e30:	d800      	bhi.n	10003e34 <_vsnprintf+0x310>
10003e32:	e286      	b.n	10004342 <_vsnprintf+0x81e>
10003e34:	9b08      	ldr	r3, [sp, #32]
10003e36:	4647      	mov	r7, r8
10003e38:	46b0      	mov	r8, r6
10003e3a:	0026      	movs	r6, r4
10003e3c:	464c      	mov	r4, r9
10003e3e:	4699      	mov	r9, r3
10003e40:	003a      	movs	r2, r7
10003e42:	0023      	movs	r3, r4
10003e44:	3701      	adds	r7, #1
10003e46:	0031      	movs	r1, r6
10003e48:	2020      	movs	r0, #32
10003e4a:	47c8      	blx	r9
10003e4c:	42af      	cmp	r7, r5
10003e4e:	d1f7      	bne.n	10003e40 <_vsnprintf+0x31c>
10003e50:	46a1      	mov	r9, r4
10003e52:	4653      	mov	r3, sl
10003e54:	0034      	movs	r4, r6
10003e56:	4646      	mov	r6, r8
10003e58:	9309      	str	r3, [sp, #36]	; 0x24
10003e5a:	3601      	adds	r6, #1
10003e5c:	e687      	b.n	10003b6e <_vsnprintf+0x4a>
10003e5e:	46c0      	nop			; (mov r8, r8)
10003e60:	10003b25 	.word	0x10003b25
10003e64:	20000634 	.word	0x20000634
10003e68:	100054f0 	.word	0x100054f0
10003e6c:	10005534 	.word	0x10005534
10003e70:	10005580 	.word	0x10005580
10003e74:	9b09      	ldr	r3, [sp, #36]	; 0x24
10003e76:	cb04      	ldmia	r3!, {r2}
10003e78:	469b      	mov	fp, r3
10003e7a:	4643      	mov	r3, r8
10003e7c:	9209      	str	r2, [sp, #36]	; 0x24
10003e7e:	2b00      	cmp	r3, #0
10003e80:	d100      	bne.n	10003e84 <_vsnprintf+0x360>
10003e82:	e0c6      	b.n	10004012 <_vsnprintf+0x4ee>
10003e84:	7813      	ldrb	r3, [r2, #0]
10003e86:	469c      	mov	ip, r3
10003e88:	2b00      	cmp	r3, #0
10003e8a:	d100      	bne.n	10003e8e <_vsnprintf+0x36a>
10003e8c:	e3bd      	b.n	1000460a <_vsnprintf+0xae6>
10003e8e:	4643      	mov	r3, r8
10003e90:	3b01      	subs	r3, #1
10003e92:	9a09      	ldr	r2, [sp, #36]	; 0x24
10003e94:	3301      	adds	r3, #1
10003e96:	18d0      	adds	r0, r2, r3
10003e98:	9f0a      	ldr	r7, [sp, #40]	; 0x28
10003e9a:	0013      	movs	r3, r2
10003e9c:	e001      	b.n	10003ea2 <_vsnprintf+0x37e>
10003e9e:	4283      	cmp	r3, r0
10003ea0:	d003      	beq.n	10003eaa <_vsnprintf+0x386>
10003ea2:	785a      	ldrb	r2, [r3, #1]
10003ea4:	3301      	adds	r3, #1
10003ea6:	2a00      	cmp	r2, #0
10003ea8:	d1f9      	bne.n	10003e9e <_vsnprintf+0x37a>
10003eaa:	9a09      	ldr	r2, [sp, #36]	; 0x24
10003eac:	970a      	str	r7, [sp, #40]	; 0x28
10003eae:	1a9b      	subs	r3, r3, r2
10003eb0:	930b      	str	r3, [sp, #44]	; 0x2c
10003eb2:	2380      	movs	r3, #128	; 0x80
10003eb4:	000a      	movs	r2, r1
10003eb6:	00db      	lsls	r3, r3, #3
10003eb8:	401a      	ands	r2, r3
10003eba:	920c      	str	r2, [sp, #48]	; 0x30
10003ebc:	4219      	tst	r1, r3
10003ebe:	d004      	beq.n	10003eca <_vsnprintf+0x3a6>
10003ec0:	9b0b      	ldr	r3, [sp, #44]	; 0x2c
10003ec2:	4543      	cmp	r3, r8
10003ec4:	d901      	bls.n	10003eca <_vsnprintf+0x3a6>
10003ec6:	4643      	mov	r3, r8
10003ec8:	930b      	str	r3, [sp, #44]	; 0x2c
10003eca:	2302      	movs	r3, #2
10003ecc:	001a      	movs	r2, r3
10003ece:	400a      	ands	r2, r1
10003ed0:	920d      	str	r2, [sp, #52]	; 0x34
10003ed2:	420b      	tst	r3, r1
10003ed4:	d100      	bne.n	10003ed8 <_vsnprintf+0x3b4>
10003ed6:	e187      	b.n	100041e8 <_vsnprintf+0x6c4>
10003ed8:	4660      	mov	r0, ip
10003eda:	2800      	cmp	r0, #0
10003edc:	d100      	bne.n	10003ee0 <_vsnprintf+0x3bc>
10003ede:	e168      	b.n	100041b2 <_vsnprintf+0x68e>
10003ee0:	9b0c      	ldr	r3, [sp, #48]	; 0x30
10003ee2:	2b00      	cmp	r3, #0
10003ee4:	d100      	bne.n	10003ee8 <_vsnprintf+0x3c4>
10003ee6:	e10d      	b.n	10004104 <_vsnprintf+0x5e0>
10003ee8:	44a8      	add	r8, r5
10003eea:	46c2      	mov	sl, r8
10003eec:	9b09      	ldr	r3, [sp, #36]	; 0x24
10003eee:	4657      	mov	r7, sl
10003ef0:	1b5b      	subs	r3, r3, r5
10003ef2:	4698      	mov	r8, r3
10003ef4:	9b08      	ldr	r3, [sp, #32]
10003ef6:	46b2      	mov	sl, r6
10003ef8:	002a      	movs	r2, r5
10003efa:	0026      	movs	r6, r4
10003efc:	464c      	mov	r4, r9
10003efe:	4699      	mov	r9, r3
10003f00:	e009      	b.n	10003f16 <_vsnprintf+0x3f2>
10003f02:	0023      	movs	r3, r4
10003f04:	0031      	movs	r1, r6
10003f06:	1c55      	adds	r5, r2, #1
10003f08:	47c8      	blx	r9
10003f0a:	4643      	mov	r3, r8
10003f0c:	5d58      	ldrb	r0, [r3, r5]
10003f0e:	2800      	cmp	r0, #0
10003f10:	d100      	bne.n	10003f14 <_vsnprintf+0x3f0>
10003f12:	e126      	b.n	10004162 <_vsnprintf+0x63e>
10003f14:	002a      	movs	r2, r5
10003f16:	4297      	cmp	r7, r2
10003f18:	d1f3      	bne.n	10003f02 <_vsnprintf+0x3de>
10003f1a:	46a1      	mov	r9, r4
10003f1c:	003d      	movs	r5, r7
10003f1e:	0034      	movs	r4, r6
10003f20:	4656      	mov	r6, sl
10003f22:	9b0d      	ldr	r3, [sp, #52]	; 0x34
10003f24:	2b00      	cmp	r3, #0
10003f26:	d000      	beq.n	10003f2a <_vsnprintf+0x406>
10003f28:	e143      	b.n	100041b2 <_vsnprintf+0x68e>
10003f2a:	465b      	mov	r3, fp
10003f2c:	3601      	adds	r6, #1
10003f2e:	9309      	str	r3, [sp, #36]	; 0x24
10003f30:	e61d      	b.n	10003b6e <_vsnprintf+0x4a>
10003f32:	9b09      	ldr	r3, [sp, #36]	; 0x24
10003f34:	001a      	movs	r2, r3
10003f36:	ca08      	ldmia	r2!, {r3}
10003f38:	4692      	mov	sl, r2
10003f3a:	2b00      	cmp	r3, #0
10003f3c:	d048      	beq.n	10003fd0 <_vsnprintf+0x4ac>
10003f3e:	2221      	movs	r2, #33	; 0x21
10003f40:	4311      	orrs	r1, r2
10003f42:	468b      	mov	fp, r1
10003f44:	a80e      	add	r0, sp, #56	; 0x38
10003f46:	4684      	mov	ip, r0
10003f48:	211f      	movs	r1, #31
10003f4a:	4461      	add	r1, ip
10003f4c:	9509      	str	r5, [sp, #36]	; 0x24
10003f4e:	2200      	movs	r2, #0
10003f50:	270f      	movs	r7, #15
10003f52:	46a4      	mov	ip, r4
10003f54:	000d      	movs	r5, r1
10003f56:	e002      	b.n	10003f5e <_vsnprintf+0x43a>
10003f58:	2a20      	cmp	r2, #32
10003f5a:	d00c      	beq.n	10003f76 <_vsnprintf+0x452>
10003f5c:	000b      	movs	r3, r1
10003f5e:	003c      	movs	r4, r7
10003f60:	401c      	ands	r4, r3
10003f62:	0020      	movs	r0, r4
10003f64:	3037      	adds	r0, #55	; 0x37
10003f66:	2c09      	cmp	r4, #9
10003f68:	d800      	bhi.n	10003f6c <_vsnprintf+0x448>
10003f6a:	3807      	subs	r0, #7
10003f6c:	3201      	adds	r2, #1
10003f6e:	54a8      	strb	r0, [r5, r2]
10003f70:	0919      	lsrs	r1, r3, #4
10003f72:	2b0f      	cmp	r3, #15
10003f74:	d8f0      	bhi.n	10003f58 <_vsnprintf+0x434>
10003f76:	4664      	mov	r4, ip
10003f78:	9d09      	ldr	r5, [sp, #36]	; 0x24
10003f7a:	e032      	b.n	10003fe2 <_vsnprintf+0x4be>
10003f7c:	4bdc      	ldr	r3, [pc, #880]	; (100042f0 <_vsnprintf+0x7cc>)
10003f7e:	7820      	ldrb	r0, [r4, #0]
10003f80:	9308      	str	r3, [sp, #32]
10003f82:	2300      	movs	r3, #0
10003f84:	469a      	mov	sl, r3
10003f86:	2800      	cmp	r0, #0
10003f88:	d000      	beq.n	10003f8c <_vsnprintf+0x468>
10003f8a:	e5e4      	b.n	10003b56 <_vsnprintf+0x32>
10003f8c:	2400      	movs	r4, #0
10003f8e:	e665      	b.n	10003c5c <_vsnprintf+0x138>
10003f90:	4643      	mov	r3, r8
10003f92:	0006      	movs	r6, r0
10003f94:	9f0a      	ldr	r7, [sp, #40]	; 0x28
10003f96:	0098      	lsls	r0, r3, #2
10003f98:	18c0      	adds	r0, r0, r3
10003f9a:	3201      	adds	r2, #1
10003f9c:	0040      	lsls	r0, r0, #1
10003f9e:	1980      	adds	r0, r0, r6
10003fa0:	7816      	ldrb	r6, [r2, #0]
10003fa2:	0003      	movs	r3, r0
10003fa4:	0030      	movs	r0, r6
10003fa6:	3830      	subs	r0, #48	; 0x30
10003fa8:	3b30      	subs	r3, #48	; 0x30
10003faa:	2809      	cmp	r0, #9
10003fac:	d9f3      	bls.n	10003f96 <_vsnprintf+0x472>
10003fae:	0030      	movs	r0, r6
10003fb0:	4698      	mov	r8, r3
10003fb2:	0016      	movs	r6, r2
10003fb4:	970a      	str	r7, [sp, #40]	; 0x28
10003fb6:	e600      	b.n	10003bba <_vsnprintf+0x96>
10003fb8:	9b09      	ldr	r3, [sp, #36]	; 0x24
10003fba:	3602      	adds	r6, #2
10003fbc:	cb04      	ldmia	r3!, {r2}
10003fbe:	4690      	mov	r8, r2
10003fc0:	43d2      	mvns	r2, r2
10003fc2:	4640      	mov	r0, r8
10003fc4:	17d2      	asrs	r2, r2, #31
10003fc6:	4010      	ands	r0, r2
10003fc8:	4680      	mov	r8, r0
10003fca:	9309      	str	r3, [sp, #36]	; 0x24
10003fcc:	7830      	ldrb	r0, [r6, #0]
10003fce:	e5f4      	b.n	10003bba <_vsnprintf+0x96>
10003fd0:	2210      	movs	r2, #16
10003fd2:	0008      	movs	r0, r1
10003fd4:	4390      	bics	r0, r2
10003fd6:	3211      	adds	r2, #17
10003fd8:	4310      	orrs	r0, r2
10003fda:	4683      	mov	fp, r0
10003fdc:	2200      	movs	r2, #0
10003fde:	0549      	lsls	r1, r1, #21
10003fe0:	d5b0      	bpl.n	10003f44 <_vsnprintf+0x420>
10003fe2:	465b      	mov	r3, fp
10003fe4:	9306      	str	r3, [sp, #24]
10003fe6:	2308      	movs	r3, #8
10003fe8:	9305      	str	r3, [sp, #20]
10003fea:	4643      	mov	r3, r8
10003fec:	9304      	str	r3, [sp, #16]
10003fee:	2310      	movs	r3, #16
10003ff0:	9303      	str	r3, [sp, #12]
10003ff2:	2300      	movs	r3, #0
10003ff4:	9302      	str	r3, [sp, #8]
10003ff6:	ab16      	add	r3, sp, #88	; 0x58
10003ff8:	9201      	str	r2, [sp, #4]
10003ffa:	9300      	str	r3, [sp, #0]
10003ffc:	002a      	movs	r2, r5
10003ffe:	464b      	mov	r3, r9
10004000:	0021      	movs	r1, r4
10004002:	9808      	ldr	r0, [sp, #32]
10004004:	f7ff f8a6 	bl	10003154 <_ntoa_format>
10004008:	4653      	mov	r3, sl
1000400a:	0005      	movs	r5, r0
1000400c:	3601      	adds	r6, #1
1000400e:	9309      	str	r3, [sp, #36]	; 0x24
10004010:	e5ad      	b.n	10003b6e <_vsnprintf+0x4a>
10004012:	7813      	ldrb	r3, [r2, #0]
10004014:	469c      	mov	ip, r3
10004016:	2b00      	cmp	r3, #0
10004018:	d100      	bne.n	1000401c <_vsnprintf+0x4f8>
1000401a:	e2f7      	b.n	1000460c <_vsnprintf+0xae8>
1000401c:	2302      	movs	r3, #2
1000401e:	425b      	negs	r3, r3
10004020:	e737      	b.n	10003e92 <_vsnprintf+0x36e>
10004022:	2320      	movs	r3, #32
10004024:	0002      	movs	r2, r0
10004026:	439a      	bics	r2, r3
10004028:	2a47      	cmp	r2, #71	; 0x47
1000402a:	d104      	bne.n	10004036 <_vsnprintf+0x512>
1000402c:	2380      	movs	r3, #128	; 0x80
1000402e:	011b      	lsls	r3, r3, #4
10004030:	4319      	orrs	r1, r3
10004032:	2302      	movs	r3, #2
10004034:	4398      	bics	r0, r3
10004036:	2845      	cmp	r0, #69	; 0x45
10004038:	d101      	bne.n	1000403e <_vsnprintf+0x51a>
1000403a:	2320      	movs	r3, #32
1000403c:	4319      	orrs	r1, r3
1000403e:	2207      	movs	r2, #7
10004040:	9b09      	ldr	r3, [sp, #36]	; 0x24
10004042:	9104      	str	r1, [sp, #16]
10004044:	3307      	adds	r3, #7
10004046:	4393      	bics	r3, r2
10004048:	9a0a      	ldr	r2, [sp, #40]	; 0x28
1000404a:	0019      	movs	r1, r3
1000404c:	9203      	str	r2, [sp, #12]
1000404e:	4642      	mov	r2, r8
10004050:	9202      	str	r2, [sp, #8]
10004052:	c90c      	ldmia	r1!, {r2, r3}
10004054:	9808      	ldr	r0, [sp, #32]
10004056:	9200      	str	r2, [sp, #0]
10004058:	9301      	str	r3, [sp, #4]
1000405a:	9109      	str	r1, [sp, #36]	; 0x24
1000405c:	002a      	movs	r2, r5
1000405e:	464b      	mov	r3, r9
10004060:	0021      	movs	r1, r4
10004062:	f7ff f96d 	bl	10003340 <_etoa>
10004066:	3601      	adds	r6, #1
10004068:	0005      	movs	r5, r0
1000406a:	e580      	b.n	10003b6e <_vsnprintf+0x4a>
1000406c:	2310      	movs	r3, #16
1000406e:	930c      	str	r3, [sp, #48]	; 0x30
10004070:	230c      	movs	r3, #12
10004072:	000a      	movs	r2, r1
10004074:	439a      	bics	r2, r3
10004076:	920b      	str	r2, [sp, #44]	; 0x2c
10004078:	054b      	lsls	r3, r1, #21
1000407a:	d503      	bpl.n	10004084 <_vsnprintf+0x560>
1000407c:	2301      	movs	r3, #1
1000407e:	9a0b      	ldr	r2, [sp, #44]	; 0x2c
10004080:	439a      	bics	r2, r3
10004082:	920b      	str	r2, [sp, #44]	; 0x2c
10004084:	2869      	cmp	r0, #105	; 0x69
10004086:	d100      	bne.n	1000408a <_vsnprintf+0x566>
10004088:	e627      	b.n	10003cda <_vsnprintf+0x1b6>
1000408a:	2864      	cmp	r0, #100	; 0x64
1000408c:	d100      	bne.n	10004090 <_vsnprintf+0x56c>
1000408e:	e624      	b.n	10003cda <_vsnprintf+0x1b6>
10004090:	9a0b      	ldr	r2, [sp, #44]	; 0x2c
10004092:	2380      	movs	r3, #128	; 0x80
10004094:	0011      	movs	r1, r2
10004096:	009b      	lsls	r3, r3, #2
10004098:	4019      	ands	r1, r3
1000409a:	468b      	mov	fp, r1
1000409c:	421a      	tst	r2, r3
1000409e:	d000      	beq.n	100040a2 <_vsnprintf+0x57e>
100040a0:	e166      	b.n	10004370 <_vsnprintf+0x84c>
100040a2:	2380      	movs	r3, #128	; 0x80
100040a4:	0011      	movs	r1, r2
100040a6:	005b      	lsls	r3, r3, #1
100040a8:	4019      	ands	r1, r3
100040aa:	468a      	mov	sl, r1
100040ac:	421a      	tst	r2, r3
100040ae:	d000      	beq.n	100040b2 <_vsnprintf+0x58e>
100040b0:	e239      	b.n	10004526 <_vsnprintf+0xa02>
100040b2:	0013      	movs	r3, r2
100040b4:	065b      	lsls	r3, r3, #25
100040b6:	d500      	bpl.n	100040ba <_vsnprintf+0x596>
100040b8:	e13c      	b.n	10004334 <_vsnprintf+0x810>
100040ba:	0013      	movs	r3, r2
100040bc:	061b      	lsls	r3, r3, #24
100040be:	d400      	bmi.n	100040c2 <_vsnprintf+0x59e>
100040c0:	e2a6      	b.n	10004610 <_vsnprintf+0xaec>
100040c2:	9b09      	ldr	r3, [sp, #36]	; 0x24
100040c4:	cb04      	ldmia	r3!, {r2}
100040c6:	0412      	lsls	r2, r2, #16
100040c8:	0c12      	lsrs	r2, r2, #16
100040ca:	4693      	mov	fp, r2
100040cc:	9309      	str	r3, [sp, #36]	; 0x24
100040ce:	465b      	mov	r3, fp
100040d0:	2b00      	cmp	r3, #0
100040d2:	d000      	beq.n	100040d6 <_vsnprintf+0x5b2>
100040d4:	e19a      	b.n	1000440c <_vsnprintf+0x8e8>
100040d6:	9a0b      	ldr	r2, [sp, #44]	; 0x2c
100040d8:	3310      	adds	r3, #16
100040da:	0011      	movs	r1, r2
100040dc:	4399      	bics	r1, r3
100040de:	910b      	str	r1, [sp, #44]	; 0x2c
100040e0:	0552      	lsls	r2, r2, #21
100040e2:	d400      	bmi.n	100040e6 <_vsnprintf+0x5c2>
100040e4:	e192      	b.n	1000440c <_vsnprintf+0x8e8>
100040e6:	2300      	movs	r3, #0
100040e8:	469a      	mov	sl, r3
100040ea:	9b0b      	ldr	r3, [sp, #44]	; 0x2c
100040ec:	9306      	str	r3, [sp, #24]
100040ee:	9b0a      	ldr	r3, [sp, #40]	; 0x28
100040f0:	9305      	str	r3, [sp, #20]
100040f2:	4643      	mov	r3, r8
100040f4:	9304      	str	r3, [sp, #16]
100040f6:	9b0c      	ldr	r3, [sp, #48]	; 0x30
100040f8:	9303      	str	r3, [sp, #12]
100040fa:	2300      	movs	r3, #0
100040fc:	e10c      	b.n	10004318 <_vsnprintf+0x7f4>
100040fe:	2320      	movs	r3, #32
10004100:	4319      	orrs	r1, r3
10004102:	e660      	b.n	10003dc6 <_vsnprintf+0x2a2>
10004104:	9b09      	ldr	r3, [sp, #36]	; 0x24
10004106:	9a0a      	ldr	r2, [sp, #40]	; 0x28
10004108:	1b5b      	subs	r3, r3, r5
1000410a:	4698      	mov	r8, r3
1000410c:	464b      	mov	r3, r9
1000410e:	4691      	mov	r9, r2
10004110:	001f      	movs	r7, r3
10004112:	46b2      	mov	sl, r6
10004114:	0026      	movs	r6, r4
10004116:	9c08      	ldr	r4, [sp, #32]
10004118:	002a      	movs	r2, r5
1000411a:	003b      	movs	r3, r7
1000411c:	0031      	movs	r1, r6
1000411e:	47a0      	blx	r4
10004120:	4643      	mov	r3, r8
10004122:	3501      	adds	r5, #1
10004124:	5d58      	ldrb	r0, [r3, r5]
10004126:	2800      	cmp	r0, #0
10004128:	d1f6      	bne.n	10004118 <_vsnprintf+0x5f4>
1000412a:	464a      	mov	r2, r9
1000412c:	0034      	movs	r4, r6
1000412e:	46b9      	mov	r9, r7
10004130:	4656      	mov	r6, sl
10004132:	920a      	str	r2, [sp, #40]	; 0x28
10004134:	e6f5      	b.n	10003f22 <_vsnprintf+0x3fe>
10004136:	23c0      	movs	r3, #192	; 0xc0
10004138:	009b      	lsls	r3, r3, #2
1000413a:	78b0      	ldrb	r0, [r6, #2]
1000413c:	4319      	orrs	r1, r3
1000413e:	3602      	adds	r6, #2
10004140:	e55d      	b.n	10003bfe <_vsnprintf+0xda>
10004142:	23c0      	movs	r3, #192	; 0xc0
10004144:	78b0      	ldrb	r0, [r6, #2]
10004146:	4319      	orrs	r1, r3
10004148:	3602      	adds	r6, #2
1000414a:	e558      	b.n	10003bfe <_vsnprintf+0xda>
1000414c:	230c      	movs	r3, #12
1000414e:	000a      	movs	r2, r1
10004150:	439a      	bics	r2, r3
10004152:	3314      	adds	r3, #20
10004154:	431a      	orrs	r2, r3
10004156:	3b10      	subs	r3, #16
10004158:	920b      	str	r2, [sp, #44]	; 0x2c
1000415a:	930c      	str	r3, [sp, #48]	; 0x30
1000415c:	054b      	lsls	r3, r1, #21
1000415e:	d48d      	bmi.n	1000407c <_vsnprintf+0x558>
10004160:	e796      	b.n	10004090 <_vsnprintf+0x56c>
10004162:	46a1      	mov	r9, r4
10004164:	0034      	movs	r4, r6
10004166:	4656      	mov	r6, sl
10004168:	e6db      	b.n	10003f22 <_vsnprintf+0x3fe>
1000416a:	9a0a      	ldr	r2, [sp, #40]	; 0x28
1000416c:	2a01      	cmp	r2, #1
1000416e:	d800      	bhi.n	10004172 <_vsnprintf+0x64e>
10004170:	e253      	b.n	1000461a <_vsnprintf+0xaf6>
10004172:	1e6b      	subs	r3, r5, #1
10004174:	189f      	adds	r7, r3, r2
10004176:	9b08      	ldr	r3, [sp, #32]
10004178:	46b0      	mov	r8, r6
1000417a:	0026      	movs	r6, r4
1000417c:	464c      	mov	r4, r9
1000417e:	4699      	mov	r9, r3
10004180:	002a      	movs	r2, r5
10004182:	0023      	movs	r3, r4
10004184:	3501      	adds	r5, #1
10004186:	0031      	movs	r1, r6
10004188:	2020      	movs	r0, #32
1000418a:	47c8      	blx	r9
1000418c:	42bd      	cmp	r5, r7
1000418e:	d1f7      	bne.n	10004180 <_vsnprintf+0x65c>
10004190:	46a1      	mov	r9, r4
10004192:	0034      	movs	r4, r6
10004194:	4646      	mov	r6, r8
10004196:	9b09      	ldr	r3, [sp, #36]	; 0x24
10004198:	003a      	movs	r2, r7
1000419a:	cb01      	ldmia	r3!, {r0}
1000419c:	0021      	movs	r1, r4
1000419e:	4698      	mov	r8, r3
100041a0:	1c7d      	adds	r5, r7, #1
100041a2:	464b      	mov	r3, r9
100041a4:	9f08      	ldr	r7, [sp, #32]
100041a6:	b2c0      	uxtb	r0, r0
100041a8:	47b8      	blx	r7
100041aa:	4643      	mov	r3, r8
100041ac:	3601      	adds	r6, #1
100041ae:	9309      	str	r3, [sp, #36]	; 0x24
100041b0:	e4dd      	b.n	10003b6e <_vsnprintf+0x4a>
100041b2:	9b0b      	ldr	r3, [sp, #44]	; 0x2c
100041b4:	9a0a      	ldr	r2, [sp, #40]	; 0x28
100041b6:	46a8      	mov	r8, r5
100041b8:	429a      	cmp	r2, r3
100041ba:	d800      	bhi.n	100041be <_vsnprintf+0x69a>
100041bc:	e6b5      	b.n	10003f2a <_vsnprintf+0x406>
100041be:	4694      	mov	ip, r2
100041c0:	4465      	add	r5, ip
100041c2:	1aed      	subs	r5, r5, r3
100041c4:	9b08      	ldr	r3, [sp, #32]
100041c6:	4647      	mov	r7, r8
100041c8:	46b0      	mov	r8, r6
100041ca:	0026      	movs	r6, r4
100041cc:	464c      	mov	r4, r9
100041ce:	4699      	mov	r9, r3
100041d0:	003a      	movs	r2, r7
100041d2:	0023      	movs	r3, r4
100041d4:	3701      	adds	r7, #1
100041d6:	0031      	movs	r1, r6
100041d8:	2020      	movs	r0, #32
100041da:	47c8      	blx	r9
100041dc:	42af      	cmp	r7, r5
100041de:	d1f7      	bne.n	100041d0 <_vsnprintf+0x6ac>
100041e0:	46a1      	mov	r9, r4
100041e2:	0034      	movs	r4, r6
100041e4:	4646      	mov	r6, r8
100041e6:	e6a0      	b.n	10003f2a <_vsnprintf+0x406>
100041e8:	9a0b      	ldr	r2, [sp, #44]	; 0x2c
100041ea:	990a      	ldr	r1, [sp, #40]	; 0x28
100041ec:	1c53      	adds	r3, r2, #1
100041ee:	4291      	cmp	r1, r2
100041f0:	d800      	bhi.n	100041f4 <_vsnprintf+0x6d0>
100041f2:	e214      	b.n	1000461e <_vsnprintf+0xafa>
100041f4:	194b      	adds	r3, r1, r5
100041f6:	1a9b      	subs	r3, r3, r2
100041f8:	001f      	movs	r7, r3
100041fa:	9b08      	ldr	r3, [sp, #32]
100041fc:	46b2      	mov	sl, r6
100041fe:	0026      	movs	r6, r4
10004200:	464c      	mov	r4, r9
10004202:	4699      	mov	r9, r3
10004204:	002a      	movs	r2, r5
10004206:	0023      	movs	r3, r4
10004208:	3501      	adds	r5, #1
1000420a:	0031      	movs	r1, r6
1000420c:	2020      	movs	r0, #32
1000420e:	47c8      	blx	r9
10004210:	42bd      	cmp	r5, r7
10004212:	d1f7      	bne.n	10004204 <_vsnprintf+0x6e0>
10004214:	9b0a      	ldr	r3, [sp, #40]	; 0x28
10004216:	46a1      	mov	r9, r4
10004218:	3301      	adds	r3, #1
1000421a:	930b      	str	r3, [sp, #44]	; 0x2c
1000421c:	9b09      	ldr	r3, [sp, #36]	; 0x24
1000421e:	0034      	movs	r4, r6
10004220:	781b      	ldrb	r3, [r3, #0]
10004222:	4656      	mov	r6, sl
10004224:	469c      	mov	ip, r3
10004226:	4660      	mov	r0, ip
10004228:	2800      	cmp	r0, #0
1000422a:	d000      	beq.n	1000422e <_vsnprintf+0x70a>
1000422c:	e658      	b.n	10003ee0 <_vsnprintf+0x3bc>
1000422e:	e67c      	b.n	10003f2a <_vsnprintf+0x406>
10004230:	2207      	movs	r2, #7
10004232:	9b09      	ldr	r3, [sp, #36]	; 0x24
10004234:	3307      	adds	r3, #7
10004236:	4393      	bics	r3, r2
10004238:	3201      	adds	r2, #1
1000423a:	4694      	mov	ip, r2
1000423c:	449c      	add	ip, r3
1000423e:	4662      	mov	r2, ip
10004240:	685f      	ldr	r7, [r3, #4]
10004242:	9209      	str	r2, [sp, #36]	; 0x24
10004244:	681a      	ldr	r2, [r3, #0]
10004246:	17fb      	asrs	r3, r7, #31
10004248:	9310      	str	r3, [sp, #64]	; 0x40
1000424a:	9311      	str	r3, [sp, #68]	; 0x44
1000424c:	9810      	ldr	r0, [sp, #64]	; 0x40
1000424e:	9911      	ldr	r1, [sp, #68]	; 0x44
10004250:	0003      	movs	r3, r0
10004252:	4053      	eors	r3, r2
10004254:	930e      	str	r3, [sp, #56]	; 0x38
10004256:	000b      	movs	r3, r1
10004258:	407b      	eors	r3, r7
1000425a:	930f      	str	r3, [sp, #60]	; 0x3c
1000425c:	4694      	mov	ip, r2
1000425e:	9a0e      	ldr	r2, [sp, #56]	; 0x38
10004260:	9b0f      	ldr	r3, [sp, #60]	; 0x3c
10004262:	1a12      	subs	r2, r2, r0
10004264:	418b      	sbcs	r3, r1
10004266:	920e      	str	r2, [sp, #56]	; 0x38
10004268:	930f      	str	r3, [sp, #60]	; 0x3c
1000426a:	0ffb      	lsrs	r3, r7, #31
1000426c:	4662      	mov	r2, ip
1000426e:	9312      	str	r3, [sp, #72]	; 0x48
10004270:	2300      	movs	r3, #0
10004272:	433a      	orrs	r2, r7
10004274:	469b      	mov	fp, r3
10004276:	d03d      	beq.n	100042f4 <_vsnprintf+0x7d0>
10004278:	9a0b      	ldr	r2, [sp, #44]	; 0x2c
1000427a:	2361      	movs	r3, #97	; 0x61
1000427c:	0692      	lsls	r2, r2, #26
1000427e:	d500      	bpl.n	10004282 <_vsnprintf+0x75e>
10004280:	2341      	movs	r3, #65	; 0x41
10004282:	2200      	movs	r2, #0
10004284:	b2db      	uxtb	r3, r3
10004286:	a90e      	add	r1, sp, #56	; 0x38
10004288:	3b0a      	subs	r3, #10
1000428a:	468c      	mov	ip, r1
1000428c:	4692      	mov	sl, r2
1000428e:	930d      	str	r3, [sp, #52]	; 0x34
10004290:	4643      	mov	r3, r8
10004292:	321f      	adds	r2, #31
10004294:	4462      	add	r2, ip
10004296:	9513      	str	r5, [sp, #76]	; 0x4c
10004298:	9615      	str	r6, [sp, #84]	; 0x54
1000429a:	4655      	mov	r5, sl
1000429c:	9e0e      	ldr	r6, [sp, #56]	; 0x38
1000429e:	9f0f      	ldr	r7, [sp, #60]	; 0x3c
100042a0:	46a2      	mov	sl, r4
100042a2:	4690      	mov	r8, r2
100042a4:	9c0c      	ldr	r4, [sp, #48]	; 0x30
100042a6:	9314      	str	r3, [sp, #80]	; 0x50
100042a8:	e00c      	b.n	100042c4 <_vsnprintf+0x7a0>
100042aa:	3230      	adds	r2, #48	; 0x30
100042ac:	b2d2      	uxtb	r2, r2
100042ae:	4643      	mov	r3, r8
100042b0:	3501      	adds	r5, #1
100042b2:	555a      	strb	r2, [r3, r5]
100042b4:	45bb      	cmp	fp, r7
100042b6:	d100      	bne.n	100042ba <_vsnprintf+0x796>
100042b8:	e18a      	b.n	100045d0 <_vsnprintf+0xaac>
100042ba:	2d20      	cmp	r5, #32
100042bc:	d100      	bne.n	100042c0 <_vsnprintf+0x79c>
100042be:	e18a      	b.n	100045d6 <_vsnprintf+0xab2>
100042c0:	0006      	movs	r6, r0
100042c2:	000f      	movs	r7, r1
100042c4:	0022      	movs	r2, r4
100042c6:	2300      	movs	r3, #0
100042c8:	0030      	movs	r0, r6
100042ca:	0039      	movs	r1, r7
100042cc:	f7fd ffc4 	bl	10002258 <__wrap___aeabi_uldivmod>
100042d0:	b2d2      	uxtb	r2, r2
100042d2:	2a09      	cmp	r2, #9
100042d4:	d9e9      	bls.n	100042aa <_vsnprintf+0x786>
100042d6:	9b0d      	ldr	r3, [sp, #52]	; 0x34
100042d8:	469c      	mov	ip, r3
100042da:	4462      	add	r2, ip
100042dc:	b2d2      	uxtb	r2, r2
100042de:	e7e6      	b.n	100042ae <_vsnprintf+0x78a>
100042e0:	23ff      	movs	r3, #255	; 0xff
100042e2:	9909      	ldr	r1, [sp, #36]	; 0x24
100042e4:	c904      	ldmia	r1!, {r2}
100042e6:	4013      	ands	r3, r2
100042e8:	001a      	movs	r2, r3
100042ea:	9109      	str	r1, [sp, #36]	; 0x24
100042ec:	e517      	b.n	10003d1e <_vsnprintf+0x1fa>
100042ee:	46c0      	nop			; (mov r8, r8)
100042f0:	100030b5 	.word	0x100030b5
100042f4:	9a0b      	ldr	r2, [sp, #44]	; 0x2c
100042f6:	3310      	adds	r3, #16
100042f8:	0011      	movs	r1, r2
100042fa:	4399      	bics	r1, r3
100042fc:	910b      	str	r1, [sp, #44]	; 0x2c
100042fe:	0552      	lsls	r2, r2, #21
10004300:	d5ba      	bpl.n	10004278 <_vsnprintf+0x754>
10004302:	2300      	movs	r3, #0
10004304:	469a      	mov	sl, r3
10004306:	9b0b      	ldr	r3, [sp, #44]	; 0x2c
10004308:	9306      	str	r3, [sp, #24]
1000430a:	9b0a      	ldr	r3, [sp, #40]	; 0x28
1000430c:	9305      	str	r3, [sp, #20]
1000430e:	4643      	mov	r3, r8
10004310:	9304      	str	r3, [sp, #16]
10004312:	9b0c      	ldr	r3, [sp, #48]	; 0x30
10004314:	9303      	str	r3, [sp, #12]
10004316:	9b12      	ldr	r3, [sp, #72]	; 0x48
10004318:	9302      	str	r3, [sp, #8]
1000431a:	4653      	mov	r3, sl
1000431c:	9301      	str	r3, [sp, #4]
1000431e:	ab16      	add	r3, sp, #88	; 0x58
10004320:	002a      	movs	r2, r5
10004322:	9300      	str	r3, [sp, #0]
10004324:	0021      	movs	r1, r4
10004326:	464b      	mov	r3, r9
10004328:	9808      	ldr	r0, [sp, #32]
1000432a:	f7fe ff13 	bl	10003154 <_ntoa_format>
1000432e:	3601      	adds	r6, #1
10004330:	0005      	movs	r5, r0
10004332:	e41c      	b.n	10003b6e <_vsnprintf+0x4a>
10004334:	22ff      	movs	r2, #255	; 0xff
10004336:	9b09      	ldr	r3, [sp, #36]	; 0x24
10004338:	cb02      	ldmia	r3!, {r1}
1000433a:	4011      	ands	r1, r2
1000433c:	468b      	mov	fp, r1
1000433e:	9309      	str	r3, [sp, #36]	; 0x24
10004340:	e6c5      	b.n	100040ce <_vsnprintf+0x5aa>
10004342:	4653      	mov	r3, sl
10004344:	4645      	mov	r5, r8
10004346:	9309      	str	r3, [sp, #36]	; 0x24
10004348:	3601      	adds	r6, #1
1000434a:	f7ff fc10 	bl	10003b6e <_vsnprintf+0x4a>
1000434e:	4656      	mov	r6, sl
10004350:	465c      	mov	r4, fp
10004352:	46aa      	mov	sl, r5
10004354:	9d13      	ldr	r5, [sp, #76]	; 0x4c
10004356:	e7d6      	b.n	10004306 <_vsnprintf+0x7e2>
10004358:	2308      	movs	r3, #8
1000435a:	930c      	str	r3, [sp, #48]	; 0x30
1000435c:	910b      	str	r1, [sp, #44]	; 0x2c
1000435e:	990b      	ldr	r1, [sp, #44]	; 0x2c
10004360:	2864      	cmp	r0, #100	; 0x64
10004362:	d000      	beq.n	10004366 <_vsnprintf+0x842>
10004364:	e684      	b.n	10004070 <_vsnprintf+0x54c>
10004366:	9b0b      	ldr	r3, [sp, #44]	; 0x2c
10004368:	055b      	lsls	r3, r3, #21
1000436a:	d500      	bpl.n	1000436e <_vsnprintf+0x84a>
1000436c:	e686      	b.n	1000407c <_vsnprintf+0x558>
1000436e:	e4b4      	b.n	10003cda <_vsnprintf+0x1b6>
10004370:	2207      	movs	r2, #7
10004372:	9b09      	ldr	r3, [sp, #36]	; 0x24
10004374:	3307      	adds	r3, #7
10004376:	4393      	bics	r3, r2
10004378:	3201      	adds	r2, #1
1000437a:	4694      	mov	ip, r2
1000437c:	449c      	add	ip, r3
1000437e:	4662      	mov	r2, ip
10004380:	9209      	str	r2, [sp, #36]	; 0x24
10004382:	681a      	ldr	r2, [r3, #0]
10004384:	685b      	ldr	r3, [r3, #4]
10004386:	0010      	movs	r0, r2
10004388:	469b      	mov	fp, r3
1000438a:	0013      	movs	r3, r2
1000438c:	465a      	mov	r2, fp
1000438e:	4313      	orrs	r3, r2
10004390:	d107      	bne.n	100043a2 <_vsnprintf+0x87e>
10004392:	9a0b      	ldr	r2, [sp, #44]	; 0x2c
10004394:	3310      	adds	r3, #16
10004396:	0011      	movs	r1, r2
10004398:	4399      	bics	r1, r3
1000439a:	910b      	str	r1, [sp, #44]	; 0x2c
1000439c:	0552      	lsls	r2, r2, #21
1000439e:	d500      	bpl.n	100043a2 <_vsnprintf+0x87e>
100043a0:	e6a1      	b.n	100040e6 <_vsnprintf+0x5c2>
100043a2:	9a0b      	ldr	r2, [sp, #44]	; 0x2c
100043a4:	2361      	movs	r3, #97	; 0x61
100043a6:	0692      	lsls	r2, r2, #26
100043a8:	d500      	bpl.n	100043ac <_vsnprintf+0x888>
100043aa:	2341      	movs	r3, #65	; 0x41
100043ac:	2200      	movs	r2, #0
100043ae:	b2db      	uxtb	r3, r3
100043b0:	a90e      	add	r1, sp, #56	; 0x38
100043b2:	3b0a      	subs	r3, #10
100043b4:	468c      	mov	ip, r1
100043b6:	4692      	mov	sl, r2
100043b8:	930d      	str	r3, [sp, #52]	; 0x34
100043ba:	4643      	mov	r3, r8
100043bc:	321f      	adds	r2, #31
100043be:	4462      	add	r2, ip
100043c0:	465f      	mov	r7, fp
100043c2:	9512      	str	r5, [sp, #72]	; 0x48
100043c4:	46a3      	mov	fp, r4
100043c6:	4655      	mov	r5, sl
100043c8:	0004      	movs	r4, r0
100043ca:	46b2      	mov	sl, r6
100043cc:	4690      	mov	r8, r2
100043ce:	9e0c      	ldr	r6, [sp, #48]	; 0x30
100043d0:	9313      	str	r3, [sp, #76]	; 0x4c
100043d2:	e00d      	b.n	100043f0 <_vsnprintf+0x8cc>
100043d4:	3230      	adds	r2, #48	; 0x30
100043d6:	b2d2      	uxtb	r2, r2
100043d8:	4643      	mov	r3, r8
100043da:	3501      	adds	r5, #1
100043dc:	555a      	strb	r2, [r3, r5]
100043de:	2300      	movs	r3, #0
100043e0:	42bb      	cmp	r3, r7
100043e2:	d100      	bne.n	100043e6 <_vsnprintf+0x8c2>
100043e4:	e100      	b.n	100045e8 <_vsnprintf+0xac4>
100043e6:	2d20      	cmp	r5, #32
100043e8:	d100      	bne.n	100043ec <_vsnprintf+0x8c8>
100043ea:	e100      	b.n	100045ee <_vsnprintf+0xaca>
100043ec:	0004      	movs	r4, r0
100043ee:	000f      	movs	r7, r1
100043f0:	0032      	movs	r2, r6
100043f2:	2300      	movs	r3, #0
100043f4:	0020      	movs	r0, r4
100043f6:	0039      	movs	r1, r7
100043f8:	f7fd ff2e 	bl	10002258 <__wrap___aeabi_uldivmod>
100043fc:	b2d2      	uxtb	r2, r2
100043fe:	2a09      	cmp	r2, #9
10004400:	d9e8      	bls.n	100043d4 <_vsnprintf+0x8b0>
10004402:	9b0d      	ldr	r3, [sp, #52]	; 0x34
10004404:	469c      	mov	ip, r3
10004406:	4462      	add	r2, ip
10004408:	b2d2      	uxtb	r2, r2
1000440a:	e7e5      	b.n	100043d8 <_vsnprintf+0x8b4>
1000440c:	9a0b      	ldr	r2, [sp, #44]	; 0x2c
1000440e:	2361      	movs	r3, #97	; 0x61
10004410:	0692      	lsls	r2, r2, #26
10004412:	d500      	bpl.n	10004416 <_vsnprintf+0x8f2>
10004414:	2341      	movs	r3, #65	; 0x41
10004416:	b2db      	uxtb	r3, r3
10004418:	a90e      	add	r1, sp, #56	; 0x38
1000441a:	3b0a      	subs	r3, #10
1000441c:	221f      	movs	r2, #31
1000441e:	468c      	mov	ip, r1
10004420:	930d      	str	r3, [sp, #52]	; 0x34
10004422:	0023      	movs	r3, r4
10004424:	4462      	add	r2, ip
10004426:	465c      	mov	r4, fp
10004428:	9512      	str	r5, [sp, #72]	; 0x48
1000442a:	0017      	movs	r7, r2
1000442c:	4655      	mov	r5, sl
1000442e:	469b      	mov	fp, r3
10004430:	46b2      	mov	sl, r6
10004432:	9e0c      	ldr	r6, [sp, #48]	; 0x30
10004434:	e008      	b.n	10004448 <_vsnprintf+0x924>
10004436:	3330      	adds	r3, #48	; 0x30
10004438:	b2db      	uxtb	r3, r3
1000443a:	3501      	adds	r5, #1
1000443c:	557b      	strb	r3, [r7, r5]
1000443e:	42b4      	cmp	r4, r6
10004440:	d30e      	bcc.n	10004460 <_vsnprintf+0x93c>
10004442:	2d20      	cmp	r5, #32
10004444:	d00c      	beq.n	10004460 <_vsnprintf+0x93c>
10004446:	0004      	movs	r4, r0
10004448:	0031      	movs	r1, r6
1000444a:	0020      	movs	r0, r4
1000444c:	f7fd fec6 	bl	100021dc <__wrap___aeabi_uidiv>
10004450:	b2cb      	uxtb	r3, r1
10004452:	2909      	cmp	r1, #9
10004454:	d9ef      	bls.n	10004436 <_vsnprintf+0x912>
10004456:	9a0d      	ldr	r2, [sp, #52]	; 0x34
10004458:	4694      	mov	ip, r2
1000445a:	4463      	add	r3, ip
1000445c:	b2db      	uxtb	r3, r3
1000445e:	e7ec      	b.n	1000443a <_vsnprintf+0x916>
10004460:	4656      	mov	r6, sl
10004462:	465c      	mov	r4, fp
10004464:	46aa      	mov	sl, r5
10004466:	9d12      	ldr	r5, [sp, #72]	; 0x48
10004468:	e63f      	b.n	100040ea <_vsnprintf+0x5c6>
1000446a:	9b09      	ldr	r3, [sp, #36]	; 0x24
1000446c:	001a      	movs	r2, r3
1000446e:	ca08      	ldmia	r2!, {r3}
10004470:	17d9      	asrs	r1, r3, #31
10004472:	9213      	str	r2, [sp, #76]	; 0x4c
10004474:	185a      	adds	r2, r3, r1
10004476:	404a      	eors	r2, r1
10004478:	4692      	mov	sl, r2
1000447a:	0fda      	lsrs	r2, r3, #31
1000447c:	9212      	str	r2, [sp, #72]	; 0x48
1000447e:	2b00      	cmp	r3, #0
10004480:	d108      	bne.n	10004494 <_vsnprintf+0x970>
10004482:	2380      	movs	r3, #128	; 0x80
10004484:	2210      	movs	r2, #16
10004486:	990b      	ldr	r1, [sp, #44]	; 0x2c
10004488:	00db      	lsls	r3, r3, #3
1000448a:	400b      	ands	r3, r1
1000448c:	4391      	bics	r1, r2
1000448e:	910b      	str	r1, [sp, #44]	; 0x2c
10004490:	2b00      	cmp	r3, #0
10004492:	d12b      	bne.n	100044ec <_vsnprintf+0x9c8>
10004494:	9a0b      	ldr	r2, [sp, #44]	; 0x2c
10004496:	2361      	movs	r3, #97	; 0x61
10004498:	0692      	lsls	r2, r2, #26
1000449a:	d500      	bpl.n	1000449e <_vsnprintf+0x97a>
1000449c:	2341      	movs	r3, #65	; 0x41
1000449e:	aa0e      	add	r2, sp, #56	; 0x38
100044a0:	271f      	movs	r7, #31
100044a2:	4694      	mov	ip, r2
100044a4:	b2db      	uxtb	r3, r3
100044a6:	3b0a      	subs	r3, #10
100044a8:	950d      	str	r5, [sp, #52]	; 0x34
100044aa:	4467      	add	r7, ip
100044ac:	465d      	mov	r5, fp
100044ae:	9309      	str	r3, [sp, #36]	; 0x24
100044b0:	46a3      	mov	fp, r4
100044b2:	4654      	mov	r4, sl
100044b4:	46b2      	mov	sl, r6
100044b6:	9e0c      	ldr	r6, [sp, #48]	; 0x30
100044b8:	e008      	b.n	100044cc <_vsnprintf+0x9a8>
100044ba:	3330      	adds	r3, #48	; 0x30
100044bc:	b2db      	uxtb	r3, r3
100044be:	3501      	adds	r5, #1
100044c0:	557b      	strb	r3, [r7, r5]
100044c2:	42b4      	cmp	r4, r6
100044c4:	d30e      	bcc.n	100044e4 <_vsnprintf+0x9c0>
100044c6:	2d20      	cmp	r5, #32
100044c8:	d00c      	beq.n	100044e4 <_vsnprintf+0x9c0>
100044ca:	0004      	movs	r4, r0
100044cc:	0031      	movs	r1, r6
100044ce:	0020      	movs	r0, r4
100044d0:	f7fd fe84 	bl	100021dc <__wrap___aeabi_uidiv>
100044d4:	b2cb      	uxtb	r3, r1
100044d6:	2909      	cmp	r1, #9
100044d8:	d9ef      	bls.n	100044ba <_vsnprintf+0x996>
100044da:	9a09      	ldr	r2, [sp, #36]	; 0x24
100044dc:	4694      	mov	ip, r2
100044de:	4463      	add	r3, ip
100044e0:	b2db      	uxtb	r3, r3
100044e2:	e7ec      	b.n	100044be <_vsnprintf+0x99a>
100044e4:	4656      	mov	r6, sl
100044e6:	465c      	mov	r4, fp
100044e8:	46ab      	mov	fp, r5
100044ea:	9d0d      	ldr	r5, [sp, #52]	; 0x34
100044ec:	9b0b      	ldr	r3, [sp, #44]	; 0x2c
100044ee:	002a      	movs	r2, r5
100044f0:	9306      	str	r3, [sp, #24]
100044f2:	9b0a      	ldr	r3, [sp, #40]	; 0x28
100044f4:	0021      	movs	r1, r4
100044f6:	9305      	str	r3, [sp, #20]
100044f8:	4643      	mov	r3, r8
100044fa:	9304      	str	r3, [sp, #16]
100044fc:	9b0c      	ldr	r3, [sp, #48]	; 0x30
100044fe:	9808      	ldr	r0, [sp, #32]
10004500:	9303      	str	r3, [sp, #12]
10004502:	9b12      	ldr	r3, [sp, #72]	; 0x48
10004504:	3601      	adds	r6, #1
10004506:	9302      	str	r3, [sp, #8]
10004508:	465b      	mov	r3, fp
1000450a:	9301      	str	r3, [sp, #4]
1000450c:	ab16      	add	r3, sp, #88	; 0x58
1000450e:	9300      	str	r3, [sp, #0]
10004510:	464b      	mov	r3, r9
10004512:	f7fe fe1f 	bl	10003154 <_ntoa_format>
10004516:	9b13      	ldr	r3, [sp, #76]	; 0x4c
10004518:	0005      	movs	r5, r0
1000451a:	9309      	str	r3, [sp, #36]	; 0x24
1000451c:	f7ff fb27 	bl	10003b6e <_vsnprintf+0x4a>
10004520:	2302      	movs	r3, #2
10004522:	930c      	str	r3, [sp, #48]	; 0x30
10004524:	e71a      	b.n	1000435c <_vsnprintf+0x838>
10004526:	9b09      	ldr	r3, [sp, #36]	; 0x24
10004528:	cb04      	ldmia	r3!, {r2}
1000452a:	4692      	mov	sl, r2
1000452c:	9312      	str	r3, [sp, #72]	; 0x48
1000452e:	2a00      	cmp	r2, #0
10004530:	d108      	bne.n	10004544 <_vsnprintf+0xa20>
10004532:	2380      	movs	r3, #128	; 0x80
10004534:	2210      	movs	r2, #16
10004536:	990b      	ldr	r1, [sp, #44]	; 0x2c
10004538:	00db      	lsls	r3, r3, #3
1000453a:	400b      	ands	r3, r1
1000453c:	4391      	bics	r1, r2
1000453e:	910b      	str	r1, [sp, #44]	; 0x2c
10004540:	2b00      	cmp	r3, #0
10004542:	d12b      	bne.n	1000459c <_vsnprintf+0xa78>
10004544:	9a0b      	ldr	r2, [sp, #44]	; 0x2c
10004546:	2361      	movs	r3, #97	; 0x61
10004548:	0692      	lsls	r2, r2, #26
1000454a:	d500      	bpl.n	1000454e <_vsnprintf+0xa2a>
1000454c:	2341      	movs	r3, #65	; 0x41
1000454e:	aa0e      	add	r2, sp, #56	; 0x38
10004550:	271f      	movs	r7, #31
10004552:	4694      	mov	ip, r2
10004554:	b2db      	uxtb	r3, r3
10004556:	3b0a      	subs	r3, #10
10004558:	950d      	str	r5, [sp, #52]	; 0x34
1000455a:	4467      	add	r7, ip
1000455c:	465d      	mov	r5, fp
1000455e:	9309      	str	r3, [sp, #36]	; 0x24
10004560:	46a3      	mov	fp, r4
10004562:	4654      	mov	r4, sl
10004564:	46b2      	mov	sl, r6
10004566:	9e0c      	ldr	r6, [sp, #48]	; 0x30
10004568:	e008      	b.n	1000457c <_vsnprintf+0xa58>
1000456a:	3330      	adds	r3, #48	; 0x30
1000456c:	b2db      	uxtb	r3, r3
1000456e:	3501      	adds	r5, #1
10004570:	557b      	strb	r3, [r7, r5]
10004572:	42b4      	cmp	r4, r6
10004574:	d30e      	bcc.n	10004594 <_vsnprintf+0xa70>
10004576:	2d20      	cmp	r5, #32
10004578:	d00c      	beq.n	10004594 <_vsnprintf+0xa70>
1000457a:	0004      	movs	r4, r0
1000457c:	0031      	movs	r1, r6
1000457e:	0020      	movs	r0, r4
10004580:	f7fd fe2c 	bl	100021dc <__wrap___aeabi_uidiv>
10004584:	b2cb      	uxtb	r3, r1
10004586:	2909      	cmp	r1, #9
10004588:	d9ef      	bls.n	1000456a <_vsnprintf+0xa46>
1000458a:	9a09      	ldr	r2, [sp, #36]	; 0x24
1000458c:	4694      	mov	ip, r2
1000458e:	4463      	add	r3, ip
10004590:	b2db      	uxtb	r3, r3
10004592:	e7ec      	b.n	1000456e <_vsnprintf+0xa4a>
10004594:	4656      	mov	r6, sl
10004596:	465c      	mov	r4, fp
10004598:	46ab      	mov	fp, r5
1000459a:	9d0d      	ldr	r5, [sp, #52]	; 0x34
1000459c:	9b0b      	ldr	r3, [sp, #44]	; 0x2c
1000459e:	002a      	movs	r2, r5
100045a0:	9306      	str	r3, [sp, #24]
100045a2:	9b0a      	ldr	r3, [sp, #40]	; 0x28
100045a4:	0021      	movs	r1, r4
100045a6:	9305      	str	r3, [sp, #20]
100045a8:	4643      	mov	r3, r8
100045aa:	9304      	str	r3, [sp, #16]
100045ac:	9b0c      	ldr	r3, [sp, #48]	; 0x30
100045ae:	9808      	ldr	r0, [sp, #32]
100045b0:	9303      	str	r3, [sp, #12]
100045b2:	2300      	movs	r3, #0
100045b4:	9302      	str	r3, [sp, #8]
100045b6:	465b      	mov	r3, fp
100045b8:	9301      	str	r3, [sp, #4]
100045ba:	ab16      	add	r3, sp, #88	; 0x58
100045bc:	9300      	str	r3, [sp, #0]
100045be:	464b      	mov	r3, r9
100045c0:	f7fe fdc8 	bl	10003154 <_ntoa_format>
100045c4:	9b12      	ldr	r3, [sp, #72]	; 0x48
100045c6:	0005      	movs	r5, r0
100045c8:	9309      	str	r3, [sp, #36]	; 0x24
100045ca:	3601      	adds	r6, #1
100045cc:	f7ff facf 	bl	10003b6e <_vsnprintf+0x4a>
100045d0:	42b4      	cmp	r4, r6
100045d2:	d800      	bhi.n	100045d6 <_vsnprintf+0xab2>
100045d4:	e671      	b.n	100042ba <_vsnprintf+0x796>
100045d6:	9b14      	ldr	r3, [sp, #80]	; 0x50
100045d8:	4654      	mov	r4, sl
100045da:	960e      	str	r6, [sp, #56]	; 0x38
100045dc:	970f      	str	r7, [sp, #60]	; 0x3c
100045de:	46aa      	mov	sl, r5
100045e0:	4698      	mov	r8, r3
100045e2:	9e15      	ldr	r6, [sp, #84]	; 0x54
100045e4:	9d13      	ldr	r5, [sp, #76]	; 0x4c
100045e6:	e68e      	b.n	10004306 <_vsnprintf+0x7e2>
100045e8:	42a6      	cmp	r6, r4
100045ea:	d800      	bhi.n	100045ee <_vsnprintf+0xaca>
100045ec:	e6fb      	b.n	100043e6 <_vsnprintf+0x8c2>
100045ee:	9b13      	ldr	r3, [sp, #76]	; 0x4c
100045f0:	4656      	mov	r6, sl
100045f2:	4698      	mov	r8, r3
100045f4:	46aa      	mov	sl, r5
100045f6:	465c      	mov	r4, fp
100045f8:	9d12      	ldr	r5, [sp, #72]	; 0x48
100045fa:	e576      	b.n	100040ea <_vsnprintf+0x5c6>
100045fc:	c908      	ldmia	r1!, {r3}
100045fe:	17d8      	asrs	r0, r3, #31
10004600:	181a      	adds	r2, r3, r0
10004602:	4042      	eors	r2, r0
10004604:	9109      	str	r1, [sp, #36]	; 0x24
10004606:	f7ff fb8a 	bl	10003d1e <_vsnprintf+0x1fa>
1000460a:	2300      	movs	r3, #0
1000460c:	930b      	str	r3, [sp, #44]	; 0x2c
1000460e:	e450      	b.n	10003eb2 <_vsnprintf+0x38e>
10004610:	9b09      	ldr	r3, [sp, #36]	; 0x24
10004612:	cb04      	ldmia	r3!, {r2}
10004614:	4693      	mov	fp, r2
10004616:	9309      	str	r3, [sp, #36]	; 0x24
10004618:	e559      	b.n	100040ce <_vsnprintf+0x5aa>
1000461a:	002f      	movs	r7, r5
1000461c:	e5bb      	b.n	10004196 <_vsnprintf+0x672>
1000461e:	930b      	str	r3, [sp, #44]	; 0x2c
10004620:	e601      	b.n	10004226 <_vsnprintf+0x702>
10004622:	3b06      	subs	r3, #6
10004624:	930c      	str	r3, [sp, #48]	; 0x30
10004626:	e69a      	b.n	1000435e <_vsnprintf+0x83a>

10004628 <vfctprintf>:
10004628:	b500      	push	{lr}
1000462a:	b085      	sub	sp, #20
1000462c:	9103      	str	r1, [sp, #12]
1000462e:	2101      	movs	r1, #1
10004630:	9002      	str	r0, [sp, #8]
10004632:	9300      	str	r3, [sp, #0]
10004634:	4803      	ldr	r0, [pc, #12]	; (10004644 <vfctprintf+0x1c>)
10004636:	0013      	movs	r3, r2
10004638:	424a      	negs	r2, r1
1000463a:	a902      	add	r1, sp, #8
1000463c:	f7ff fa72 	bl	10003b24 <_vsnprintf>
10004640:	b005      	add	sp, #20
10004642:	bd00      	pop	{pc}
10004644:	10003331 	.word	0x10003331

10004648 <weak_raw_vprintf>:
10004648:	b510      	push	{r4, lr}
1000464a:	4a09      	ldr	r2, [pc, #36]	; (10004670 <weak_raw_vprintf+0x28>)
1000464c:	0003      	movs	r3, r0
1000464e:	6814      	ldr	r4, [r2, #0]
10004650:	b084      	sub	sp, #16
10004652:	2c00      	cmp	r4, #0
10004654:	d008      	beq.n	10004668 <weak_raw_vprintf+0x20>
10004656:	2201      	movs	r2, #1
10004658:	9100      	str	r1, [sp, #0]
1000465a:	4806      	ldr	r0, [pc, #24]	; (10004674 <weak_raw_vprintf+0x2c>)
1000465c:	4252      	negs	r2, r2
1000465e:	a903      	add	r1, sp, #12
10004660:	47a0      	blx	r4
10004662:	2001      	movs	r0, #1
10004664:	b004      	add	sp, #16
10004666:	bd10      	pop	{r4, pc}
10004668:	f000 f9a0 	bl	100049ac <__wrap_puts>
1000466c:	2000      	movs	r0, #0
1000466e:	e7f9      	b.n	10004664 <weak_raw_vprintf+0x1c>
10004670:	20000634 	.word	0x20000634
10004674:	10003321 	.word	0x10003321

10004678 <_exit>:
10004678:	be00      	bkpt	0x0000
1000467a:	e7fd      	b.n	10004678 <_exit>

1000467c <exit>:
1000467c:	b510      	push	{r4, lr}
1000467e:	f7ff fffb 	bl	10004678 <_exit>
10004682:	46c0      	nop			; (mov r8, r8)

10004684 <runtime_init>:
10004684:	b570      	push	{r4, r5, r6, lr}
10004686:	f7fd fca9 	bl	10001fdc <runtime_run_initializers>
1000468a:	4d07      	ldr	r5, [pc, #28]	; (100046a8 <runtime_init+0x24>)
1000468c:	4e07      	ldr	r6, [pc, #28]	; (100046ac <runtime_init+0x28>)
1000468e:	42b5      	cmp	r5, r6
10004690:	d209      	bcs.n	100046a6 <runtime_init+0x22>
10004692:	2400      	movs	r4, #0
10004694:	3e01      	subs	r6, #1
10004696:	1b76      	subs	r6, r6, r5
10004698:	08b6      	lsrs	r6, r6, #2
1000469a:	cd08      	ldmia	r5!, {r3}
1000469c:	4798      	blx	r3
1000469e:	0023      	movs	r3, r4
100046a0:	3401      	adds	r4, #1
100046a2:	42b3      	cmp	r3, r6
100046a4:	d1f9      	bne.n	1000469a <runtime_init+0x16>
100046a6:	bd70      	pop	{r4, r5, r6, pc}
100046a8:	10005094 	.word	0x10005094
100046ac:	10005098 	.word	0x10005098

100046b0 <stdio_out_chars_no_crlf>:
100046b0:	0003      	movs	r3, r0
100046b2:	b510      	push	{r4, lr}
100046b4:	0008      	movs	r0, r1
100046b6:	0011      	movs	r1, r2
100046b8:	681b      	ldr	r3, [r3, #0]
100046ba:	4798      	blx	r3
100046bc:	bd10      	pop	{r4, pc}
100046be:	46c0      	nop			; (mov r8, r8)

100046c0 <stdio_out_chars_crlf>:
100046c0:	b5f0      	push	{r4, r5, r6, r7, lr}
100046c2:	4646      	mov	r6, r8
100046c4:	464f      	mov	r7, r9
100046c6:	46d6      	mov	lr, sl
100046c8:	b5c0      	push	{r6, r7, lr}
100046ca:	7d43      	ldrb	r3, [r0, #21]
100046cc:	4680      	mov	r8, r0
100046ce:	000e      	movs	r6, r1
100046d0:	0017      	movs	r7, r2
100046d2:	2b00      	cmp	r3, #0
100046d4:	d046      	beq.n	10004764 <stdio_out_chars_crlf+0xa4>
100046d6:	2a00      	cmp	r2, #0
100046d8:	dd3f      	ble.n	1000475a <stdio_out_chars_crlf+0x9a>
100046da:	1e4b      	subs	r3, r1, #1
100046dc:	4699      	mov	r9, r3
100046de:	4b24      	ldr	r3, [pc, #144]	; (10004770 <stdio_out_chars_crlf+0xb0>)
100046e0:	2501      	movs	r5, #1
100046e2:	2400      	movs	r4, #0
100046e4:	2000      	movs	r0, #0
100046e6:	469a      	mov	sl, r3
100046e8:	e00d      	b.n	10004706 <stdio_out_chars_crlf+0x46>
100046ea:	464b      	mov	r3, r9
100046ec:	5d1b      	ldrb	r3, [r3, r4]
100046ee:	3b0d      	subs	r3, #13
100046f0:	425a      	negs	r2, r3
100046f2:	4153      	adcs	r3, r2
100046f4:	5d32      	ldrb	r2, [r6, r4]
100046f6:	b2db      	uxtb	r3, r3
100046f8:	2a0a      	cmp	r2, #10
100046fa:	d00b      	beq.n	10004714 <stdio_out_chars_crlf+0x54>
100046fc:	002b      	movs	r3, r5
100046fe:	3401      	adds	r4, #1
10004700:	3501      	adds	r5, #1
10004702:	429f      	cmp	r7, r3
10004704:	dd1a      	ble.n	1000473c <stdio_out_chars_crlf+0x7c>
10004706:	2c00      	cmp	r4, #0
10004708:	d1ef      	bne.n	100046ea <stdio_out_chars_crlf+0x2a>
1000470a:	4643      	mov	r3, r8
1000470c:	5d32      	ldrb	r2, [r6, r4]
1000470e:	7d1b      	ldrb	r3, [r3, #20]
10004710:	2a0a      	cmp	r2, #10
10004712:	d1f3      	bne.n	100046fc <stdio_out_chars_crlf+0x3c>
10004714:	2b00      	cmp	r3, #0
10004716:	d1f1      	bne.n	100046fc <stdio_out_chars_crlf+0x3c>
10004718:	42a0      	cmp	r0, r4
1000471a:	da04      	bge.n	10004726 <stdio_out_chars_crlf+0x66>
1000471c:	4643      	mov	r3, r8
1000471e:	1a21      	subs	r1, r4, r0
10004720:	681b      	ldr	r3, [r3, #0]
10004722:	1830      	adds	r0, r6, r0
10004724:	4798      	blx	r3
10004726:	4643      	mov	r3, r8
10004728:	4650      	mov	r0, sl
1000472a:	681b      	ldr	r3, [r3, #0]
1000472c:	2102      	movs	r1, #2
1000472e:	4798      	blx	r3
10004730:	3401      	adds	r4, #1
10004732:	0028      	movs	r0, r5
10004734:	002b      	movs	r3, r5
10004736:	3501      	adds	r5, #1
10004738:	429f      	cmp	r7, r3
1000473a:	dce4      	bgt.n	10004706 <stdio_out_chars_crlf+0x46>
1000473c:	4287      	cmp	r7, r0
1000473e:	dd04      	ble.n	1000474a <stdio_out_chars_crlf+0x8a>
10004740:	4643      	mov	r3, r8
10004742:	1a39      	subs	r1, r7, r0
10004744:	681b      	ldr	r3, [r3, #0]
10004746:	1830      	adds	r0, r6, r0
10004748:	4798      	blx	r3
1000474a:	19f6      	adds	r6, r6, r7
1000474c:	3e01      	subs	r6, #1
1000474e:	7833      	ldrb	r3, [r6, #0]
10004750:	3b0d      	subs	r3, #13
10004752:	425a      	negs	r2, r3
10004754:	4153      	adcs	r3, r2
10004756:	4642      	mov	r2, r8
10004758:	7513      	strb	r3, [r2, #20]
1000475a:	bce0      	pop	{r5, r6, r7}
1000475c:	46ba      	mov	sl, r7
1000475e:	46b1      	mov	r9, r6
10004760:	46a8      	mov	r8, r5
10004762:	bdf0      	pop	{r4, r5, r6, r7, pc}
10004764:	6803      	ldr	r3, [r0, #0]
10004766:	0011      	movs	r1, r2
10004768:	0030      	movs	r0, r6
1000476a:	4798      	blx	r3
1000476c:	e7f5      	b.n	1000475a <stdio_out_chars_crlf+0x9a>
1000476e:	46c0      	nop			; (mov r8, r8)
10004770:	10005720 	.word	0x10005720

10004774 <stdio_buffered_printer>:
10004774:	b5f0      	push	{r4, r5, r6, r7, lr}
10004776:	46c6      	mov	lr, r8
10004778:	000c      	movs	r4, r1
1000477a:	6809      	ldr	r1, [r1, #0]
1000477c:	0006      	movs	r6, r0
1000477e:	b500      	push	{lr}
10004780:	2980      	cmp	r1, #128	; 0x80
10004782:	d006      	beq.n	10004792 <stdio_buffered_printer+0x1e>
10004784:	1c4b      	adds	r3, r1, #1
10004786:	6023      	str	r3, [r4, #0]
10004788:	1864      	adds	r4, r4, r1
1000478a:	7126      	strb	r6, [r4, #4]
1000478c:	bc80      	pop	{r7}
1000478e:	46b8      	mov	r8, r7
10004790:	bdf0      	pop	{r4, r5, r6, r7, pc}
10004792:	4b0f      	ldr	r3, [pc, #60]	; (100047d0 <stdio_buffered_printer+0x5c>)
10004794:	681d      	ldr	r5, [r3, #0]
10004796:	2d00      	cmp	r5, #0
10004798:	d016      	beq.n	100047c8 <stdio_buffered_printer+0x54>
1000479a:	1d23      	adds	r3, r4, #4
1000479c:	4698      	mov	r8, r3
1000479e:	4f0d      	ldr	r7, [pc, #52]	; (100047d4 <stdio_buffered_printer+0x60>)
100047a0:	e002      	b.n	100047a8 <stdio_buffered_printer+0x34>
100047a2:	692d      	ldr	r5, [r5, #16]
100047a4:	2d00      	cmp	r5, #0
100047a6:	d00f      	beq.n	100047c8 <stdio_buffered_printer+0x54>
100047a8:	682b      	ldr	r3, [r5, #0]
100047aa:	2b00      	cmp	r3, #0
100047ac:	d0f9      	beq.n	100047a2 <stdio_buffered_printer+0x2e>
100047ae:	683b      	ldr	r3, [r7, #0]
100047b0:	2b00      	cmp	r3, #0
100047b2:	d001      	beq.n	100047b8 <stdio_buffered_printer+0x44>
100047b4:	42ab      	cmp	r3, r5
100047b6:	d1f4      	bne.n	100047a2 <stdio_buffered_printer+0x2e>
100047b8:	0028      	movs	r0, r5
100047ba:	4641      	mov	r1, r8
100047bc:	6822      	ldr	r2, [r4, #0]
100047be:	f7ff ff7f 	bl	100046c0 <stdio_out_chars_crlf>
100047c2:	692d      	ldr	r5, [r5, #16]
100047c4:	2d00      	cmp	r5, #0
100047c6:	d1ef      	bne.n	100047a8 <stdio_buffered_printer+0x34>
100047c8:	2301      	movs	r3, #1
100047ca:	2100      	movs	r1, #0
100047cc:	e7db      	b.n	10004786 <stdio_buffered_printer+0x12>
100047ce:	46c0      	nop			; (mov r8, r8)
100047d0:	20000624 	.word	0x20000624
100047d4:	20000628 	.word	0x20000628

100047d8 <stdio_put_string>:
100047d8:	b5f0      	push	{r4, r5, r6, r7, lr}
100047da:	46de      	mov	lr, fp
100047dc:	4657      	mov	r7, sl
100047de:	464e      	mov	r6, r9
100047e0:	4645      	mov	r5, r8
100047e2:	b5e0      	push	{r5, r6, r7, lr}
100047e4:	b085      	sub	sp, #20
100047e6:	0017      	movs	r7, r2
100047e8:	001c      	movs	r4, r3
100047ea:	0006      	movs	r6, r0
100047ec:	000d      	movs	r5, r1
100047ee:	f7fd f959 	bl	10001aa4 <time_us_64>
100047f2:	2300      	movs	r3, #0
100047f4:	4a31      	ldr	r2, [pc, #196]	; (100048bc <stdio_put_string+0xe4>)
100047f6:	1812      	adds	r2, r2, r0
100047f8:	414b      	adcs	r3, r1
100047fa:	2b00      	cmp	r3, #0
100047fc:	db59      	blt.n	100048b2 <stdio_put_string+0xda>
100047fe:	4930      	ldr	r1, [pc, #192]	; (100048c0 <stdio_put_string+0xe8>)
10004800:	0008      	movs	r0, r1
10004802:	468a      	mov	sl, r1
10004804:	f000 fc20 	bl	10005048 <__mutex_try_enter_block_until_veneer>
10004808:	9001      	str	r0, [sp, #4]
1000480a:	1c6b      	adds	r3, r5, #1
1000480c:	d103      	bne.n	10004816 <stdio_put_string+0x3e>
1000480e:	0030      	movs	r0, r6
10004810:	f000 fbd0 	bl	10004fb4 <strlen>
10004814:	0005      	movs	r5, r0
10004816:	2c00      	cmp	r4, #0
10004818:	d126      	bne.n	10004868 <stdio_put_string+0x90>
1000481a:	4b2a      	ldr	r3, [pc, #168]	; (100048c4 <stdio_put_string+0xec>)
1000481c:	4698      	mov	r8, r3
1000481e:	4b2a      	ldr	r3, [pc, #168]	; (100048c8 <stdio_put_string+0xf0>)
10004820:	681c      	ldr	r4, [r3, #0]
10004822:	2c00      	cmp	r4, #0
10004824:	d015      	beq.n	10004852 <stdio_put_string+0x7a>
10004826:	2f00      	cmp	r7, #0
10004828:	d121      	bne.n	1000486e <stdio_put_string+0x96>
1000482a:	4f28      	ldr	r7, [pc, #160]	; (100048cc <stdio_put_string+0xf4>)
1000482c:	e002      	b.n	10004834 <stdio_put_string+0x5c>
1000482e:	6924      	ldr	r4, [r4, #16]
10004830:	2c00      	cmp	r4, #0
10004832:	d00e      	beq.n	10004852 <stdio_put_string+0x7a>
10004834:	6823      	ldr	r3, [r4, #0]
10004836:	2b00      	cmp	r3, #0
10004838:	d0f9      	beq.n	1000482e <stdio_put_string+0x56>
1000483a:	683b      	ldr	r3, [r7, #0]
1000483c:	2b00      	cmp	r3, #0
1000483e:	d001      	beq.n	10004844 <stdio_put_string+0x6c>
10004840:	42a3      	cmp	r3, r4
10004842:	d1f4      	bne.n	1000482e <stdio_put_string+0x56>
10004844:	0020      	movs	r0, r4
10004846:	002a      	movs	r2, r5
10004848:	0031      	movs	r1, r6
1000484a:	47c0      	blx	r8
1000484c:	6924      	ldr	r4, [r4, #16]
1000484e:	2c00      	cmp	r4, #0
10004850:	d1f0      	bne.n	10004834 <stdio_put_string+0x5c>
10004852:	9b01      	ldr	r3, [sp, #4]
10004854:	2b00      	cmp	r3, #0
10004856:	d128      	bne.n	100048aa <stdio_put_string+0xd2>
10004858:	0028      	movs	r0, r5
1000485a:	b005      	add	sp, #20
1000485c:	bcf0      	pop	{r4, r5, r6, r7}
1000485e:	46bb      	mov	fp, r7
10004860:	46b2      	mov	sl, r6
10004862:	46a9      	mov	r9, r5
10004864:	46a0      	mov	r8, r4
10004866:	bdf0      	pop	{r4, r5, r6, r7, pc}
10004868:	4b19      	ldr	r3, [pc, #100]	; (100048d0 <stdio_put_string+0xf8>)
1000486a:	4698      	mov	r8, r3
1000486c:	e7d7      	b.n	1000481e <stdio_put_string+0x46>
1000486e:	4b17      	ldr	r3, [pc, #92]	; (100048cc <stdio_put_string+0xf4>)
10004870:	4699      	mov	r9, r3
10004872:	ab02      	add	r3, sp, #8
10004874:	1ddf      	adds	r7, r3, #7
10004876:	230a      	movs	r3, #10
10004878:	469b      	mov	fp, r3
1000487a:	e002      	b.n	10004882 <stdio_put_string+0xaa>
1000487c:	6924      	ldr	r4, [r4, #16]
1000487e:	2c00      	cmp	r4, #0
10004880:	d0e7      	beq.n	10004852 <stdio_put_string+0x7a>
10004882:	6823      	ldr	r3, [r4, #0]
10004884:	2b00      	cmp	r3, #0
10004886:	d0f9      	beq.n	1000487c <stdio_put_string+0xa4>
10004888:	464b      	mov	r3, r9
1000488a:	681b      	ldr	r3, [r3, #0]
1000488c:	2b00      	cmp	r3, #0
1000488e:	d001      	beq.n	10004894 <stdio_put_string+0xbc>
10004890:	42a3      	cmp	r3, r4
10004892:	d1f3      	bne.n	1000487c <stdio_put_string+0xa4>
10004894:	002a      	movs	r2, r5
10004896:	0031      	movs	r1, r6
10004898:	0020      	movs	r0, r4
1000489a:	47c0      	blx	r8
1000489c:	465b      	mov	r3, fp
1000489e:	2201      	movs	r2, #1
100048a0:	0039      	movs	r1, r7
100048a2:	0020      	movs	r0, r4
100048a4:	703b      	strb	r3, [r7, #0]
100048a6:	47c0      	blx	r8
100048a8:	e7e8      	b.n	1000487c <stdio_put_string+0xa4>
100048aa:	4650      	mov	r0, sl
100048ac:	f000 fbb4 	bl	10005018 <__mutex_exit_veneer>
100048b0:	e7d2      	b.n	10004858 <stdio_put_string+0x80>
100048b2:	2201      	movs	r2, #1
100048b4:	4b07      	ldr	r3, [pc, #28]	; (100048d4 <stdio_put_string+0xfc>)
100048b6:	4252      	negs	r2, r2
100048b8:	e7a1      	b.n	100047fe <stdio_put_string+0x26>
100048ba:	46c0      	nop			; (mov r8, r8)
100048bc:	000f4240 	.word	0x000f4240
100048c0:	20000248 	.word	0x20000248
100048c4:	100046b1 	.word	0x100046b1
100048c8:	20000624 	.word	0x20000624
100048cc:	20000628 	.word	0x20000628
100048d0:	100046c1 	.word	0x100046c1
100048d4:	7fffffff 	.word	0x7fffffff

100048d8 <stdio_set_driver_enabled>:
100048d8:	4a0a      	ldr	r2, [pc, #40]	; (10004904 <stdio_set_driver_enabled+0x2c>)
100048da:	6813      	ldr	r3, [r2, #0]
100048dc:	2b00      	cmp	r3, #0
100048de:	d105      	bne.n	100048ec <stdio_set_driver_enabled+0x14>
100048e0:	e00c      	b.n	100048fc <stdio_set_driver_enabled+0x24>
100048e2:	001a      	movs	r2, r3
100048e4:	691b      	ldr	r3, [r3, #16]
100048e6:	3210      	adds	r2, #16
100048e8:	2b00      	cmp	r3, #0
100048ea:	d007      	beq.n	100048fc <stdio_set_driver_enabled+0x24>
100048ec:	4298      	cmp	r0, r3
100048ee:	d1f8      	bne.n	100048e2 <stdio_set_driver_enabled+0xa>
100048f0:	2900      	cmp	r1, #0
100048f2:	d102      	bne.n	100048fa <stdio_set_driver_enabled+0x22>
100048f4:	6903      	ldr	r3, [r0, #16]
100048f6:	6013      	str	r3, [r2, #0]
100048f8:	6101      	str	r1, [r0, #16]
100048fa:	4770      	bx	lr
100048fc:	2900      	cmp	r1, #0
100048fe:	d0fc      	beq.n	100048fa <stdio_set_driver_enabled+0x22>
10004900:	6010      	str	r0, [r2, #0]
10004902:	e7fa      	b.n	100048fa <stdio_set_driver_enabled+0x22>
10004904:	20000624 	.word	0x20000624

10004908 <stdio_init_all>:
10004908:	b510      	push	{r4, lr}
1000490a:	f000 f9af 	bl	10004c6c <stdio_uart_init>
1000490e:	2001      	movs	r0, #1
10004910:	bd10      	pop	{r4, pc}
10004912:	46c0      	nop			; (mov r8, r8)

10004914 <__wrap_putchar>:
10004914:	b5f0      	push	{r4, r5, r6, r7, lr}
10004916:	46ce      	mov	lr, r9
10004918:	4647      	mov	r7, r8
1000491a:	b580      	push	{r7, lr}
1000491c:	b083      	sub	sp, #12
1000491e:	466b      	mov	r3, sp
10004920:	0006      	movs	r6, r0
10004922:	1ddd      	adds	r5, r3, #7
10004924:	7028      	strb	r0, [r5, #0]
10004926:	f7fd f8bd 	bl	10001aa4 <time_us_64>
1000492a:	2300      	movs	r3, #0
1000492c:	4a1a      	ldr	r2, [pc, #104]	; (10004998 <__wrap_putchar+0x84>)
1000492e:	1812      	adds	r2, r2, r0
10004930:	414b      	adcs	r3, r1
10004932:	2b00      	cmp	r3, #0
10004934:	db2b      	blt.n	1000498e <__wrap_putchar+0x7a>
10004936:	4919      	ldr	r1, [pc, #100]	; (1000499c <__wrap_putchar+0x88>)
10004938:	0008      	movs	r0, r1
1000493a:	4688      	mov	r8, r1
1000493c:	f000 fb84 	bl	10005048 <__mutex_try_enter_block_until_veneer>
10004940:	4b17      	ldr	r3, [pc, #92]	; (100049a0 <__wrap_putchar+0x8c>)
10004942:	4681      	mov	r9, r0
10004944:	681c      	ldr	r4, [r3, #0]
10004946:	2c00      	cmp	r4, #0
10004948:	d014      	beq.n	10004974 <__wrap_putchar+0x60>
1000494a:	4f16      	ldr	r7, [pc, #88]	; (100049a4 <__wrap_putchar+0x90>)
1000494c:	e002      	b.n	10004954 <__wrap_putchar+0x40>
1000494e:	6924      	ldr	r4, [r4, #16]
10004950:	2c00      	cmp	r4, #0
10004952:	d00f      	beq.n	10004974 <__wrap_putchar+0x60>
10004954:	6823      	ldr	r3, [r4, #0]
10004956:	2b00      	cmp	r3, #0
10004958:	d0f9      	beq.n	1000494e <__wrap_putchar+0x3a>
1000495a:	683b      	ldr	r3, [r7, #0]
1000495c:	2b00      	cmp	r3, #0
1000495e:	d001      	beq.n	10004964 <__wrap_putchar+0x50>
10004960:	42a3      	cmp	r3, r4
10004962:	d1f4      	bne.n	1000494e <__wrap_putchar+0x3a>
10004964:	0020      	movs	r0, r4
10004966:	2201      	movs	r2, #1
10004968:	0029      	movs	r1, r5
1000496a:	f7ff fea9 	bl	100046c0 <stdio_out_chars_crlf>
1000496e:	6924      	ldr	r4, [r4, #16]
10004970:	2c00      	cmp	r4, #0
10004972:	d1ef      	bne.n	10004954 <__wrap_putchar+0x40>
10004974:	464b      	mov	r3, r9
10004976:	2b00      	cmp	r3, #0
10004978:	d105      	bne.n	10004986 <__wrap_putchar+0x72>
1000497a:	0030      	movs	r0, r6
1000497c:	b003      	add	sp, #12
1000497e:	bcc0      	pop	{r6, r7}
10004980:	46b9      	mov	r9, r7
10004982:	46b0      	mov	r8, r6
10004984:	bdf0      	pop	{r4, r5, r6, r7, pc}
10004986:	4640      	mov	r0, r8
10004988:	f000 fb46 	bl	10005018 <__mutex_exit_veneer>
1000498c:	e7f5      	b.n	1000497a <__wrap_putchar+0x66>
1000498e:	2201      	movs	r2, #1
10004990:	4b05      	ldr	r3, [pc, #20]	; (100049a8 <__wrap_putchar+0x94>)
10004992:	4252      	negs	r2, r2
10004994:	e7cf      	b.n	10004936 <__wrap_putchar+0x22>
10004996:	46c0      	nop			; (mov r8, r8)
10004998:	000f4240 	.word	0x000f4240
1000499c:	20000248 	.word	0x20000248
100049a0:	20000624 	.word	0x20000624
100049a4:	20000628 	.word	0x20000628
100049a8:	7fffffff 	.word	0x7fffffff

100049ac <__wrap_puts>:
100049ac:	b570      	push	{r4, r5, r6, lr}
100049ae:	0004      	movs	r4, r0
100049b0:	f000 fb00 	bl	10004fb4 <strlen>
100049b4:	2301      	movs	r3, #1
100049b6:	0001      	movs	r1, r0
100049b8:	0005      	movs	r5, r0
100049ba:	2201      	movs	r2, #1
100049bc:	0020      	movs	r0, r4
100049be:	f7ff ff0b 	bl	100047d8 <stdio_put_string>
100049c2:	4b08      	ldr	r3, [pc, #32]	; (100049e4 <__wrap_puts+0x38>)
100049c4:	681c      	ldr	r4, [r3, #0]
100049c6:	2c00      	cmp	r4, #0
100049c8:	d006      	beq.n	100049d8 <__wrap_puts+0x2c>
100049ca:	6863      	ldr	r3, [r4, #4]
100049cc:	2b00      	cmp	r3, #0
100049ce:	d005      	beq.n	100049dc <__wrap_puts+0x30>
100049d0:	4798      	blx	r3
100049d2:	6924      	ldr	r4, [r4, #16]
100049d4:	2c00      	cmp	r4, #0
100049d6:	d1f8      	bne.n	100049ca <__wrap_puts+0x1e>
100049d8:	0028      	movs	r0, r5
100049da:	bd70      	pop	{r4, r5, r6, pc}
100049dc:	6924      	ldr	r4, [r4, #16]
100049de:	2c00      	cmp	r4, #0
100049e0:	d1f3      	bne.n	100049ca <__wrap_puts+0x1e>
100049e2:	e7f9      	b.n	100049d8 <__wrap_puts+0x2c>
100049e4:	20000624 	.word	0x20000624

100049e8 <__wrap_vprintf>:
100049e8:	b5f0      	push	{r4, r5, r6, r7, lr}
100049ea:	46ce      	mov	lr, r9
100049ec:	4647      	mov	r7, r8
100049ee:	b580      	push	{r7, lr}
100049f0:	b0a5      	sub	sp, #148	; 0x94
100049f2:	0004      	movs	r4, r0
100049f4:	000d      	movs	r5, r1
100049f6:	f7fd f855 	bl	10001aa4 <time_us_64>
100049fa:	2300      	movs	r3, #0
100049fc:	4a2a      	ldr	r2, [pc, #168]	; (10004aa8 <__wrap_vprintf+0xc0>)
100049fe:	1812      	adds	r2, r2, r0
10004a00:	414b      	adcs	r3, r1
10004a02:	2b00      	cmp	r3, #0
10004a04:	db49      	blt.n	10004a9a <__wrap_vprintf+0xb2>
10004a06:	4e29      	ldr	r6, [pc, #164]	; (10004aac <__wrap_vprintf+0xc4>)
10004a08:	0030      	movs	r0, r6
10004a0a:	f000 fb1d 	bl	10005048 <__mutex_try_enter_block_until_veneer>
10004a0e:	2300      	movs	r3, #0
10004a10:	0007      	movs	r7, r0
10004a12:	9303      	str	r3, [sp, #12]
10004a14:	0022      	movs	r2, r4
10004a16:	002b      	movs	r3, r5
10004a18:	4825      	ldr	r0, [pc, #148]	; (10004ab0 <__wrap_vprintf+0xc8>)
10004a1a:	a903      	add	r1, sp, #12
10004a1c:	f7ff fe04 	bl	10004628 <vfctprintf>
10004a20:	9b03      	ldr	r3, [sp, #12]
10004a22:	4680      	mov	r8, r0
10004a24:	2b00      	cmp	r3, #0
10004a26:	d114      	bne.n	10004a52 <__wrap_vprintf+0x6a>
10004a28:	4b22      	ldr	r3, [pc, #136]	; (10004ab4 <__wrap_vprintf+0xcc>)
10004a2a:	681c      	ldr	r4, [r3, #0]
10004a2c:	2c00      	cmp	r4, #0
10004a2e:	d006      	beq.n	10004a3e <__wrap_vprintf+0x56>
10004a30:	6863      	ldr	r3, [r4, #4]
10004a32:	2b00      	cmp	r3, #0
10004a34:	d00b      	beq.n	10004a4e <__wrap_vprintf+0x66>
10004a36:	4798      	blx	r3
10004a38:	6924      	ldr	r4, [r4, #16]
10004a3a:	2c00      	cmp	r4, #0
10004a3c:	d1f8      	bne.n	10004a30 <__wrap_vprintf+0x48>
10004a3e:	2f00      	cmp	r7, #0
10004a40:	d127      	bne.n	10004a92 <__wrap_vprintf+0xaa>
10004a42:	4640      	mov	r0, r8
10004a44:	b025      	add	sp, #148	; 0x94
10004a46:	bcc0      	pop	{r6, r7}
10004a48:	46b9      	mov	r9, r7
10004a4a:	46b0      	mov	r8, r6
10004a4c:	bdf0      	pop	{r4, r5, r6, r7, pc}
10004a4e:	6924      	ldr	r4, [r4, #16]
10004a50:	e7ec      	b.n	10004a2c <__wrap_vprintf+0x44>
10004a52:	4b18      	ldr	r3, [pc, #96]	; (10004ab4 <__wrap_vprintf+0xcc>)
10004a54:	681d      	ldr	r5, [r3, #0]
10004a56:	4699      	mov	r9, r3
10004a58:	2d00      	cmp	r5, #0
10004a5a:	d022      	beq.n	10004aa2 <__wrap_vprintf+0xba>
10004a5c:	4c16      	ldr	r4, [pc, #88]	; (10004ab8 <__wrap_vprintf+0xd0>)
10004a5e:	e002      	b.n	10004a66 <__wrap_vprintf+0x7e>
10004a60:	692d      	ldr	r5, [r5, #16]
10004a62:	2d00      	cmp	r5, #0
10004a64:	d011      	beq.n	10004a8a <__wrap_vprintf+0xa2>
10004a66:	682b      	ldr	r3, [r5, #0]
10004a68:	2b00      	cmp	r3, #0
10004a6a:	d0f9      	beq.n	10004a60 <__wrap_vprintf+0x78>
10004a6c:	6823      	ldr	r3, [r4, #0]
10004a6e:	2b00      	cmp	r3, #0
10004a70:	d001      	beq.n	10004a76 <__wrap_vprintf+0x8e>
10004a72:	429d      	cmp	r5, r3
10004a74:	d1f4      	bne.n	10004a60 <__wrap_vprintf+0x78>
10004a76:	9b03      	ldr	r3, [sp, #12]
10004a78:	0028      	movs	r0, r5
10004a7a:	001a      	movs	r2, r3
10004a7c:	a904      	add	r1, sp, #16
10004a7e:	9301      	str	r3, [sp, #4]
10004a80:	f7ff fe1e 	bl	100046c0 <stdio_out_chars_crlf>
10004a84:	692d      	ldr	r5, [r5, #16]
10004a86:	2d00      	cmp	r5, #0
10004a88:	d1ed      	bne.n	10004a66 <__wrap_vprintf+0x7e>
10004a8a:	464b      	mov	r3, r9
10004a8c:	9503      	str	r5, [sp, #12]
10004a8e:	681c      	ldr	r4, [r3, #0]
10004a90:	e7cc      	b.n	10004a2c <__wrap_vprintf+0x44>
10004a92:	0030      	movs	r0, r6
10004a94:	f000 fac0 	bl	10005018 <__mutex_exit_veneer>
10004a98:	e7d3      	b.n	10004a42 <__wrap_vprintf+0x5a>
10004a9a:	2201      	movs	r2, #1
10004a9c:	4b07      	ldr	r3, [pc, #28]	; (10004abc <__wrap_vprintf+0xd4>)
10004a9e:	4252      	negs	r2, r2
10004aa0:	e7b1      	b.n	10004a06 <__wrap_vprintf+0x1e>
10004aa2:	9503      	str	r5, [sp, #12]
10004aa4:	e7cb      	b.n	10004a3e <__wrap_vprintf+0x56>
10004aa6:	46c0      	nop			; (mov r8, r8)
10004aa8:	000f4240 	.word	0x000f4240
10004aac:	20000248 	.word	0x20000248
10004ab0:	10004775 	.word	0x10004775
10004ab4:	20000624 	.word	0x20000624
10004ab8:	20000628 	.word	0x20000628
10004abc:	7fffffff 	.word	0x7fffffff

10004ac0 <__wrap_printf>:
10004ac0:	b40f      	push	{r0, r1, r2, r3}
10004ac2:	b500      	push	{lr}
10004ac4:	b083      	sub	sp, #12
10004ac6:	a904      	add	r1, sp, #16
10004ac8:	c901      	ldmia	r1!, {r0}
10004aca:	9101      	str	r1, [sp, #4]
10004acc:	f7ff ff8c 	bl	100049e8 <__wrap_vprintf>
10004ad0:	b003      	add	sp, #12
10004ad2:	bc08      	pop	{r3}
10004ad4:	b004      	add	sp, #16
10004ad6:	4718      	bx	r3

10004ad8 <stdio_uart_out_chars>:
10004ad8:	b5f0      	push	{r4, r5, r6, r7, lr}
10004ada:	1e0d      	subs	r5, r1, #0
10004adc:	dd15      	ble.n	10004b0a <stdio_uart_out_chars+0x32>
10004ade:	4b0e      	ldr	r3, [pc, #56]	; (10004b18 <stdio_uart_out_chars+0x40>)
10004ae0:	270d      	movs	r7, #13
10004ae2:	681a      	ldr	r2, [r3, #0]
10004ae4:	4b0d      	ldr	r3, [pc, #52]	; (10004b1c <stdio_uart_out_chars+0x44>)
10004ae6:	1945      	adds	r5, r0, r5
10004ae8:	18d3      	adds	r3, r2, r3
10004aea:	4259      	negs	r1, r3
10004aec:	414b      	adcs	r3, r1
10004aee:	490c      	ldr	r1, [pc, #48]	; (10004b20 <stdio_uart_out_chars+0x48>)
10004af0:	005b      	lsls	r3, r3, #1
10004af2:	5e5e      	ldrsh	r6, [r3, r1]
10004af4:	2120      	movs	r1, #32
10004af6:	7804      	ldrb	r4, [r0, #0]
10004af8:	42a6      	cmp	r6, r4
10004afa:	d007      	beq.n	10004b0c <stdio_uart_out_chars+0x34>
10004afc:	6993      	ldr	r3, [r2, #24]
10004afe:	4219      	tst	r1, r3
10004b00:	d1fc      	bne.n	10004afc <stdio_uart_out_chars+0x24>
10004b02:	3001      	adds	r0, #1
10004b04:	6014      	str	r4, [r2, #0]
10004b06:	42a8      	cmp	r0, r5
10004b08:	d1f5      	bne.n	10004af6 <stdio_uart_out_chars+0x1e>
10004b0a:	bdf0      	pop	{r4, r5, r6, r7, pc}
10004b0c:	6993      	ldr	r3, [r2, #24]
10004b0e:	4219      	tst	r1, r3
10004b10:	d1fc      	bne.n	10004b0c <stdio_uart_out_chars+0x34>
10004b12:	6017      	str	r7, [r2, #0]
10004b14:	e7f2      	b.n	10004afc <stdio_uart_out_chars+0x24>
10004b16:	46c0      	nop			; (mov r8, r8)
10004b18:	20000658 	.word	0x20000658
10004b1c:	bffc8000 	.word	0xbffc8000
10004b20:	20000650 	.word	0x20000650

10004b24 <stdio_uart_in_chars>:
10004b24:	b530      	push	{r4, r5, lr}
10004b26:	0004      	movs	r4, r0
10004b28:	1e0d      	subs	r5, r1, #0
10004b2a:	dd24      	ble.n	10004b76 <stdio_uart_in_chars+0x52>
10004b2c:	2000      	movs	r0, #0
10004b2e:	2110      	movs	r1, #16
10004b30:	4b1a      	ldr	r3, [pc, #104]	; (10004b9c <stdio_uart_in_chars+0x78>)
10004b32:	3c01      	subs	r4, #1
10004b34:	681a      	ldr	r2, [r3, #0]
10004b36:	6993      	ldr	r3, [r2, #24]
10004b38:	4219      	tst	r1, r3
10004b3a:	d117      	bne.n	10004b6c <stdio_uart_in_chars+0x48>
10004b3c:	3001      	adds	r0, #1
10004b3e:	6993      	ldr	r3, [r2, #24]
10004b40:	4219      	tst	r1, r3
10004b42:	d1fc      	bne.n	10004b3e <stdio_uart_in_chars+0x1a>
10004b44:	6813      	ldr	r3, [r2, #0]
10004b46:	5423      	strb	r3, [r4, r0]
10004b48:	4285      	cmp	r5, r0
10004b4a:	d1f4      	bne.n	10004b36 <stdio_uart_in_chars+0x12>
10004b4c:	4b14      	ldr	r3, [pc, #80]	; (10004ba0 <stdio_uart_in_chars+0x7c>)
10004b4e:	681b      	ldr	r3, [r3, #0]
10004b50:	2b00      	cmp	r3, #0
10004b52:	d00a      	beq.n	10004b6a <stdio_uart_in_chars+0x46>
10004b54:	2350      	movs	r3, #80	; 0x50
10004b56:	6393      	str	r3, [r2, #56]	; 0x38
10004b58:	6b51      	ldr	r1, [r2, #52]	; 0x34
10004b5a:	3b18      	subs	r3, #24
10004b5c:	400b      	ands	r3, r1
10004b5e:	4911      	ldr	r1, [pc, #68]	; (10004ba4 <stdio_uart_in_chars+0x80>)
10004b60:	468c      	mov	ip, r1
10004b62:	4462      	add	r2, ip
10004b64:	6013      	str	r3, [r2, #0]
10004b66:	2800      	cmp	r0, #0
10004b68:	d014      	beq.n	10004b94 <stdio_uart_in_chars+0x70>
10004b6a:	bd30      	pop	{r4, r5, pc}
10004b6c:	4b0c      	ldr	r3, [pc, #48]	; (10004ba0 <stdio_uart_in_chars+0x7c>)
10004b6e:	681b      	ldr	r3, [r3, #0]
10004b70:	2b00      	cmp	r3, #0
10004b72:	d1ef      	bne.n	10004b54 <stdio_uart_in_chars+0x30>
10004b74:	e7f7      	b.n	10004b66 <stdio_uart_in_chars+0x42>
10004b76:	4b0a      	ldr	r3, [pc, #40]	; (10004ba0 <stdio_uart_in_chars+0x7c>)
10004b78:	681b      	ldr	r3, [r3, #0]
10004b7a:	2b00      	cmp	r3, #0
10004b7c:	d00a      	beq.n	10004b94 <stdio_uart_in_chars+0x70>
10004b7e:	2250      	movs	r2, #80	; 0x50
10004b80:	4b06      	ldr	r3, [pc, #24]	; (10004b9c <stdio_uart_in_chars+0x78>)
10004b82:	681b      	ldr	r3, [r3, #0]
10004b84:	639a      	str	r2, [r3, #56]	; 0x38
10004b86:	6b59      	ldr	r1, [r3, #52]	; 0x34
10004b88:	3a18      	subs	r2, #24
10004b8a:	400a      	ands	r2, r1
10004b8c:	4905      	ldr	r1, [pc, #20]	; (10004ba4 <stdio_uart_in_chars+0x80>)
10004b8e:	468c      	mov	ip, r1
10004b90:	4463      	add	r3, ip
10004b92:	601a      	str	r2, [r3, #0]
10004b94:	2003      	movs	r0, #3
10004b96:	4240      	negs	r0, r0
10004b98:	e7e7      	b.n	10004b6a <stdio_uart_in_chars+0x46>
10004b9a:	46c0      	nop			; (mov r8, r8)
10004b9c:	20000658 	.word	0x20000658
10004ba0:	200005f0 	.word	0x200005f0
10004ba4:	00001034 	.word	0x00001034

10004ba8 <on_uart_rx>:
10004ba8:	4b06      	ldr	r3, [pc, #24]	; (10004bc4 <on_uart_rx+0x1c>)
10004baa:	b510      	push	{r4, lr}
10004bac:	681b      	ldr	r3, [r3, #0]
10004bae:	2b00      	cmp	r3, #0
10004bb0:	d006      	beq.n	10004bc0 <on_uart_rx+0x18>
10004bb2:	2100      	movs	r1, #0
10004bb4:	4a04      	ldr	r2, [pc, #16]	; (10004bc8 <on_uart_rx+0x20>)
10004bb6:	6812      	ldr	r2, [r2, #0]
10004bb8:	6391      	str	r1, [r2, #56]	; 0x38
10004bba:	4a04      	ldr	r2, [pc, #16]	; (10004bcc <on_uart_rx+0x24>)
10004bbc:	6810      	ldr	r0, [r2, #0]
10004bbe:	4798      	blx	r3
10004bc0:	bd10      	pop	{r4, pc}
10004bc2:	46c0      	nop			; (mov r8, r8)
10004bc4:	200005f0 	.word	0x200005f0
10004bc8:	20000658 	.word	0x20000658
10004bcc:	200005f4 	.word	0x200005f4

10004bd0 <stdio_uart_out_flush>:
10004bd0:	2208      	movs	r2, #8
10004bd2:	4b03      	ldr	r3, [pc, #12]	; (10004be0 <stdio_uart_out_flush+0x10>)
10004bd4:	6819      	ldr	r1, [r3, #0]
10004bd6:	698b      	ldr	r3, [r1, #24]
10004bd8:	421a      	tst	r2, r3
10004bda:	d1fc      	bne.n	10004bd6 <stdio_uart_out_flush+0x6>
10004bdc:	4770      	bx	lr
10004bde:	46c0      	nop			; (mov r8, r8)
10004be0:	20000658 	.word	0x20000658

10004be4 <stdio_uart_set_chars_available_callback>:
10004be4:	b570      	push	{r4, r5, r6, lr}
10004be6:	4e1b      	ldr	r6, [pc, #108]	; (10004c54 <stdio_uart_set_chars_available_callback+0x70>)
10004be8:	4b1b      	ldr	r3, [pc, #108]	; (10004c58 <stdio_uart_set_chars_available_callback+0x74>)
10004bea:	6832      	ldr	r2, [r6, #0]
10004bec:	0005      	movs	r5, r0
10004bee:	18d3      	adds	r3, r2, r3
10004bf0:	4258      	negs	r0, r3
10004bf2:	4143      	adcs	r3, r0
10004bf4:	3314      	adds	r3, #20
10004bf6:	001c      	movs	r4, r3
10004bf8:	2d00      	cmp	r5, #0
10004bfa:	d004      	beq.n	10004c06 <stdio_uart_set_chars_available_callback+0x22>
10004bfc:	4b17      	ldr	r3, [pc, #92]	; (10004c5c <stdio_uart_set_chars_available_callback+0x78>)
10004bfe:	681a      	ldr	r2, [r3, #0]
10004c00:	2a00      	cmp	r2, #0
10004c02:	d011      	beq.n	10004c28 <stdio_uart_set_chars_available_callback+0x44>
10004c04:	bd70      	pop	{r4, r5, r6, pc}
10004c06:	4e15      	ldr	r6, [pc, #84]	; (10004c5c <stdio_uart_set_chars_available_callback+0x78>)
10004c08:	6833      	ldr	r3, [r6, #0]
10004c0a:	2b00      	cmp	r3, #0
10004c0c:	d0fa      	beq.n	10004c04 <stdio_uart_set_chars_available_callback+0x20>
10004c0e:	2100      	movs	r1, #0
10004c10:	0020      	movs	r0, r4
10004c12:	6395      	str	r5, [r2, #56]	; 0x38
10004c14:	f7fc f9e8 	bl	10000fe8 <irq_set_enabled>
10004c18:	0020      	movs	r0, r4
10004c1a:	4911      	ldr	r1, [pc, #68]	; (10004c60 <stdio_uart_set_chars_available_callback+0x7c>)
10004c1c:	f7fc fa20 	bl	10001060 <irq_remove_handler>
10004c20:	4b10      	ldr	r3, [pc, #64]	; (10004c64 <stdio_uart_set_chars_available_callback+0x80>)
10004c22:	6035      	str	r5, [r6, #0]
10004c24:	601d      	str	r5, [r3, #0]
10004c26:	e7ed      	b.n	10004c04 <stdio_uart_set_chars_available_callback+0x20>
10004c28:	601d      	str	r5, [r3, #0]
10004c2a:	4b0e      	ldr	r3, [pc, #56]	; (10004c64 <stdio_uart_set_chars_available_callback+0x80>)
10004c2c:	0020      	movs	r0, r4
10004c2e:	6019      	str	r1, [r3, #0]
10004c30:	490b      	ldr	r1, [pc, #44]	; (10004c60 <stdio_uart_set_chars_available_callback+0x7c>)
10004c32:	f7fc f9eb 	bl	1000100c <irq_set_exclusive_handler>
10004c36:	2101      	movs	r1, #1
10004c38:	0020      	movs	r0, r4
10004c3a:	f7fc f9d5 	bl	10000fe8 <irq_set_enabled>
10004c3e:	2250      	movs	r2, #80	; 0x50
10004c40:	6833      	ldr	r3, [r6, #0]
10004c42:	639a      	str	r2, [r3, #56]	; 0x38
10004c44:	6b59      	ldr	r1, [r3, #52]	; 0x34
10004c46:	3a18      	subs	r2, #24
10004c48:	400a      	ands	r2, r1
10004c4a:	4907      	ldr	r1, [pc, #28]	; (10004c68 <stdio_uart_set_chars_available_callback+0x84>)
10004c4c:	468c      	mov	ip, r1
10004c4e:	4463      	add	r3, ip
10004c50:	601a      	str	r2, [r3, #0]
10004c52:	e7d7      	b.n	10004c04 <stdio_uart_set_chars_available_callback+0x20>
10004c54:	20000658 	.word	0x20000658
10004c58:	bffc8000 	.word	0xbffc8000
10004c5c:	200005f0 	.word	0x200005f0
10004c60:	10004ba9 	.word	0x10004ba9
10004c64:	200005f4 	.word	0x200005f4
10004c68:	00001034 	.word	0x00001034

10004c6c <stdio_uart_init>:
10004c6c:	4b0d      	ldr	r3, [pc, #52]	; (10004ca4 <stdio_uart_init+0x38>)
10004c6e:	b510      	push	{r4, lr}
10004c70:	781b      	ldrb	r3, [r3, #0]
10004c72:	4b0d      	ldr	r3, [pc, #52]	; (10004ca8 <stdio_uart_init+0x3c>)
10004c74:	4c0d      	ldr	r4, [pc, #52]	; (10004cac <stdio_uart_init+0x40>)
10004c76:	781b      	ldrb	r3, [r3, #0]
10004c78:	4b0d      	ldr	r3, [pc, #52]	; (10004cb0 <stdio_uart_init+0x44>)
10004c7a:	2102      	movs	r1, #2
10004c7c:	781b      	ldrb	r3, [r3, #0]
10004c7e:	4b0d      	ldr	r3, [pc, #52]	; (10004cb4 <stdio_uart_init+0x48>)
10004c80:	2000      	movs	r0, #0
10004c82:	6023      	str	r3, [r4, #0]
10004c84:	f7fc f8e2 	bl	10000e4c <gpio_set_function>
10004c88:	2102      	movs	r1, #2
10004c8a:	2001      	movs	r0, #1
10004c8c:	f7fc f8de 	bl	10000e4c <gpio_set_function>
10004c90:	21e1      	movs	r1, #225	; 0xe1
10004c92:	6820      	ldr	r0, [r4, #0]
10004c94:	0249      	lsls	r1, r1, #9
10004c96:	f7fc ff49 	bl	10001b2c <uart_init>
10004c9a:	2101      	movs	r1, #1
10004c9c:	4806      	ldr	r0, [pc, #24]	; (10004cb8 <stdio_uart_init+0x4c>)
10004c9e:	f7ff fe1b 	bl	100048d8 <stdio_set_driver_enabled>
10004ca2:	bd10      	pop	{r4, pc}
10004ca4:	10005788 	.word	0x10005788
10004ca8:	1000578c 	.word	0x1000578c
10004cac:	20000658 	.word	0x20000658
10004cb0:	10005790 	.word	0x10005790
10004cb4:	40034000 	.word	0x40034000
10004cb8:	20000220 	.word	0x20000220

10004cbc <i2c_read_blocking_internal.constprop.0>:
10004cbc:	b5f0      	push	{r4, r5, r6, r7, lr}
10004cbe:	464e      	mov	r6, r9
10004cc0:	4645      	mov	r5, r8
10004cc2:	46de      	mov	lr, fp
10004cc4:	4657      	mov	r7, sl
10004cc6:	b5e0      	push	{r5, r6, r7, lr}
10004cc8:	b083      	sub	sp, #12
10004cca:	9201      	str	r2, [sp, #4]
10004ccc:	2200      	movs	r2, #0
10004cce:	001e      	movs	r6, r3
10004cd0:	ab0c      	add	r3, sp, #48	; 0x30
10004cd2:	781b      	ldrb	r3, [r3, #0]
10004cd4:	0005      	movs	r5, r0
10004cd6:	4699      	mov	r9, r3
10004cd8:	6803      	ldr	r3, [r0, #0]
10004cda:	66da      	str	r2, [r3, #108]	; 0x6c
10004cdc:	3201      	adds	r2, #1
10004cde:	6059      	str	r1, [r3, #4]
10004ce0:	66da      	str	r2, [r3, #108]	; 0x6c
10004ce2:	2e00      	cmp	r6, #0
10004ce4:	dd42      	ble.n	10004d6c <i2c_read_blocking_internal.constprop.0+0xb0>
10004ce6:	1e72      	subs	r2, r6, #1
10004ce8:	4694      	mov	ip, r2
10004cea:	4649      	mov	r1, r9
10004cec:	2201      	movs	r2, #1
10004cee:	404a      	eors	r2, r1
10004cf0:	0252      	lsls	r2, r2, #9
10004cf2:	4690      	mov	r8, r2
10004cf4:	2280      	movs	r2, #128	; 0x80
10004cf6:	2000      	movs	r0, #0
10004cf8:	2480      	movs	r4, #128	; 0x80
10004cfa:	0052      	lsls	r2, r2, #1
10004cfc:	4692      	mov	sl, r2
10004cfe:	3ac0      	subs	r2, #192	; 0xc0
10004d00:	6f59      	ldr	r1, [r3, #116]	; 0x74
10004d02:	2910      	cmp	r1, #16
10004d04:	d0fc      	beq.n	10004d00 <i2c_read_blocking_internal.constprop.0+0x44>
10004d06:	2800      	cmp	r0, #0
10004d08:	d027      	beq.n	10004d5a <i2c_read_blocking_internal.constprop.0+0x9e>
10004d0a:	2700      	movs	r7, #0
10004d0c:	2180      	movs	r1, #128	; 0x80
10004d0e:	46bb      	mov	fp, r7
10004d10:	0049      	lsls	r1, r1, #1
10004d12:	4584      	cmp	ip, r0
10004d14:	d010      	beq.n	10004d38 <i2c_read_blocking_internal.constprop.0+0x7c>
10004d16:	6119      	str	r1, [r3, #16]
10004d18:	5919      	ldr	r1, [r3, r4]
10004d1a:	6b59      	ldr	r1, [r3, #52]	; 0x34
10004d1c:	420a      	tst	r2, r1
10004d1e:	d011      	beq.n	10004d44 <i2c_read_blocking_internal.constprop.0+0x88>
10004d20:	2001      	movs	r0, #1
10004d22:	6d5b      	ldr	r3, [r3, #84]	; 0x54
10004d24:	4240      	negs	r0, r0
10004d26:	464b      	mov	r3, r9
10004d28:	712b      	strb	r3, [r5, #4]
10004d2a:	b003      	add	sp, #12
10004d2c:	bcf0      	pop	{r4, r5, r6, r7}
10004d2e:	46bb      	mov	fp, r7
10004d30:	46b2      	mov	sl, r6
10004d32:	46a9      	mov	r9, r5
10004d34:	46a0      	mov	r8, r4
10004d36:	bdf0      	pop	{r4, r5, r6, r7, pc}
10004d38:	4647      	mov	r7, r8
10004d3a:	4659      	mov	r1, fp
10004d3c:	4339      	orrs	r1, r7
10004d3e:	4657      	mov	r7, sl
10004d40:	4339      	orrs	r1, r7
10004d42:	e7e8      	b.n	10004d16 <i2c_read_blocking_internal.constprop.0+0x5a>
10004d44:	6f99      	ldr	r1, [r3, #120]	; 0x78
10004d46:	2900      	cmp	r1, #0
10004d48:	d0e6      	beq.n	10004d18 <i2c_read_blocking_internal.constprop.0+0x5c>
10004d4a:	691b      	ldr	r3, [r3, #16]
10004d4c:	9901      	ldr	r1, [sp, #4]
10004d4e:	540b      	strb	r3, [r1, r0]
10004d50:	3001      	adds	r0, #1
10004d52:	4286      	cmp	r6, r0
10004d54:	d0e7      	beq.n	10004d26 <i2c_read_blocking_internal.constprop.0+0x6a>
10004d56:	682b      	ldr	r3, [r5, #0]
10004d58:	e7d2      	b.n	10004d00 <i2c_read_blocking_internal.constprop.0+0x44>
10004d5a:	7929      	ldrb	r1, [r5, #4]
10004d5c:	2900      	cmp	r1, #0
10004d5e:	d0d4      	beq.n	10004d0a <i2c_read_blocking_internal.constprop.0+0x4e>
10004d60:	2780      	movs	r7, #128	; 0x80
10004d62:	21a0      	movs	r1, #160	; 0xa0
10004d64:	00ff      	lsls	r7, r7, #3
10004d66:	46bb      	mov	fp, r7
10004d68:	00c9      	lsls	r1, r1, #3
10004d6a:	e7d2      	b.n	10004d12 <i2c_read_blocking_internal.constprop.0+0x56>
10004d6c:	2000      	movs	r0, #0
10004d6e:	e7da      	b.n	10004d26 <i2c_read_blocking_internal.constprop.0+0x6a>

10004d70 <i2c_write_blocking_internal.constprop.0>:
10004d70:	b5f0      	push	{r4, r5, r6, r7, lr}
10004d72:	4657      	mov	r7, sl
10004d74:	464e      	mov	r6, r9
10004d76:	4645      	mov	r5, r8
10004d78:	46de      	mov	lr, fp
10004d7a:	4690      	mov	r8, r2
10004d7c:	2200      	movs	r2, #0
10004d7e:	b5e0      	push	{r5, r6, r7, lr}
10004d80:	b083      	sub	sp, #12
10004d82:	001e      	movs	r6, r3
10004d84:	ab0c      	add	r3, sp, #48	; 0x30
10004d86:	781b      	ldrb	r3, [r3, #0]
10004d88:	4684      	mov	ip, r0
10004d8a:	469a      	mov	sl, r3
10004d8c:	6803      	ldr	r3, [r0, #0]
10004d8e:	66da      	str	r2, [r3, #108]	; 0x6c
10004d90:	3201      	adds	r2, #1
10004d92:	6059      	str	r1, [r3, #4]
10004d94:	66da      	str	r2, [r3, #108]	; 0x6c
10004d96:	2e00      	cmp	r6, #0
10004d98:	dd4f      	ble.n	10004e3a <i2c_write_blocking_internal.constprop.0+0xca>
10004d9a:	4651      	mov	r1, sl
10004d9c:	404a      	eors	r2, r1
10004d9e:	0252      	lsls	r2, r2, #9
10004da0:	9201      	str	r2, [sp, #4]
10004da2:	2280      	movs	r2, #128	; 0x80
10004da4:	4691      	mov	r9, r2
10004da6:	0032      	movs	r2, r6
10004da8:	2580      	movs	r5, #128	; 0x80
10004daa:	1e77      	subs	r7, r6, #1
10004dac:	2000      	movs	r0, #0
10004dae:	4646      	mov	r6, r8
10004db0:	2110      	movs	r1, #16
10004db2:	4690      	mov	r8, r2
10004db4:	00ad      	lsls	r5, r5, #2
10004db6:	2400      	movs	r4, #0
10004db8:	2800      	cmp	r0, #0
10004dba:	d104      	bne.n	10004dc6 <i2c_write_blocking_internal.constprop.0+0x56>
10004dbc:	4662      	mov	r2, ip
10004dbe:	7914      	ldrb	r4, [r2, #4]
10004dc0:	1e62      	subs	r2, r4, #1
10004dc2:	4194      	sbcs	r4, r2
10004dc4:	02a4      	lsls	r4, r4, #10
10004dc6:	2200      	movs	r2, #0
10004dc8:	4693      	mov	fp, r2
10004dca:	4287      	cmp	r7, r0
10004dcc:	d01a      	beq.n	10004e04 <i2c_write_blocking_internal.constprop.0+0x94>
10004dce:	5c32      	ldrb	r2, [r6, r0]
10004dd0:	4322      	orrs	r2, r4
10004dd2:	465c      	mov	r4, fp
10004dd4:	4322      	orrs	r2, r4
10004dd6:	611a      	str	r2, [r3, #16]
10004dd8:	6b5a      	ldr	r2, [r3, #52]	; 0x34
10004dda:	4211      	tst	r1, r2
10004ddc:	d0fc      	beq.n	10004dd8 <i2c_write_blocking_internal.constprop.0+0x68>
10004dde:	464a      	mov	r2, r9
10004de0:	589c      	ldr	r4, [r3, r2]
10004de2:	2c00      	cmp	r4, #0
10004de4:	d111      	bne.n	10004e0a <i2c_write_blocking_internal.constprop.0+0x9a>
10004de6:	4287      	cmp	r7, r0
10004de8:	d022      	beq.n	10004e30 <i2c_write_blocking_internal.constprop.0+0xc0>
10004dea:	3001      	adds	r0, #1
10004dec:	4580      	cmp	r8, r0
10004dee:	d1e2      	bne.n	10004db6 <i2c_write_blocking_internal.constprop.0+0x46>
10004df0:	4663      	mov	r3, ip
10004df2:	4652      	mov	r2, sl
10004df4:	711a      	strb	r2, [r3, #4]
10004df6:	b003      	add	sp, #12
10004df8:	bcf0      	pop	{r4, r5, r6, r7}
10004dfa:	46bb      	mov	fp, r7
10004dfc:	46b2      	mov	sl, r6
10004dfe:	46a9      	mov	r9, r5
10004e00:	46a0      	mov	r8, r4
10004e02:	bdf0      	pop	{r4, r5, r6, r7, pc}
10004e04:	9a01      	ldr	r2, [sp, #4]
10004e06:	4693      	mov	fp, r2
10004e08:	e7e1      	b.n	10004dce <i2c_write_blocking_internal.constprop.0+0x5e>
10004e0a:	6d5a      	ldr	r2, [r3, #84]	; 0x54
10004e0c:	2201      	movs	r2, #1
10004e0e:	4693      	mov	fp, r2
10004e10:	6b5a      	ldr	r2, [r3, #52]	; 0x34
10004e12:	422a      	tst	r2, r5
10004e14:	d0fc      	beq.n	10004e10 <i2c_write_blocking_internal.constprop.0+0xa0>
10004e16:	6e1a      	ldr	r2, [r3, #96]	; 0x60
10004e18:	465a      	mov	r2, fp
10004e1a:	2a00      	cmp	r2, #0
10004e1c:	d0e5      	beq.n	10004dea <i2c_write_blocking_internal.constprop.0+0x7a>
10004e1e:	2c00      	cmp	r4, #0
10004e20:	d003      	beq.n	10004e2a <i2c_write_blocking_internal.constprop.0+0xba>
10004e22:	07e3      	lsls	r3, r4, #31
10004e24:	d401      	bmi.n	10004e2a <i2c_write_blocking_internal.constprop.0+0xba>
10004e26:	0723      	lsls	r3, r4, #28
10004e28:	d4e2      	bmi.n	10004df0 <i2c_write_blocking_internal.constprop.0+0x80>
10004e2a:	2001      	movs	r0, #1
10004e2c:	4240      	negs	r0, r0
10004e2e:	e7df      	b.n	10004df0 <i2c_write_blocking_internal.constprop.0+0x80>
10004e30:	4652      	mov	r2, sl
10004e32:	2a00      	cmp	r2, #0
10004e34:	d1d9      	bne.n	10004dea <i2c_write_blocking_internal.constprop.0+0x7a>
10004e36:	46d3      	mov	fp, sl
10004e38:	e7ea      	b.n	10004e10 <i2c_write_blocking_internal.constprop.0+0xa0>
10004e3a:	2000      	movs	r0, #0
10004e3c:	e7d8      	b.n	10004df0 <i2c_write_blocking_internal.constprop.0+0x80>
10004e3e:	46c0      	nop			; (mov r8, r8)

10004e40 <i2c_set_baudrate>:
10004e40:	b5f8      	push	{r3, r4, r5, r6, r7, lr}
10004e42:	46de      	mov	lr, fp
10004e44:	4657      	mov	r7, sl
10004e46:	464e      	mov	r6, r9
10004e48:	4645      	mov	r5, r8
10004e4a:	4683      	mov	fp, r0
10004e4c:	b5e0      	push	{r5, r6, r7, lr}
10004e4e:	2005      	movs	r0, #5
10004e50:	000c      	movs	r4, r1
10004e52:	f7fd f817 	bl	10001e84 <clock_get_hz>
10004e56:	0006      	movs	r6, r0
10004e58:	0860      	lsrs	r0, r4, #1
10004e5a:	0021      	movs	r1, r4
10004e5c:	1980      	adds	r0, r0, r6
10004e5e:	f7fd f9bd 	bl	100021dc <__wrap___aeabi_uidiv>
10004e62:	0043      	lsls	r3, r0, #1
10004e64:	4698      	mov	r8, r3
10004e66:	4480      	add	r8, r0
10004e68:	0007      	movs	r7, r0
10004e6a:	2105      	movs	r1, #5
10004e6c:	4640      	mov	r0, r8
10004e6e:	f7fd f9b5 	bl	100021dc <__wrap___aeabi_uidiv>
10004e72:	1a3b      	subs	r3, r7, r0
10004e74:	469a      	mov	sl, r3
10004e76:	4b1e      	ldr	r3, [pc, #120]	; (10004ef0 <i2c_set_baudrate+0xb0>)
10004e78:	4681      	mov	r9, r0
10004e7a:	0070      	lsls	r0, r6, #1
10004e7c:	1980      	adds	r0, r0, r6
10004e7e:	429c      	cmp	r4, r3
10004e80:	d831      	bhi.n	10004ee6 <i2c_set_baudrate+0xa6>
10004e82:	491c      	ldr	r1, [pc, #112]	; (10004ef4 <i2c_set_baudrate+0xb4>)
10004e84:	f7fd f9aa 	bl	100021dc <__wrap___aeabi_uidiv>
10004e88:	1c45      	adds	r5, r0, #1
10004e8a:	465b      	mov	r3, fp
10004e8c:	681c      	ldr	r4, [r3, #0]
10004e8e:	2300      	movs	r3, #0
10004e90:	2204      	movs	r2, #4
10004e92:	66e3      	str	r3, [r4, #108]	; 0x6c
10004e94:	6823      	ldr	r3, [r4, #0]
10004e96:	2001      	movs	r0, #1
10004e98:	405a      	eors	r2, r3
10004e9a:	2306      	movs	r3, #6
10004e9c:	4013      	ands	r3, r2
10004e9e:	2280      	movs	r2, #128	; 0x80
10004ea0:	0152      	lsls	r2, r2, #5
10004ea2:	18a2      	adds	r2, r4, r2
10004ea4:	6013      	str	r3, [r2, #0]
10004ea6:	4653      	mov	r3, sl
10004ea8:	61e3      	str	r3, [r4, #28]
10004eaa:	464b      	mov	r3, r9
10004eac:	6223      	str	r3, [r4, #32]
10004eae:	4643      	mov	r3, r8
10004eb0:	2b4f      	cmp	r3, #79	; 0x4f
10004eb2:	d903      	bls.n	10004ebc <i2c_set_baudrate+0x7c>
10004eb4:	2150      	movs	r1, #80	; 0x50
10004eb6:	4640      	mov	r0, r8
10004eb8:	f7fd f990 	bl	100021dc <__wrap___aeabi_uidiv>
10004ebc:	23a0      	movs	r3, #160	; 0xa0
10004ebe:	50e0      	str	r0, [r4, r3]
10004ec0:	6fe0      	ldr	r0, [r4, #124]	; 0x7c
10004ec2:	4b0d      	ldr	r3, [pc, #52]	; (10004ef8 <i2c_set_baudrate+0xb8>)
10004ec4:	4045      	eors	r5, r0
10004ec6:	042d      	lsls	r5, r5, #16
10004ec8:	0c2d      	lsrs	r5, r5, #16
10004eca:	18e3      	adds	r3, r4, r3
10004ecc:	601d      	str	r5, [r3, #0]
10004ece:	2301      	movs	r3, #1
10004ed0:	0039      	movs	r1, r7
10004ed2:	0030      	movs	r0, r6
10004ed4:	66e3      	str	r3, [r4, #108]	; 0x6c
10004ed6:	f7fd f981 	bl	100021dc <__wrap___aeabi_uidiv>
10004eda:	bcf0      	pop	{r4, r5, r6, r7}
10004edc:	46bb      	mov	fp, r7
10004ede:	46b2      	mov	sl, r6
10004ee0:	46a9      	mov	r9, r5
10004ee2:	46a0      	mov	r8, r4
10004ee4:	bdf8      	pop	{r3, r4, r5, r6, r7, pc}
10004ee6:	4905      	ldr	r1, [pc, #20]	; (10004efc <i2c_set_baudrate+0xbc>)
10004ee8:	f7fd f978 	bl	100021dc <__wrap___aeabi_uidiv>
10004eec:	1c45      	adds	r5, r0, #1
10004eee:	e7cc      	b.n	10004e8a <i2c_set_baudrate+0x4a>
10004ef0:	000f423f 	.word	0x000f423f
10004ef4:	00989680 	.word	0x00989680
10004ef8:	0000107c 	.word	0x0000107c
10004efc:	017d7840 	.word	0x017d7840

10004f00 <i2c_init>:
10004f00:	4a10      	ldr	r2, [pc, #64]	; (10004f44 <i2c_init+0x44>)
10004f02:	b570      	push	{r4, r5, r6, lr}
10004f04:	1a82      	subs	r2, r0, r2
10004f06:	4253      	negs	r3, r2
10004f08:	415a      	adcs	r2, r3
10004f0a:	2307      	movs	r3, #7
10004f0c:	4252      	negs	r2, r2
10004f0e:	439a      	bics	r2, r3
10004f10:	4b0d      	ldr	r3, [pc, #52]	; (10004f48 <i2c_init+0x48>)
10004f12:	3210      	adds	r2, #16
10004f14:	601a      	str	r2, [r3, #0]
10004f16:	4b0d      	ldr	r3, [pc, #52]	; (10004f4c <i2c_init+0x4c>)
10004f18:	4c0d      	ldr	r4, [pc, #52]	; (10004f50 <i2c_init+0x50>)
10004f1a:	601a      	str	r2, [r3, #0]
10004f1c:	0015      	movs	r5, r2
10004f1e:	6823      	ldr	r3, [r4, #0]
10004f20:	439d      	bics	r5, r3
10004f22:	1e2b      	subs	r3, r5, #0
10004f24:	d1fa      	bne.n	10004f1c <i2c_init+0x1c>
10004f26:	2466      	movs	r4, #102	; 0x66
10004f28:	6802      	ldr	r2, [r0, #0]
10004f2a:	34ff      	adds	r4, #255	; 0xff
10004f2c:	7105      	strb	r5, [r0, #4]
10004f2e:	66d5      	str	r5, [r2, #108]	; 0x6c
10004f30:	6014      	str	r4, [r2, #0]
10004f32:	3c63      	subs	r4, #99	; 0x63
10004f34:	3388      	adds	r3, #136	; 0x88
10004f36:	3cff      	subs	r4, #255	; 0xff
10004f38:	63d5      	str	r5, [r2, #60]	; 0x3c
10004f3a:	6395      	str	r5, [r2, #56]	; 0x38
10004f3c:	50d4      	str	r4, [r2, r3]
10004f3e:	f7ff ff7f 	bl	10004e40 <i2c_set_baudrate>
10004f42:	bd70      	pop	{r4, r5, r6, pc}
10004f44:	20000238 	.word	0x20000238
10004f48:	4000e000 	.word	0x4000e000
10004f4c:	4000f000 	.word	0x4000f000
10004f50:	4000c008 	.word	0x4000c008

10004f54 <i2c_write_blocking>:
10004f54:	b510      	push	{r4, lr}
10004f56:	b082      	sub	sp, #8
10004f58:	ac04      	add	r4, sp, #16
10004f5a:	7824      	ldrb	r4, [r4, #0]
10004f5c:	9400      	str	r4, [sp, #0]
10004f5e:	f7ff ff07 	bl	10004d70 <i2c_write_blocking_internal.constprop.0>
10004f62:	b002      	add	sp, #8
10004f64:	bd10      	pop	{r4, pc}
10004f66:	46c0      	nop			; (mov r8, r8)

10004f68 <i2c_read_blocking>:
10004f68:	b510      	push	{r4, lr}
10004f6a:	b082      	sub	sp, #8
10004f6c:	ac04      	add	r4, sp, #16
10004f6e:	7824      	ldrb	r4, [r4, #0]
10004f70:	9400      	str	r4, [sp, #0]
10004f72:	f7ff fea3 	bl	10004cbc <i2c_read_blocking_internal.constprop.0>
10004f76:	b002      	add	sp, #8
10004f78:	bd10      	pop	{r4, pc}
10004f7a:	46c0      	nop			; (mov r8, r8)

10004f7c <adc_init>:
10004f7c:	2301      	movs	r3, #1
10004f7e:	2101      	movs	r1, #1
10004f80:	4a08      	ldr	r2, [pc, #32]	; (10004fa4 <adc_init+0x28>)
10004f82:	6013      	str	r3, [r2, #0]
10004f84:	4a08      	ldr	r2, [pc, #32]	; (10004fa8 <adc_init+0x2c>)
10004f86:	6013      	str	r3, [r2, #0]
10004f88:	4a08      	ldr	r2, [pc, #32]	; (10004fac <adc_init+0x30>)
10004f8a:	0008      	movs	r0, r1
10004f8c:	6813      	ldr	r3, [r2, #0]
10004f8e:	4398      	bics	r0, r3
10004f90:	d1fb      	bne.n	10004f8a <adc_init+0xe>
10004f92:	4a07      	ldr	r2, [pc, #28]	; (10004fb0 <adc_init+0x34>)
10004f94:	6011      	str	r1, [r2, #0]
10004f96:	2180      	movs	r1, #128	; 0x80
10004f98:	0049      	lsls	r1, r1, #1
10004f9a:	6813      	ldr	r3, [r2, #0]
10004f9c:	420b      	tst	r3, r1
10004f9e:	d0fc      	beq.n	10004f9a <adc_init+0x1e>
10004fa0:	4770      	bx	lr
10004fa2:	46c0      	nop			; (mov r8, r8)
10004fa4:	4000e000 	.word	0x4000e000
10004fa8:	4000f000 	.word	0x4000f000
10004fac:	4000c008 	.word	0x4000c008
10004fb0:	4004c000 	.word	0x4004c000

10004fb4 <strlen>:
10004fb4:	b510      	push	{r4, lr}
10004fb6:	0783      	lsls	r3, r0, #30
10004fb8:	d00a      	beq.n	10004fd0 <strlen+0x1c>
10004fba:	0003      	movs	r3, r0
10004fbc:	2103      	movs	r1, #3
10004fbe:	e002      	b.n	10004fc6 <strlen+0x12>
10004fc0:	3301      	adds	r3, #1
10004fc2:	420b      	tst	r3, r1
10004fc4:	d005      	beq.n	10004fd2 <strlen+0x1e>
10004fc6:	781a      	ldrb	r2, [r3, #0]
10004fc8:	2a00      	cmp	r2, #0
10004fca:	d1f9      	bne.n	10004fc0 <strlen+0xc>
10004fcc:	1a18      	subs	r0, r3, r0
10004fce:	bd10      	pop	{r4, pc}
10004fd0:	0003      	movs	r3, r0
10004fd2:	6819      	ldr	r1, [r3, #0]
10004fd4:	4a0c      	ldr	r2, [pc, #48]	; (10005008 <strlen+0x54>)
10004fd6:	4c0d      	ldr	r4, [pc, #52]	; (1000500c <strlen+0x58>)
10004fd8:	188a      	adds	r2, r1, r2
10004fda:	438a      	bics	r2, r1
10004fdc:	4222      	tst	r2, r4
10004fde:	d10f      	bne.n	10005000 <strlen+0x4c>
10004fe0:	6859      	ldr	r1, [r3, #4]
10004fe2:	4a09      	ldr	r2, [pc, #36]	; (10005008 <strlen+0x54>)
10004fe4:	3304      	adds	r3, #4
10004fe6:	188a      	adds	r2, r1, r2
10004fe8:	438a      	bics	r2, r1
10004fea:	4222      	tst	r2, r4
10004fec:	d108      	bne.n	10005000 <strlen+0x4c>
10004fee:	6859      	ldr	r1, [r3, #4]
10004ff0:	4a05      	ldr	r2, [pc, #20]	; (10005008 <strlen+0x54>)
10004ff2:	3304      	adds	r3, #4
10004ff4:	188a      	adds	r2, r1, r2
10004ff6:	438a      	bics	r2, r1
10004ff8:	4222      	tst	r2, r4
10004ffa:	d0f1      	beq.n	10004fe0 <strlen+0x2c>
10004ffc:	e000      	b.n	10005000 <strlen+0x4c>
10004ffe:	3301      	adds	r3, #1
10005000:	781a      	ldrb	r2, [r3, #0]
10005002:	2a00      	cmp	r2, #0
10005004:	d1fb      	bne.n	10004ffe <strlen+0x4a>
10005006:	e7e1      	b.n	10004fcc <strlen+0x18>
10005008:	fefefeff 	.word	0xfefefeff
1000500c:	80808080 	.word	0x80808080

10005010 <_fini>:
10005010:	b5f8      	push	{r3, r4, r5, r6, r7, lr}
10005012:	46c0      	nop			; (mov r8, r8)
10005014:	0000      	movs	r0, r0
	...

10005018 <__mutex_exit_veneer>:
10005018:	b401      	push	{r0}
1000501a:	4802      	ldr	r0, [pc, #8]	; (10005024 <__mutex_exit_veneer+0xc>)
1000501c:	4684      	mov	ip, r0
1000501e:	bc01      	pop	{r0}
10005020:	4760      	bx	ip
10005022:	bf00      	nop
10005024:	2000015d 	.word	0x2000015d

10005028 <____aeabi_ldiv0_veneer>:
10005028:	b401      	push	{r0}
1000502a:	4802      	ldr	r0, [pc, #8]	; (10005034 <____aeabi_ldiv0_veneer+0xc>)
1000502c:	4684      	mov	ip, r0
1000502e:	bc01      	pop	{r0}
10005030:	4760      	bx	ip
10005032:	bf00      	nop
10005034:	20000185 	.word	0x20000185

10005038 <____aeabi_idiv0_veneer>:
10005038:	b401      	push	{r0}
1000503a:	4802      	ldr	r0, [pc, #8]	; (10005044 <____aeabi_idiv0_veneer+0xc>)
1000503c:	4684      	mov	ip, r0
1000503e:	bc01      	pop	{r0}
10005040:	4760      	bx	ip
10005042:	bf00      	nop
10005044:	20000185 	.word	0x20000185

10005048 <__mutex_try_enter_block_until_veneer>:
10005048:	b401      	push	{r0}
1000504a:	4802      	ldr	r0, [pc, #8]	; (10005054 <__mutex_try_enter_block_until_veneer+0xc>)
1000504c:	4684      	mov	ip, r0
1000504e:	bc01      	pop	{r0}
10005050:	4760      	bx	ip
10005052:	bf00      	nop
10005054:	200000c1 	.word	0x200000c1

10005058 <__pre_init_runtime_init_early_resets>:
10005058:	10002005                                . ..

1000505c <__pre_init_runtime_init_usb_power_down>:
1000505c:	10002031 1000217d 10003099 10002839     1 ..}!...0..9(..
1000506c:	10002fd9                                ./..

10005070 <__pre_init_runtime_init_clocks>:
10005070:	100020a5                                . ..

10005074 <__pre_init_runtime_init_post_clock_resets>:
10005074:	1000204d                                M ..

10005078 <__pre_init_runtime_init_rp2040_gpio_ie_disable>:
10005078:	1000206d                                m ..

1000507c <__pre_init_runtime_init_spin_locks_reset>:
1000507c:	10002081                                . ..

10005080 <__pre_init_runtime_init_mutex>:
10005080:	100012e9                                ....

10005084 <__pre_init_runtime_init_install_ram_vector_table>:
10005084:	10002089                                . ..

10005088 <__pre_init_runtime_init_default_alarm_pool>:
10005088:	10001679                                y...

1000508c <__pre_init_first_per_core_initializer>:
1000508c:	10001fcd                                ....

10005090 <__pre_init_runtime_init_per_core_irq_priorities>:
10005090:	10000fc5                                ....

10005094 <__frame_dummy_init_array_entry>:
10005094:	100002fd                                ....

Disassembly of section .data:

200000c0 <mutex_try_enter_block_until>:
200000c0:	b5f0      	push	{r4, r5, r6, r7, lr}
200000c2:	46c6      	mov	lr, r8
200000c4:	0015      	movs	r5, r2
200000c6:	b500      	push	{lr}
200000c8:	0004      	movs	r4, r0
200000ca:	001e      	movs	r6, r3
200000cc:	6802      	ldr	r2, [r0, #0]
200000ce:	f3ef 8110 	mrs	r1, PRIMASK
200000d2:	b672      	cpsid	i
200000d4:	6813      	ldr	r3, [r2, #0]
200000d6:	2b00      	cmp	r3, #0
200000d8:	d0fc      	beq.n	200000d4 <mutex_try_enter_block_until+0x14>
200000da:	f3bf 8f5f 	dmb	sy
200000de:	2304      	movs	r3, #4
200000e0:	56e3      	ldrsb	r3, [r4, r3]
200000e2:	2b00      	cmp	r3, #0
200000e4:	db2d      	blt.n	20000142 <mutex_try_enter_block_until+0x82>
200000e6:	6822      	ldr	r2, [r4, #0]
200000e8:	f3bf 8f5f 	dmb	sy
200000ec:	2000      	movs	r0, #0
200000ee:	6010      	str	r0, [r2, #0]
200000f0:	f381 8810 	msr	PRIMASK, r1
200000f4:	22d0      	movs	r2, #208	; 0xd0
200000f6:	0612      	lsls	r2, r2, #24
200000f8:	7812      	ldrb	r2, [r2, #0]
200000fa:	b252      	sxtb	r2, r2
200000fc:	4690      	mov	r8, r2
200000fe:	429a      	cmp	r2, r3
20000100:	d103      	bne.n	2000010a <mutex_try_enter_block_until+0x4a>
20000102:	2000      	movs	r0, #0
20000104:	bc80      	pop	{r7}
20000106:	46b8      	mov	r8, r7
20000108:	bdf0      	pop	{r4, r5, r6, r7, pc}
2000010a:	2700      	movs	r7, #0
2000010c:	e00b      	b.n	20000126 <mutex_try_enter_block_until+0x66>
2000010e:	6823      	ldr	r3, [r4, #0]
20000110:	f3bf 8f5f 	dmb	sy
20000114:	601f      	str	r7, [r3, #0]
20000116:	f381 8810 	msr	PRIMASK, r1
2000011a:	0028      	movs	r0, r5
2000011c:	0031      	movs	r1, r6
2000011e:	f000 f833 	bl	20000188 <__best_effort_wfe_or_timeout_veneer>
20000122:	2800      	cmp	r0, #0
20000124:	d1ed      	bne.n	20000102 <mutex_try_enter_block_until+0x42>
20000126:	6822      	ldr	r2, [r4, #0]
20000128:	f3ef 8110 	mrs	r1, PRIMASK
2000012c:	b672      	cpsid	i
2000012e:	6813      	ldr	r3, [r2, #0]
20000130:	2b00      	cmp	r3, #0
20000132:	d0fc      	beq.n	2000012e <mutex_try_enter_block_until+0x6e>
20000134:	f3bf 8f5f 	dmb	sy
20000138:	7923      	ldrb	r3, [r4, #4]
2000013a:	2b7f      	cmp	r3, #127	; 0x7f
2000013c:	d9e7      	bls.n	2000010e <mutex_try_enter_block_until+0x4e>
2000013e:	4643      	mov	r3, r8
20000140:	e002      	b.n	20000148 <mutex_try_enter_block_until+0x88>
20000142:	23d0      	movs	r3, #208	; 0xd0
20000144:	061b      	lsls	r3, r3, #24
20000146:	681b      	ldr	r3, [r3, #0]
20000148:	7123      	strb	r3, [r4, #4]
2000014a:	6823      	ldr	r3, [r4, #0]
2000014c:	f3bf 8f5f 	dmb	sy
20000150:	2200      	movs	r2, #0
20000152:	601a      	str	r2, [r3, #0]
20000154:	f381 8810 	msr	PRIMASK, r1
20000158:	2001      	movs	r0, #1
2000015a:	e7d3      	b.n	20000104 <mutex_try_enter_block_until+0x44>

2000015c <mutex_exit>:
2000015c:	6802      	ldr	r2, [r0, #0]
2000015e:	f3ef 8110 	mrs	r1, PRIMASK
20000162:	b672      	cpsid	i
20000164:	6813      	ldr	r3, [r2, #0]
20000166:	2b00      	cmp	r3, #0
20000168:	d0fc      	beq.n	20000164 <mutex_exit+0x8>
2000016a:	f3bf 8f5f 	dmb	sy
2000016e:	23ff      	movs	r3, #255	; 0xff
20000170:	7103      	strb	r3, [r0, #4]
20000172:	6803      	ldr	r3, [r0, #0]
20000174:	f3bf 8f5f 	dmb	sy
20000178:	2200      	movs	r2, #0
2000017a:	601a      	str	r2, [r3, #0]
2000017c:	f381 8810 	msr	PRIMASK, r1
20000180:	bf40      	sev
20000182:	4770      	bx	lr

20000184 <__aeabi_idiv0>:
20000184:	4770      	bx	lr
20000186:	46c0      	nop			; (mov r8, r8)

20000188 <__best_effort_wfe_or_timeout_veneer>:
20000188:	b401      	push	{r0}
2000018a:	4802      	ldr	r0, [pc, #8]	; (20000194 <__best_effort_wfe_or_timeout_veneer+0xc>)
2000018c:	4684      	mov	ip, r0
2000018e:	bc01      	pop	{r0}
20000190:	4760      	bx	ip
20000192:	bf00      	nop
20000194:	10001985 	.word	0x10001985

20000198 <striped_spin_lock_num>:
20000198:	00000010                                ....

2000019c <irq_handler_chain_slots>:
2000019c:	00000000 	.word	0x00000000
200001a0:	00010000 	.word	0x00010000
	...
200001ac:	00020000 	.word	0x00020000
	...
200001b8:	00030000 	.word	0x00030000
	...
200001c4:	00ff0000 	.word	0x00ff0000
200001c8:	00000000 	.word	0x00000000

200001cc <irq_handler_chain_first_slot>:
200001cc:	b501      	push	{r0, lr}
200001ce:	6848      	ldr	r0, [r1, #4]
200001d0:	3101      	adds	r1, #1
200001d2:	468e      	mov	lr, r1
200001d4:	4700      	bx	r0

200001d6 <irq_handler_chain_remove_tail>:
200001d6:	4670      	mov	r0, lr
200001d8:	3809      	subs	r0, #9
200001da:	4901      	ldr	r1, [pc, #4]	; (200001e0 <irq_handler_chain_remove_tail+0xa>)
200001dc:	4788      	blx	r1
200001de:	bd01      	pop	{r0, pc}
200001e0:	10001225 	.word	0x10001225

200001e4 <default_alarm_pool>:
	...
200001f8:	20000250 00000000                       P.. ....

20000200 <aeabi_bits_funcs>:
20000200:	00003350 	.word	0x00003350
20000204:	0000334c 	.word	0x0000334c
20000208:	00003354 	.word	0x00003354
2000020c:	00003352 	.word	0x00003352

20000210 <aeabi_bits_funcs_end>:
20000210:	0000534d 	.word	0x0000534d
20000214:	0000434d 	.word	0x0000434d
20000218:	00003453 	.word	0x00003453
2000021c:	00003443 	.word	0x00003443

20000220 <stdio_uart>:
20000220:	10004ad9 10004bd1 10004b25 10004be5     .J...K..%K...K..
20000230:	00000000 00000100                       ........

20000238 <i2c0_inst>:
20000238:	40044000 00000000                       .@.@....

20000240 <i2c1_inst>:
20000240:	40048000 00000000                       ...@....

20000248 <print_mutex>:
	...
